Date,Open,High,Low,Close,Volume,Dividends,Stock Splits
2020-06-17 00:00:00-04:00,86.30756164374782,86.36831594694858,85.32091235307112,85.44242095947266,114406400,0.0,0.0
2020-06-18 00:00:00-04:00,85.39871125985869,85.89446863409366,84.86650277346662,85.47647857666016,96820400,0.0,0.0
2020-06-19 00:00:00-04:00,86.18363170646789,86.65022062248644,83.87739321224763,84.98798370361328,264476000,0.0,0.0
2020-06-22 00:00:00-04:00,85.3817040287766,87.3550034738647,85.33553014482946,87.21162414550781,135445200,0.0,0.0
2020-06-23 00:00:00-04:00,88.45829429442931,90.4947803881452,88.03787170937105,89.07312774658203,212155600,0.0,0.0
2020-06-24 00:00:00-04:00,88.7013070407747,89.62234460688504,87.12655239933392,87.50080108642578,192623200,0.0,0.0
2020-06-25 00:00:00-04:00,87.65632697012038,88.70129820159251,86.89568177427711,88.66241455078125,137522400,0.0,0.0
2020-06-26 00:00:00-04:00,88.55792788577938,88.77907450051282,85.78995750703652,85.93820190429688,205256800,0.0,0.0
2020-06-29 00:00:00-04:00,85.84585558837018,88.01357302520984,85.3671112421525,87.91879272460938,130646000,0.0,0.0
2020-06-30 00:00:00-04:00,87.50566045318362,88.93946836335702,87.48622233361435,88.65270233154297,140223200,0.0,0.0
2020-07-01 00:00:00-04:00,88.7304656885215,89.2748220077914,88.43641686423359,88.48501586914062,110737200,0.0,0.0
2020-07-02 00:00:00-04:00,89.39390551485566,90.03060958463712,88.37080487027472,88.48501586914062,114041600,0.0,0.0
2020-07-06 00:00:00-04:00,89.91638706165726,91.32102654126581,89.88479363094679,90.85200500488281,118655600,0.0,0.0
2020-07-07 00:00:00-04:00,91.23111377416458,92.01119713048321,90.45832063925833,90.57010650634766,112424400,0.0,0.0
2020-07-08 00:00:00-04:00,91.54946038589766,92.71108256542591,91.46197031782751,92.67948913574219,117092000,0.0,0.0
2020-07-09 00:00:00-04:00,93.5737986064413,93.62726270349853,92.02821230000306,93.07804870605469,125642800,0.0,0.0
2020-07-10 00:00:00-04:00,92.67222323886368,93.2992120729912,92.05982226682518,93.24088287353516,90257200,0.0,0.0
2020-07-13 00:00:00-04:00,94.54830204332501,97.16317034048585,92.59687358818513,92.81072998046875,191649200,0.0,0.0
2020-07-14 00:00:00-04:00,92.19101893190584,94.53856641947361,91.25540846734508,94.34658813476562,170989200,0.0,0.0
2020-07-15 00:00:00-04:00,96.22511971933456,96.47542722006055,93.79494692925732,94.99545288085938,153198000,0.0,0.0
2020-07-16 00:00:00-04:00,93.8654293721476,94.6843964625213,93.22629270528407,93.82654571533203,110577600,0.0,0.0
2020-07-17 00:00:00-04:00,94.27854726393537,94.43407445102358,93.16309153453818,93.63697814941406,92186800,0.0,0.0
2020-07-20 00:00:00-04:00,93.72446644412312,95.74879688151813,93.379378684577,95.61027526855469,90318000,0.0,0.0
2020-07-21 00:00:00-04:00,96.40250793502297,96.47784268487361,94.04038010462556,94.29068756103516,103433200,0.0,0.0
2020-07-22 00:00:00-04:00,93.9917859277632,95.23846569726479,93.90430327124304,94.55558776855469,89001600,0.0,0.0
2020-07-23 00:00:00-04:00,94.2882680485315,94.36603535470661,89.44007797032316,90.25175476074219,197004400,0.0,0.0
2020-07-24 00:00:00-04:00,88.44613797665554,90.37326313898976,86.65509447529368,90.0281753540039,185438800,0.0,0.0
2020-07-27 00:00:00-04:00,91.09258321042107,92.25420534467249,90.86901149818567,92.16185760498047,121214000,0.0,0.0
2020-07-28 00:00:00-04:00,91.73172785652534,91.90913313088771,90.64300783304508,90.64787292480469,103625600,0.0,0.0
2020-07-29 00:00:00-04:00,91.13148971151593,92.57015542560022,91.09503859889124,92.38545989990234,90329200,0.0,0.0
2020-07-30 00:00:00-04:00,91.55677066710048,93.60783733719364,91.14850337011598,93.50334167480469,158130000,0.0,0.0
2020-07-31 00:00:00-04:00,100.01133514701584,103.4427380109372,98.00886768351042,103.29206848144531,374336800,0.0,0.0
2020-08-03 00:00:00-04:00,105.17787905542978,108.51936675829901,104.87897253825906,105.89478302001953,308151200,0.0,0.0
2020-08-04 00:00:00-04:00,106.08432365144441,107.69552926335136,105.36012955059792,106.6019515991211,173071600,0.0,0.0
2020-08-05 00:00:00-04:00,106.32248498790055,107.30913448125898,105.85588858029786,106.98834991455078,121776800,0.0,0.0
2020-08-06 00:00:00-04:00,107.32129786014727,111.2168648469505,106.73076760644739,110.72110748291016,202428800,0.0,0.0
2020-08-07 00:00:00-04:00,110.2415021197791,110.69919956892333,107.40524752399855,108.20378112792969,198045600,0.205,0.0
2020-08-10 00:00:00-04:00,109.65233223130258,110.79657580812425,107.12039705946748,109.77649688720703,212403600,0.0,0.0
2020-08-11 00:00:00-04:00,109.03882559792697,109.53790628694743,106.25125778841227,106.51175689697266,187902400,0.0,0.0
2020-08-12 00:00:00-04:00,107.60486600059996,110.30965976352992,107.41010462326905,110.05159759521484,165598000,0.0,0.0
2020-08-13 00:00:00-04:00,111.43442627597457,113.00471686377213,110.94507845537643,111.9992446899414,210082000,0.0,0.0
2020-08-14 00:00:00-04:00,111.82394347790165,111.98949137768707,110.08566824114567,111.8994140625,165565200,0.0,0.0
2020-08-17 00:00:00-04:00,113.0241661986812,113.04851322391465,110.97914238344337,111.60725402832031,119561600,0.0,0.0
2020-08-18 00:00:00-04:00,111.35896888180658,112.96333955854516,111.02299914006174,112.53729248046875,105633600,0.0,0.0
2020-08-19 00:00:00-04:00,112.94626924012053,114.09537909958976,112.58352304816549,112.678466796875,145538000,0.0,0.0
2020-08-20 00:00:00-04:00,112.71986303729176,115.2931886914799,112.7028193742301,115.17876434326172,126907200,0.0,0.0
2020-08-21 00:00:00-04:00,116.14041187069935,121.59868597251888,116.1282420708619,121.11421203613281,338054800,0.0,0.0
2020-08-24 00:00:00-04:00,125.3284093838819,125.41362769585429,120.69302357078764,122.56275939941406,345937600,0.0,0.0
2020-08-25 00:00:00-04:00,121.43314715380612,121.90301439370454,119.83120611678233,121.55730438232422,211495600,0.0,0.0
2020-08-26 00:00:00-04:00,122.87680969820971,123.66803974764966,121.80803692672502,123.21034240722656,163022400,0.0,0.0
2020-08-27 00:00:00-04:00,123.81414734892694,124.14768014650426,120.59079194716,121.73747253417969,155552400,0.0,0.0
2020-08-28 00:00:00-04:00,122.71369446694932,123.132438062608,121.31626281349656,121.54024505615234,187630000,0.0,0.0
2020-08-31 00:00:00-04:00,124.24016267088327,127.57063079085206,122.7015227453997,125.66193389892578,225702700,0.0,4.0
2020-09-01 00:00:00-04:00,129.28454878420325,131.27115314665346,127.11293080171876,130.66737365722656,151948100,0.0,0.0
2020-09-02 00:00:00-04:00,133.98811771326734,134.36790756368634,123.67534997091076,127.96015930175781,200119000,0.0,0.0
2020-09-03 00:00:00-04:00,123.58771183000317,125.46718052250692,117.34551135279557,117.71556091308594,257599600,0.0,0.0
2020-09-04 00:00:00-04:00,116.92677914209935,120.46174947786696,107.98709503336387,117.7934799194336,332607200,0.0,0.0
2020-09-08 00:00:00-04:00,110.96698542167366,115.87504793239557,109.7302350684399,109.86656951904297,231366600,0.0,0.0
2020-09-09 00:00:00-04:00,114.19032948681344,116.02111152579629,112.24268617440501,114.2487564086914,176940500,0.0,0.0
2020-09-10 00:00:00-04:00,117.20918576977877,117.34552021964375,109.55494626315287,110.51902770996094,182274400,0.0,0.0
2020-09-11 00:00:00-04:00,111.57075280375336,112.21347869736357,107.12038789476668,109.06803131103516,180860300,0.0,0.0
2020-09-14 00:00:00-04:00,111.71684250832044,112.89516604141721,109.84710636140679,112.340087890625,140150100,0.0,0.0
2020-09-15 00:00:00-04:00,115.23232135411556,115.71923219486175,110.6358818287243,112.5153579711914,184642000,0.0,0.0
2020-09-16 00:00:00-04:00,112.21347910439461,112.96331855332305,109.10698546668381,109.19462585449219,154679000,0.0,0.0
2020-09-17 00:00:00-04:00,106.84772755719133,109.26280142604845,105.8641654729451,107.45149230957031,178011000,0.0,0.0
2020-09-18 00:00:00-04:00,107.509932124424,107.97736244484516,103.31275496127046,104.04312133789062,287104900,0.0,0.0
2020-09-21 00:00:00-04:00,101.80332242964299,107.30541657570868,100.40101679009732,107.19829559326172,195713800,0.0,0.0
2020-09-22 00:00:00-04:00,109.73022311017552,109.90551130322969,106.30237419337884,108.88299560546875,183055400,0.0,0.0
2020-09-23 00:00:00-04:00,108.69797818298632,109.17514872406446,103.97493710920857,104.31578063964844,150718700,0.0,0.0
2020-09-24 00:00:00-04:00,102.41683403022385,107.36385041762158,102.25128611202055,105.38699340820312,167743300,0.0,0.0
2020-09-25 00:00:00-04:00,105.591486218956,109.49651327893982,104.85137965372228,109.3406982421875,149981400,0.0,0.0
2020-09-28 00:00:00-04:00,111.99923269077127,112.30111503190352,109.82760709095112,111.9505386352539,137672400,0.0,0.0
2020-09-29 00:00:00-04:00,111.55129711355788,112.2913963783167,110.59694842102935,111.10333251953125,99382200,0.0,0.0
2020-09-30 00:00:00-04:00,110.81117321087004,114.19033573143906,110.64562530338286,112.77828979492188,142675200,0.0,0.0
2020-10-01 00:00:00-04:00,114.56038244447453,114.63828996240579,112.7977675718812,113.73263549804688,116120400,0.0,0.0
2020-10-02 00:00:00-04:00,109.93473092714387,112.3498120079921,109.28227217240111,110.06132507324219,144712000,0.0,0.0
2020-10-05 00:00:00-04:00,110.9280312426724,113.59630056815382,110.57745484315866,113.45022583007812,106243800,0.0,0.0
2020-10-06 00:00:00-04:00,112.67116282600794,113.08017356879807,109.31148107875158,110.19766235351562,161498200,0.0,0.0
2020-10-07 00:00:00-04:00,111.61944100062698,112.52509543882869,111.14226303933226,112.06739807128906,96849000,0.0,0.0
2020-10-08 00:00:00-04:00,113.20676423757683,113.35283896768823,111.59021676910432,111.96027374267578,83477200,0.0,0.0
2020-10-09 00:00:00-04:00,112.26217489170202,113.93714956117775,111.91159845252474,113.9079360961914,100506900,0.0,0.0
2020-10-12 00:00:00-04:00,116.91703480605202,121.90300475026318,116.1574550435818,121.14342498779297,240226800,0.0,0.0
2020-10-13 00:00:00-04:00,121.99064438590798,122.10750566774655,116.5177710390298,117.9298095703125,262330500,0.0,0.0
2020-10-14 00:00:00-04:00,117.8324275512861,119.80928444459767,116.48855625885349,118.0174560546875,150712000,0.0,0.0
2020-10-15 00:00:00-04:00,115.61211517826072,118.02718887052616,115.05703709797092,117.55001831054688,112559200,0.0,0.0
2020-10-16 00:00:00-04:00,118.10509013803102,118.36802614774093,115.69974944089714,115.90425109863281,115393800,0.0,0.0
2020-10-19 00:00:00-04:00,116.81966187710711,117.26761901216874,112.6322326077899,112.94385528564453,120639300,0.0,0.0
2020-10-20 00:00:00-04:00,113.15808815638162,115.86531895269678,112.60301003753486,114.43379974365234,124423700,0.0,0.0
2020-10-21 00:00:00-04:00,113.61577807356772,115.60237527015637,113.40153610682727,113.810546875,89946000,0.0,0.0
2020-10-22 00:00:00-04:00,114.3753655822656,114.94992429837153,111.59023468508376,112.7198715209961,101988000,0.0,0.0
2020-10-23 00:00:00-04:00,113.34313098688261,113.4989460580051,111.28836617190187,112.02847290039062,82572600,0.0,0.0
2020-10-26 00:00:00-04:00,111.02541726060738,113.49892534064216,109.92499395326571,112.03819274902344,111850700,0.0,0.0
2020-10-27 00:00:00-04:00,112.46667230975785,114.20981414129767,111.54154461515651,113.54761505126953,92276800,0.0,0.0
2020-10-28 00:00:00-04:00,112.03817467935494,112.408224201535,108.19157501734169,108.28895568847656,143937800,0.0,0.0
2020-10-29 00:00:00-04:00,109.42836079946737,113.86898592975078,109.2628054431977,112.30113220214844,146129200,0.0,0.0
2020-10-30 00:00:00-04:00,108.15265914020654,109.05831381531041,104.90009752124159,106.01025390625,190272600,0.0,0.0
2020-11-02 00:00:00-05:00,106.25368777978908,107.7825875731632,104.51054602064647,105.9225845336914,122866900,0.0,0.0
2020-11-03 00:00:00-05:00,106.78930929411845,108.57139766071819,105.88365466238004,107.54888916015625,107624400,0.0,0.0
2020-11-04 00:00:00-05:00,111.15201031363652,112.56404883306527,109.40886854661319,111.94080352783203,138235500,0.0,0.0
2020-11-05 00:00:00-05:00,114.86226463381101,116.48855249232687,113.81054286184263,115.91399383544922,126387100,0.0,0.0
2020-11-06 00:00:00-05:00,115.42137214222052,116.27981104293774,113.2850208285467,115.78231048583984,114457900,0.205,0.0
2020-11-09 00:00:00-05:00,117.54796519416685,119.00146077117734,113.20698522415755,113.47036743164062,154515300,0.0,0.0
2020-11-10 00:00:00-05:00,112.719227827361,114.70924480626918,111.33400971509884,113.12893676757812,138023400,0.0,0.0
2020-11-11 00:00:00-05:00,114.31906384026838,116.69928328623824,113.58743745496243,116.56271362304688,112295000,0.0,0.0
2020-11-12 00:00:00-05:00,116.68952534133676,117.57722808905325,115.6652454976375,116.28956604003906,103162300,0.0,0.0
2020-11-13 00:00:00-05:00,116.5139542946611,116.73831557345126,114.98241654393877,116.33836364746094,81581900,0.0,0.0
2020-11-16 00:00:00-05:00,116.00667744857009,118.0259659670156,115.25554430373279,117.35287475585938,91183000,0.0,0.0
2020-11-17 00:00:00-05:00,116.6212556911212,117.71381306126015,116.04570569721825,116.46517181396484,74271000,0.0,0.0
2020-11-18 00:00:00-05:00,115.70427399429921,116.88463032919714,115.10921727569527,115.13848114013672,76322100,0.0,0.0
2020-11-19 00:00:00-05:00,114.70924831286501,116.14323708994871,113.94835813134821,115.73352813720703,74113000,0.0,0.0
2020-11-20 00:00:00-05:00,115.73354084039397,115.86035340373675,114.4166148091823,114.46538543701172,73604300,0.0,0.0
2020-11-23 00:00:00-05:00,114.30929761671617,114.7385207767759,110.96332625053886,111.06087493896484,127959300,0.0,0.0
2020-11-24 00:00:00-05:00,111.11940679633499,113.01187511139322,109.83173735450882,112.3485336303711,113874200,0.0,0.0
2020-11-25 00:00:00-05:00,112.71922520154047,113.88982427274503,112.34852978975202,113.18746185302734,76499200,0.0,0.0
2020-11-27 00:00:00-05:00,113.71424262866907,114.61170248347958,113.37281849287028,113.73374938964844,46691300,0.0,0.0
2020-11-30 00:00:00-05:00,114.10444599903529,118.00645317380616,113.9483621396502,116.13349151611328,169410200,0.0,0.0
2020-12-01 00:00:00-05:00,118.04546262963191,120.44519591505181,117.0699609310472,119.71356964111328,127728200,0.0,0.0
2020-12-02 00:00:00-05:00,119.03072893889201,120.34766235140043,117.92841456031734,120.06476593017578,89004200,0.0,0.0
2020-12-03 00:00:00-05:00,120.49398518452733,120.74761774931302,119.21608014318339,119.9281997680664,78967600,0.0,0.0
2020-12-04 00:00:00-05:00,119.59652058101604,119.85015313585949,118.54297683857845,119.25509643554688,78260400,0.0,0.0
2020-12-07 00:00:00-05:00,119.31362823363807,121.51826448637165,119.25510050455729,120.71835327148438,86712000,0.0,0.0
2020-12-08 00:00:00-05:00,121.32317422873233,121.91823098434014,120.07452554250538,121.33292388916016,82225500,0.0,0.0
2020-12-09 00:00:00-05:00,121.47923011856346,122.86444079891501,118.03571017773018,118.79660034179688,115089200,0.0,0.0
2020-12-10 00:00:00-05:00,117.54796759030177,120.83541135490303,117.20654344679436,120.22084045410156,81312200,0.0,0.0
2020-12-11 00:00:00-05:00,119.4306700888382,119.7525874270328,117.59672962341952,119.41116333007812,86939800,0.0,0.0
2020-12-14 00:00:00-05:00,119.59651146844232,120.32813777119685,118.56248200881195,118.79660034179688,79184500,0.0,0.0
2020-12-15 00:00:00-05:00,121.29388475624879,124.76667606814551,121.08903028060826,124.74716186523438,157243700,0.0,0.0
2020-12-16 00:00:00-05:00,124.28869163586886,125.22516505635238,123.45950912702416,124.67888641357422,98208600,0.0,0.0
2020-12-17 00:00:00-05:00,125.74219366274868,126.40554271976735,124.90326140194693,125.5470962524414,94359800,0.0,0.0
2020-12-18 00:00:00-05:00,125.80071733474844,125.93728698989182,123.03028838222276,123.55706024169922,192541500,0.0,0.0
2020-12-21 00:00:00-05:00,121.95724749910264,125.16664972835389,120.42570977316707,125.08860778808594,121251600,0.0,0.0
2020-12-22 00:00:00-05:00,128.38578029311114,131.11718805054522,126.47379039741485,128.649169921875,168904800,0.0,0.0
2020-12-23 00:00:00-05:00,128.92232344418136,129.18569821705117,127.57612617627443,127.75172424316406,88223700,0.0,0.0
2020-12-24 00:00:00-05:00,128.1028988014902,130.19047198118514,127.88828722259836,128.73696899414062,54930100,0.0,0.0
2020-12-28 00:00:00-05:00,130.70747235611557,133.97539397548348,130.23922084365992,133.34132385253906,124486200,0.0,0.0
2020-12-29 00:00:00-05:00,134.668021314243,135.3898830922379,131.04890322533043,131.56591796875,121047300,0.0,0.0
2020-12-30 00:00:00-05:00,132.25855654199404,132.6585159150223,130.13195454477884,130.44412231445312,96452100,0.0,0.0
2020-12-31 00:00:00-05:00,130.79526248850823,131.4390971472946,128.49307800843255,129.43931579589844,99116600,0.0,0.0
2021-01-04 00:00:00-05:00,130.24901359048766,130.33680518621807,123.65461887853952,126.23970031738281,143301900,0.0,0.0
2021-01-05 00:00:00-05:00,125.732432185154,128.5126183969194,125.28369478714089,127.80049133300781,97664900,0.0,0.0
2021-01-06 00:00:00-05:00,124.59108453530528,127.8395071446875,123.28390832194798,123.49851989746094,155088000,0.0,0.0
2021-01-07 00:00:00-05:00,125.2154100658018,128.40530507940545,124.72765917194701,127.71269226074219,109578200,0.0,0.0
2021-01-08 00:00:00-05:00,129.18566766286617,129.3807798877027,127.03956715442062,128.8149871826172,105158200,0.0,0.0
2021-01-11 00:00:00-05:00,126.0250752376433,126.98106279830377,125.35197663907473,125.8202133178711,100384500,0.0,0.0
2021-01-12 00:00:00-05:00,125.35198453697099,126.51283409054386,123.75216213905773,125.64463806152344,91951100,0.0,0.0
2021-01-13 00:00:00-05:00,125.60560237290161,128.22970451216872,125.34222761254838,127.68342590332031,88636800,0.0,0.0
2021-01-14 00:00:00-05:00,127.59565885633445,127.79075627059156,125.60562652996778,125.75196075439453,90221800,0.0,0.0
2021-01-15 00:00:00-05:00,125.62511371158065,127.02983860800374,123.88872179377304,124.0252914428711,111598500,0.0,0.0
2021-01-19 00:00:00-05:00,124.64963196203902,125.55685647192647,123.83021393599589,124.69841003417969,90757300,0.0,0.0
2021-01-20 00:00:00-05:00,125.50805053058666,129.2442237752779,125.40074474969568,128.7954864501953,104319500,0.0,0.0
2021-01-21 00:00:00-05:00,130.52212439802992,136.2483143489001,130.31726250111956,133.51690673828125,120150900,0.0,0.0
2021-01-22 00:00:00-05:00,132.94138184988222,136.4239303613806,131.71225496139948,135.6630401611328,114459400,0.0,0.0
2021-01-25 00:00:00-05:00,139.5650506326583,141.53555356505598,133.19501014057846,139.41871643066406,157611700,0.0,0.0
2021-01-26 00:00:00-05:00,140.08208578785434,140.7649341749513,137.90670572506042,139.65286254882812,98390600,0.0,0.0
2021-01-27 00:00:00-05:00,139.9162055519511,140.76490217618246,136.9702010537378,138.57977294921875,140843800,0.0,0.0
2021-01-28 00:00:00-05:00,136.10198289742493,138.51147296051485,133.3510613316406,133.73150634765625,142621100,0.0,0.0
2021-01-29 00:00:00-05:00,132.50240567092084,133.39011584373532,127.0200905501982,128.7272186279297,177523800,0.0,0.0
2021-02-01 00:00:00-05:00,130.47336045084296,132.06343308345475,127.72243834178269,130.8538055419922,106239800,0.0,0.0
2021-02-02 00:00:00-05:00,132.40484514955168,132.97063793703109,131.31228797923288,131.6829833984375,83305400,0.0,0.0
2021-02-03 00:00:00-05:00,132.434112108336,132.4438766522119,130.33678930161688,130.65870666503906,89880900,0.0,0.0
2021-02-04 00:00:00-05:00,132.96092211829657,134.03396535939603,131.2928071922982,134.0242156982422,84183100,0.0,0.0
2021-02-05 00:00:00-05:00,134.1854263656403,134.25380579574252,132.72975098520618,133.6090087890625,75693800,0.205,0.0
2021-02-08 00:00:00-05:00,132.89577942302134,133.8043593718813,131.81135394631426,133.75550842285156,71297200,0.0,0.0
2021-02-09 00:00:00-05:00,133.47221241675678,134.703191022344,132.71996427692022,132.8762664794922,76774200,0.0,0.0
2021-02-10 00:00:00-05:00,133.33545130799016,133.83371027926714,131.3033734097846,132.27056884765625,73046600,0.0,0.0
2021-02-11 00:00:00-05:00,132.76877325498876,133.24748871589713,130.6878599207111,132.0165252685547,64280000,0.0,0.0
2021-02-12 00:00:00-05:00,131.2545039467926,132.40730890611044,130.60970715231767,132.25099182128906,60145100,0.0,0.0
2021-02-16 00:00:00-05:00,132.3682407877475,132.87624896678753,129.73043835612683,130.12123107910156,80576300,0.0,0.0
2021-02-17 00:00:00-05:00,128.22589712737312,129.17354875967257,126.48691091509905,127.8253402709961,97918500,0.0,0.0
2021-02-18 00:00:00-05:00,126.22317661311753,127.00474727006973,124.47442549834508,126.721435546875,96856700,0.0,0.0
2021-02-19 00:00:00-05:00,127.23920118949448,127.69837331294384,125.8323772289022,126.87771606445312,87668800,0.0,0.0
2021-02-22 00:00:00-05:00,125.06058423119387,126.73119158884104,122.70611563671171,123.0969009399414,103916400,0.0,0.0
2021-02-23 00:00:00-05:00,120.9085302370277,123.79055826756264,115.66225415226057,122.96014404296875,158273000,0.0,0.0
2021-02-24 00:00:00-05:00,122.0613339874955,122.6670441651076,119.41377438375086,122.46188354492188,111039900,0.0,0.0
2021-02-25 00:00:00-05:00,121.80731459672973,123.54630136895392,117.76270273555825,118.20233154296875,148199500,0.0,0.0
2021-02-26 00:00:00-05:00,119.76546069067267,121.97339123226033,118.40748759144725,118.46611022949219,164560400,0.0,0.0
2021-03-01 00:00:00-05:00,120.89872523618496,124.98241580897377,119.96084511060396,124.84564208984375,116307900,0.0,0.0
2021-03-02 00:00:00-05:00,125.4513804584117,125.75423553632803,122.12971646948624,122.2371826171875,102260900,0.0,0.0
2021-03-03 00:00:00-05:00,121.93429603118649,122.81356095091792,119.03272552287696,119.2476577758789,112966300,0.0,0.0
2021-03-04 00:00:00-05:00,118.94482157612892,120.75219519765207,115.88694096141373,117.36214447021484,178155000,0.0,0.0
2021-03-05 00:00:00-05:00,118.1925717528084,119.13045204315196,114.8611360499832,118.62242889404297,153766600,0.0,0.0
2021-03-08 00:00:00-05:00,118.14372897717995,118.21211585349621,113.53247830668076,113.67902374267578,154376600,0.0,0.0
2021-03-09 00:00:00-05:00,116.28749919238894,119.24768556736947,116.05303097701893,118.30003356933594,129525800,0.0,0.0
2021-03-10 00:00:00-05:00,118.88619883894275,119.35513520480015,116.69780428624436,117.2155990600586,111943300,0.0,0.0
2021-03-11 00:00:00-05:00,119.71660926571059,120.37117029395523,118.46610238977786,119.14997100830078,103026500,0.0,0.0
2021-03-12 00:00:00-05:00,117.62591989887572,118.37817539980497,116.41449226141691,118.24140167236328,88105100,0.0,0.0
2021-03-15 00:00:00-04:00,118.61266679333781,121.14298854077106,117.64547143758236,121.13321685791016,92403800,0.0,0.0
2021-03-16 00:00:00-04:00,122.80380564002117,124.28878824765125,121.8463895081631,122.67680358886719,115227900,0.0,0.0
2021-03-17 00:00:00-04:00,121.19182718884684,122.96012147290102,119.5212199090365,121.88546752929688,111932600,0.0,0.0
2021-03-18 00:00:00-04:00,120.04878306750058,120.34187390478134,117.54776908284731,117.7529296875,121229700,0.0,0.0
2021-03-19 00:00:00-04:00,117.13744953418819,118.63219642756981,116.92251724428318,117.22537231445312,185549500,0.0,0.0
2021-03-22 00:00:00-04:00,117.55754889553958,121.01598672803996,117.48916202259225,120.54704284667969,111912300,0.0,0.0
2021-03-23 00:00:00-04:00,120.4884279986942,121.37745734953342,119.32584370167895,119.71662902832031,95467100,0.0,0.0
2021-03-24 00:00:00-04:00,119.9901461069489,120.06830464318833,117.30350791598646,117.32304382324219,88530500,0.0,0.0
2021-03-25 00:00:00-04:00,116.78575085274012,118.85690787694334,116.25819177713335,117.81155395507812,98844700,0.0,0.0
2021-03-26 00:00:00-04:00,117.57706588103078,118.68103480697057,116.18001359832799,118.41725158691406,94071200,0.0,0.0
2021-03-29 00:00:00-04:00,118.84713597082144,119.75570869039201,117.94833493419104,118.59312438964844,80819200,0.0,0.0
2021-03-30 00:00:00-04:00,117.34261178230456,117.6259309453577,116.12141234859779,117.137451171875,85671900,0.0,0.0
2021-03-31 00:00:00-04:00,118.84713726365028,120.67404695199468,118.35865746187088,119.33561706542969,118323800,0.0,0.0
2021-04-01 00:00:00-04:00,120.8108201276386,121.31883580815018,119.66777180267046,120.16602325439453,75089100,0.0,0.0
2021-04-05 00:00:00-04:00,121.0159873923934,123.253225753395,120.23441673703898,122.99921417236328,88651200,0.0,0.0
2021-04-06 00:00:00-04:00,123.58538215009409,124.20086397868832,122.75496802953083,123.30206298828125,80171300,0.0,0.0
2021-04-07 00:00:00-04:00,122.93082658307411,124.97266854154003,122.25672208309726,124.95313262939453,83466700,0.0,0.0
2021-04-08 00:00:00-04:00,125.97892879329865,127.38575290591113,125.55884334959268,127.3564453125,88844600,0.0,0.0
2021-04-09 00:00:00-04:00,126.80935551775305,129.97469499267643,126.48695706989602,129.9356231689453,106686700,0.0,0.0
2021-04-12 00:00:00-04:00,129.4666782429754,129.78907666965299,127.62022536816302,128.21617126464844,91420000,0.0,0.0
2021-04-13 00:00:00-04:00,129.38851701920058,131.5573682758643,128.89025813953373,131.33265686035156,91266500,0.0,0.0
2021-04-14 00:00:00-04:00,131.83093211613695,131.88954730756276,128.62650578894565,128.98797607421875,87222800,0.0,0.0
2021-04-15 00:00:00-04:00,130.73670629706913,131.88951116512257,130.56084586376303,131.40103149414062,89347100,0.0,0.0
2021-04-16 00:00:00-04:00,131.20569771923246,131.5671680572829,130.20919459783448,131.0689239501953,84922400,0.0,0.0
2021-04-19 00:00:00-04:00,130.43385740885776,132.34870458701315,130.2677760828126,131.73321533203125,94264200,0.0,0.0
2021-04-20 00:00:00-04:00,131.90907172571517,132.40731568848526,128.7730252699242,130.04307556152344,94812300,0.0,0.0
2021-04-21 00:00:00-04:00,129.31038459657415,130.66835796341914,128.27480971487938,130.4241180419922,68847100,0.0,0.0
2021-04-22 00:00:00-04:00,129.97468618567086,131.05911183417535,128.38225232698375,128.90003967285156,84566500,0.0,0.0
2021-04-23 00:00:00-04:00,129.11493838708085,132.00672942641683,129.11493838708085,131.2251739501953,78657500,0.0,0.0
2021-04-26 00:00:00-04:00,131.72343292327406,131.94812940312053,130.48269035616056,131.615966796875,66905100,0.0,0.0
2021-04-27 00:00:00-04:00,131.89930451580292,132.2900972832069,131.02004687677868,131.29359436035156,66015800,0.0,0.0
2021-04-28 00:00:00-04:00,131.21541925511582,131.90906701274747,130.01376332476983,130.5022430419922,107760100,0.0,0.0
2021-04-29 00:00:00-04:00,133.3256706891164,133.91185238072063,129.3982891326952,130.40455627441406,151101000,0.0,0.0
2021-04-30 00:00:00-04:00,128.74372586570195,130.4827126391567,128.05009294639484,128.4311065673828,109839500,0.0,0.0
2021-05-03 00:00:00-04:00,128.99771110163604,130.9809523749812,128.7925579780875,129.48619079589844,75135100,0.0,0.0
2021-05-04 00:00:00-04:00,128.16733051029044,128.4604213676209,123.7807766012576,124.90428161621094,137564700,0.0,0.0
2021-05-05 00:00:00-04:00,126.22317565406054,127.44437513776317,125.02151953611882,125.14852905273438,84000900,0.0,0.0
2021-05-06 00:00:00-04:00,124.94338896526023,126.76053480030498,124.20089742585407,126.75077056884766,78128300,0.0,0.0
2021-05-07 00:00:00-04:00,128.05231814349742,128.45354063496282,126.71159979163384,127.4260025024414,78973300,0.22,0.0
2021-05-10 00:00:00-04:00,126.64307929080063,126.77028959754912,124.0986641002731,124.13780975341797,88071200,0.0,0.0
2021-05-11 00:00:00-04:00,120.85943560539131,123.5702067058758,120.1450405146299,123.21791076660156,126142800,0.0,0.0
2021-05-12 00:00:00-04:00,120.7615847905906,121.97507024694492,119.63617145947643,120.14505004882812,112172300,0.0,0.0
2021-05-13 00:00:00-04:00,121.91635859091211,123.45279014468096,121.60320080499332,122.29801940917969,105861300,0.0,0.0
2021-05-14 00:00:00-04:00,123.55065100975592,125.15558560180872,123.15920190934219,124.72499084472656,81918000,0.0,0.0
2021-05-17 00:00:00-04:00,124.10844907203442,124.21609774874598,122.49372638763057,123.57020568847656,74244600,0.0,0.0
2021-05-18 00:00:00-04:00,123.85400225833865,124.27480867265349,122.11206185786726,122.1805648803711,63342900,0.0,0.0
2021-05-19 00:00:00-04:00,120.526708706034,122.24907261430089,120.23312004612022,122.02399444580078,92612000,0.0,0.0
2021-05-20 00:00:00-04:00,122.55246784212333,124.98922720446888,122.42524258624925,124.5879898071289,76857100,0.0,0.0
2021-05-21 00:00:00-04:00,125.087075294154,125.26322700578169,122.53287920868762,122.74817657470703,79295400,0.0,0.0
2021-05-24 00:00:00-04:00,123.31577808732766,125.20451299175396,123.24727505830785,124.3824691772461,63092900,0.0,0.0
2021-05-25 00:00:00-04:00,125.08708000544519,125.57639697063634,123.61915150868299,124.18675231933594,72009500,0.0,0.0
2021-05-26 00:00:00-04:00,124.2454584329989,124.66626487146893,123.71700331494795,124.13780975341797,56575900,0.0,0.0
2021-05-27 00:00:00-04:00,123.73658094675875,124.91092068620033,122.40565859338099,122.60137939453125,94625600,0.0,0.0
2021-05-28 00:00:00-04:00,122.88519791070377,123.11028358487435,121.88700973155196,121.94572448730469,71311100,0.0,0.0
2021-06-01 00:00:00-04:00,122.40566275113609,122.66988658829085,121.29003772089115,121.62276458740234,67637100,0.0,0.0
2021-06-02 00:00:00-04:00,121.6227639113054,122.56223722280126,121.39768573021556,122.3860855102539,59278900,0.0,0.0
2021-06-03 00:00:00-04:00,122.01421513150538,122.1805785667547,120.49735272094428,120.89859008789062,76229200,0.0,0.0
2021-06-04 00:00:00-04:00,121.41727018347672,123.46258796379897,121.20197278909846,123.19835662841797,75169300,0.0,0.0
2021-06-07 00:00:00-04:00,123.47236136545236,123.61915571337562,122.16101544755143,123.20813751220703,71057600,0.0,0.0
2021-06-08 00:00:00-04:00,123.8931529460045,125.71339218854128,123.5114921670714,124.03015899658203,74403800,0.0,0.0
2021-06-09 00:00:00-04:00,124.49011839698218,125.01857353724075,123.81486891782897,124.41182708740234,56877900,0.0,0.0
2021-06-10 00:00:00-04:00,124.30418997670186,125.44917995366876,123.24728706405148,123.41365051269531,71186400,0.0,0.0
2021-06-11 00:00:00-04:00,123.82465373659475,124.71520055906231,123.40384729220447,124.62712097167969,53522400,0.0,0.0
2021-06-14 00:00:00-04:00,125.08708566547301,127.74892318837932,124.35312138388099,127.6902084350586,96906500,0.0,0.0
2021-06-15 00:00:00-04:00,127.16172980207271,127.80762179662902,126.6234864732758,126.8681411743164,62746300,0.0,0.0
2021-06-16 00:00:00-04:00,127.58252296878575,128.09140890512012,125.71337248582618,127.36722564697266,91815000,0.0,0.0
2021-06-17 00:00:00-04:00,127.02474109836618,129.71594317700723,126.87793929818906,128.97218322753906,96721700,0.0,0.0
2021-06-18 00:00:00-04:00,127.91528613971695,128.69816933296693,127.45533405078574,127.6706314086914,108953300,0.0,0.0
2021-06-21 00:00:00-04:00,127.5140752227446,129.5789621778242,126.44738395822412,129.4713134765625,79663300,0.0,0.0
2021-06-22 00:00:00-04:00,129.30489033805932,131.2131937682729,128.8057852568632,131.11532592773438,74783600,0.0,0.0
2021-06-23 00:00:00-04:00,130.90986486619562,131.4481082905956,130.38140225586088,130.8413543701172,60214200,0.0,0.0
2021-06-24 00:00:00-04:00,131.5753440334125,131.76128406437314,130.08783871827072,130.55758666992188,68711000,0.0,0.0
2021-06-25 00:00:00-04:00,130.60648437847152,131.0272833359651,129.97037313680121,130.2639617919922,70783700,0.0,0.0
2021-06-28 00:00:00-04:00,130.55758148480862,132.35823709699443,130.49886672631996,131.89828491210938,62111300,0.0,0.0
2021-06-29 00:00:00-04:00,131.9178296460844,133.57169796299607,131.47745413113225,133.4151153564453,64556100,0.0,0.0
2021-06-30 00:00:00-04:00,133.25854463136542,134.4720375415212,132.96495595104088,134.0316619873047,63261400,0.0,0.0
2021-07-01 00:00:00-04:00,133.67934909478365,134.39373671805686,132.85729786155665,134.33502197265625,52485800,0.0,0.0
2021-07-02 00:00:00-04:00,134.95157653755047,137.0066827518455,134.80478963619083,136.96754455566406,78852600,0.0,0.0
2021-07-06 00:00:00-04:00,137.07514056705634,140.08927328827994,137.07514056705634,138.9834442138672,108181800,0.0,0.0
2021-07-07 00:00:00-04:00,140.47096680675352,141.7921084496811,139.60979222790235,141.4789581298828,104911600,0.0,0.0
2021-07-08 00:00:00-04:00,138.55287238610808,140.97984319492215,137.66232556002745,140.17738342285156,105575500,0.0,0.0
2021-07-09 00:00:00-04:00,139.6978741376513,142.5358635061349,139.60000625630684,142.00741577148438,99890800,0.0,0.0
2021-07-12 00:00:00-04:00,143.08390667456425,143.1915553739894,140.92115187067475,141.41046142578125,76299700,0.0,0.0
2021-07-13 00:00:00-04:00,140.95048491894528,144.30715565248005,140.55904331544653,142.52606201171875,100827100,0.0,0.0
2021-07-14 00:00:00-04:00,144.9334606673518,146.37203160132475,144.5224276011833,145.96099853515625,127050800,0.0,0.0
2021-07-15 00:00:00-04:00,146.0491189549383,146.79286409061552,143.9450789434474,145.30535888671875,106820300,0.0,0.0
2021-07-16 00:00:00-04:00,145.28578885817765,146.5579816607247,142.76094994985965,143.26004028320312,93251400,0.0,0.0
2021-07-19 00:00:00-04:00,140.676458580126,140.98962377727935,138.6409295962446,139.4042510986328,121434600,0.0,0.0
2021-07-20 00:00:00-04:00,140.39270413849675,143.95487710280224,139.90339458333094,143.02517700195312,96350000,0.0,0.0
2021-07-21 00:00:00-04:00,142.41840870833036,143.0055860270602,141.53765766277516,142.2911834716797,74993500,0.0,0.0
2021-07-22 00:00:00-04:00,142.81965721627964,145.03133074908345,142.6924319696775,143.66127014160156,77338200,0.0,0.0
2021-07-23 00:00:00-04:00,144.3952669689049,145.54024964910673,143.77873209012546,145.3836669921875,71447400,0.0,0.0
2021-07-26 00:00:00-04:00,145.09983651776034,146.6264796970787,144.54201654625697,145.804443359375,72434100,0.0,0.0
2021-07-27 00:00:00-04:00,145.93164237751336,146.0197294253044,142.43798074633216,143.63189697265625,104818600,0.0,0.0
2021-07-28 00:00:00-04:00,141.71379405719455,143.82761436860707,139.49232507438956,141.88015747070312,118931200,0.0,0.0
2021-07-29 00:00:00-04:00,141.5963770040042,143.4166088320994,141.48872832316107,142.52606201171875,56699500,0.0,0.0
2021-07-30 00:00:00-04:00,141.29301163126834,143.2013156357775,141.02878032832388,142.74136352539062,70440600,0.0,0.0
2021-08-02 00:00:00-04:00,143.23069737931422,143.80807908589327,142.14442954077148,142.40866088867188,62880000,0.0,0.0
2021-08-03 00:00:00-04:00,142.6924422849986,144.87475860058453,142.07590750079174,144.2093048095703,64786600,0.0,0.0
2021-08-04 00:00:00-04:00,144.12125552540704,144.63012676419075,143.15241712985784,143.80809020996094,56368300,0.0,0.0
2021-08-05 00:00:00-04:00,143.8374191358459,144.67903208892778,143.04474012018966,143.91571044921875,46397700,0.0,0.0
2021-08-06 00:00:00-04:00,143.43548451999956,144.18034393765785,142.72982193278042,143.2296600341797,54126800,0.22,0.0
2021-08-09 00:00:00-04:00,143.2884893186243,143.77853204198138,142.6220383932189,143.18067932128906,48908700,0.0,0.0
2021-08-10 00:00:00-04:00,143.52364620822885,144.76835831451658,142.40634993433017,142.70037841796875,69023100,0.0,0.0
2021-08-11 00:00:00-04:00,143.14144929737975,143.79810459984787,142.63180079586957,142.95523071289062,48493500,0.0,0.0
2021-08-12 00:00:00-04:00,143.27868396638186,146.08172874886253,142.93564810172333,145.92491149902344,72282600,0.0,0.0
2021-08-13 00:00:00-04:00,146.00327568224543,146.46391686661144,145.31721911667208,146.1306915283203,59375000,0.0,0.0
2021-08-16 00:00:00-04:00,145.58183697281834,148.17907151070028,143.55306855336707,148.11045837402344,103296000,0.0,0.0
2021-08-17 00:00:00-04:00,147.2382019565344,148.65932256875118,146.12090537704304,147.19900512695312,92229700,0.0,0.0
2021-08-18 00:00:00-04:00,146.81676211636082,147.71843868222086,143.23944225684676,143.4452667236328,86326000,0.0,0.0
2021-08-19 00:00:00-04:00,142.14173267222196,145.05258644801074,141.622288795524,143.77847290039062,86960300,0.0,0.0
2021-08-20 00:00:00-04:00,144.50376665433245,145.54265459061057,143.85690682252826,145.23883056640625,60549600,0.0,0.0
2021-08-23 00:00:00-04:00,145.3564331528218,147.19899810848202,144.9447991647322,146.7285614013672,60131800,0.0,0.0
2021-08-24 00:00:00-04:00,146.47373764386114,147.85566143575133,146.17970907783348,146.64035034179688,48606400,0.0,0.0
2021-08-25 00:00:00-04:00,146.8265310214013,147.32638394106021,144.8565655610163,145.40541076660156,58991300,0.0,0.0
2021-08-26 00:00:00-04:00,145.3956270795529,146.1502818209155,144.5723442495669,144.60174560546875,48597200,0.0,0.0
2021-08-27 00:00:00-04:00,144.54293486475237,145.78764703013252,143.90588558238326,145.64064025878906,55802400,0.0,0.0
2021-08-30 00:00:00-04:00,146.03268691419282,150.43327460832862,145.65045430503002,150.0706329345703,90956700,0.0,0.0
2021-08-31 00:00:00-04:00,149.6198232896498,149.7570346314379,148.27709627902888,148.8063507080078,86453100,0.0,0.0
2021-09-01 00:00:00-04:00,149.7864127413778,151.89358979635324,149.30616564221367,149.4727783203125,80313700,0.0,0.0
2021-09-02 00:00:00-04:00,150.80570783515978,151.6387862531272,149.3649813670927,150.590087890625,71115500,0.0,0.0
2021-09-03 00:00:00-04:00,150.6978879757905,151.5505722295667,150.04123271684918,151.22714233398438,57808700,0.0,0.0
2021-09-07 00:00:00-04:00,151.88380185111185,154.12819033773275,151.31535065096162,153.56954956054688,82278300,0.0,0.0
2021-09-08 00:00:00-04:00,153.85376583529663,153.91256855272437,150.91351032460727,152.02101135253906,74420200,0.0,0.0
2021-09-09 00:00:00-04:00,152.39345874260397,153.00110680340413,150.8841191042815,151.00173950195312,57305700,0.0,0.0
2021-09-10 00:00:00-04:00,151.91322443397442,152.38366119968404,145.7386839337395,146.00331115722656,140893200,0.0,0.0
2021-09-13 00:00:00-04:00,147.63020991450378,148.4044704926241,145.78764530922592,146.57171630859375,102404300,0.0,0.0
2021-09-14 00:00:00-04:00,147.35581250665328,148.06147503126564,143.98431710126377,145.1702117919922,109296300,0.0,0.0
2021-09-15 00:00:00-04:00,145.6014620086623,146.4639418122294,143.45507292336683,146.06210327148438,83281300,0.0,0.0
2021-09-16 00:00:00-04:00,145.48383770122956,146.0032816187781,144.28813265765052,145.8268585205078,68034100,0.0,0.0
2021-09-17 00:00:00-04:00,145.85625880651142,145.85625880651142,142.8571861047404,143.15121459960938,129868800,0.0,0.0
2021-09-20 00:00:00-04:00,140.9362730273505,141.95555518736737,138.4566583461915,140.09339904785156,123478900,0.0,0.0
2021-09-21 00:00:00-04:00,141.06366629417695,141.7203365880152,139.93657421115685,140.57362365722656,75834000,0.0,0.0
2021-09-22 00:00:00-04:00,141.57333652119158,143.51390147354562,140.83827245311173,142.94546508789062,76404300,0.0,0.0
2021-09-23 00:00:00-04:00,143.72947595082067,144.15092032629136,142.7395953696922,143.90589904785156,64838200,0.0,0.0
2021-09-24 00:00:00-04:00,142.75922331584852,144.53317525304487,142.66120880736443,143.99412536621094,53477900,0.0,0.0
2021-09-27 00:00:00-04:00,142.57300535364445,143.05325251947903,140.9558706409002,142.47499084472656,74150700,0.0,0.0
2021-09-28 00:00:00-04:00,140.39721878980419,141.86734673524717,138.86828811932986,139.0839080810547,108972300,0.0,0.0
2021-09-29 00:00:00-04:00,139.63270348912113,141.5732674953283,139.2014637199841,139.98553466796875,74602000,0.0,0.0
2021-09-30 00:00:00-04:00,140.79902469310844,141.50468713963937,138.46641744180278,138.68203735351562,89056700,0.0,0.0
2021-10-01 00:00:00-04:00,139.07404883415518,140.07373967348505,136.3396183957321,139.80911254882812,94639600,0.0,0.0
2021-10-04 00:00:00-04:00,138.93688296157117,139.37793329849515,135.516394928842,136.3690643310547,98322000,0.0,0.0
2021-10-05 00:00:00-04:00,136.71205657764799,139.40729022008236,136.58464074716179,138.29978942871094,80861100,0.0,0.0
2021-10-06 00:00:00-04:00,136.69247443763487,139.3190954107542,135.61437481140692,139.17208862304688,83221100,0.0,0.0
2021-10-07 00:00:00-04:00,140.2110011934392,141.34790373522623,139.87777577926832,140.43641662597656,61732700,0.0,0.0
2021-10-08 00:00:00-04:00,141.1616697596059,141.308676557224,139.72094332329533,140.05416870117188,58773200,0.0,0.0
2021-10-11 00:00:00-04:00,139.4367486438447,141.92615888324616,138.98590279714645,139.9659881591797,64452200,0.0,0.0
2021-10-12 00:00:00-04:00,140.37759646472705,140.3972023557475,138.2312075228374,138.6918487548828,73035900,0.0,0.0
2021-10-13 00:00:00-04:00,138.42726603324783,138.5840683300994,136.42788346049886,138.1038360595703,78762700,0.0,0.0
2021-10-14 00:00:00-04:00,139.27988411618807,141.014638805476,138.69182711662617,140.8970184326172,69907100,0.0,0.0
2021-10-15 00:00:00-04:00,140.90683736173654,142.01432334240727,140.6520056675818,141.9555206298828,67940300,0.0,0.0
2021-10-18 00:00:00-04:00,140.59318509735473,143.9156725271783,140.30896703794988,143.63145446777344,85589200,0.0,0.0
2021-10-19 00:00:00-04:00,144.08233605883038,146.1993239178965,143.63150519092176,145.7974853515625,76378900,0.0,0.0
2021-10-20 00:00:00-04:00,145.73867600634514,146.76776852622643,145.17022475769727,146.2875213623047,58418800,0.0,0.0
2021-10-21 00:00:00-04:00,145.84648796823797,146.65996054435885,144.92520541323566,146.50314331054688,61421000,0.0,0.0
2021-10-22 00:00:00-04:00,146.7089824716984,147.1892147352683,145.67988983489477,145.72889709472656,58883400,0.0,0.0
2021-10-25 00:00:00-04:00,145.71903690942145,146.39529798138776,144.68014915737908,145.67984008789062,50720600,0.0,0.0
2021-10-26 00:00:00-04:00,146.3561394633592,147.8360628807674,146.04250498938632,146.34634399414062,60893400,0.0,0.0
2021-10-27 00:00:00-04:00,146.38550388603736,146.7481305695104,145.53283467682837,145.8856658935547,56094900,0.0,0.0
2021-10-28 00:00:00-04:00,146.83638172945626,150.1196583975848,146.7383672208912,149.5316162109375,100077900,0.0,0.0
2021-10-29 00:00:00-04:00,144.2881507382271,146.953983796825,143.49428408381266,146.8167724609375,124953200,0.0,0.0
2021-11-01 00:00:00-04:00,146.02287059210153,146.7187225723951,144.8565670408628,145.99346923828125,74588300,0.0,0.0
2021-11-02 00:00:00-04:00,145.69946274130425,148.55151413172558,145.6896523186095,147.03237915039062,69122000,0.0,0.0
2021-11-03 00:00:00-04:00,147.3949688555201,148.94350480621574,146.8363282339836,148.4730682373047,54511500,0.0,0.0
2021-11-04 00:00:00-04:00,148.56130705778995,149.39437045239575,147.6400246350039,147.9536590576172,60394600,0.0,0.0
2021-11-05 00:00:00-04:00,149.08239818789303,149.38666561598743,147.28622291132336,148.48367309570312,65463900,0.22,0.0
2021-11-08 00:00:00-05:00,148.61128154130913,148.76832763273148,147.38438703345884,147.65921020507812,55020900,0.0,0.0
2021-11-09 00:00:00-05:00,147.42364425293005,148.63090428124968,147.28623266415173,148.02236938476562,56787900,0.0,0.0
2021-11-10 00:00:00-05:00,147.24697984100837,147.35494715999016,145.11709270904024,145.185791015625,65187100,0.0,0.0
2021-11-11 00:00:00-05:00,146.2065975943557,146.6678962336647,144.95024361377995,145.13673400878906,41000000,0.0,0.0
2021-11-12 00:00:00-05:00,145.686322190006,147.6199087069909,144.75388556458995,147.21749877929688,63804000,0.0,0.0
2021-11-15 00:00:00-05:00,147.59049667940786,149.07259482755015,146.66786961475387,147.2273406982422,59222800,0.0,0.0
2021-11-16 00:00:00-05:00,147.16845811789992,148.6898103620709,146.5795427405627,148.2088623046875,59256200,0.0,0.0
2021-11-17 00:00:00-05:00,148.20885284111802,152.13491516803506,148.19904307692684,150.65283203125,88807000,0.0,0.0
2021-11-18 00:00:00-05:00,150.86877998103495,155.7370893093728,150.22097604546676,154.95187377929688,137827700,0.0,0.0
2021-11-19 00:00:00-05:00,154.7359321301873,158.04364996719235,153.63663942388337,157.58233642578125,117305600,0.0,0.0
2021-11-22 00:00:00-05:00,158.6914443472637,162.6371414846842,158.0240208888666,158.0436553955078,117467900,0.0,0.0
2021-11-23 00:00:00-05:00,158.14180469691394,158.8092431604203,156.11988475240108,158.42645263671875,96041900,0.0,0.0
2021-11-24 00:00:00-05:00,157.7786188977565,159.14292486333943,156.68913607799328,158.94662475585938,69463600,0.0,0.0
2021-11-26 00:00:00-05:00,156.62044578974744,157.48416930217962,153.4697742384674,153.9114532470703,76959800,0.0,0.0
2021-11-29 00:00:00-05:00,156.42413217982903,158.21049771270432,155.85485134990412,157.27806091308594,88748200,0.0,0.0
2021-11-30 00:00:00-05:00,157.0326917313919,162.460471991212,156.96397844815215,162.24453735351562,174048100,0.0,0.0
2021-12-01 00:00:00-05:00,164.38420267038478,167.1520834163963,161.48873510059954,161.72430419921875,152052500,0.0,0.0
2021-12-02 00:00:00-05:00,155.80578900771513,161.1648557029123,154.88316196359054,160.7329864501953,136739200,0.0,0.0
2021-12-03 00:00:00-05:00,160.98819200859322,161.9108190637314,156.76767195675856,158.84848022460938,118023100,0.0,0.0
2021-12-06 00:00:00-05:00,161.25320051090569,164.77685309775336,161.24339074597364,162.26417541503906,107497000,0.0,0.0
2021-12-07 00:00:00-05:00,165.95463463960064,168.40842327282738,165.2283078125401,168.01580810546875,120405400,0.0,0.0
2021-12-08 00:00:00-05:00,168.9482820266579,172.7074885052505,167.54470695562583,171.84375,116998900,0.0,0.0
2021-12-09 00:00:00-05:00,171.67686463261586,173.4828493997009,170.7051589812696,171.3333282470703,108923700,0.0,0.0
2021-12-10 00:00:00-05:00,171.971348678727,176.3096456774387,171.4609563916024,176.13296508789062,115402700,0.0,0.0
2021-12-13 00:00:00-05:00,177.77212151103643,178.76346196831642,172.28545225851812,172.4915771484375,153237000,0.0,0.0
2021-12-14 00:00:00-05:00,172.0105821359696,174.4545609913243,169.02678176600017,171.1075897216797,139380400,0.0,0.0
2021-12-15 00:00:00-05:00,171.8732253768577,176.18207896529583,169.12497825280275,175.98577880859375,131063300,0.0,0.0
2021-12-16 00:00:00-05:00,175.96607843297147,177.79169766275191,167.59375333005408,169.07583618164062,150185800,0.0,0.0
2021-12-17 00:00:00-05:00,166.78895245401213,170.26352635111277,166.55339827572786,167.97659301757812,195432700,0.0,0.0
2021-12-20 00:00:00-05:00,165.1694450305174,167.42693392036205,164.3646100212536,166.61227416992188,107499100,0.0,0.0
2021-12-21 00:00:00-05:00,168.38882895375335,169.99851408220792,165.9939282799388,169.7924041748047,91185900,0.0,0.0
2021-12-22 00:00:00-05:00,169.84145550872807,172.60933673314887,168.9679072100419,172.39340209960938,92135300,0.0,0.0
2021-12-23 00:00:00-05:00,172.59951616954052,173.5810317235857,172.03023535098566,173.0215606689453,68356600,0.0,0.0
2021-12-27 00:00:00-05:00,173.81660325556263,177.08505217463284,173.7969837257714,176.99671936035156,74919600,0.0,0.0
2021-12-28 00:00:00-05:00,176.8298657019043,177.97823723210308,175.22999037629228,175.97593688964844,79144300,0.0,0.0
2021-12-29 00:00:00-05:00,176.0151912450478,177.29116449792193,174.84718530534158,176.06427001953125,62348900,0.0,0.0
2021-12-30 00:00:00-05:00,176.15259582853517,177.23226891731628,174.79809958565312,174.90606689453125,59773000,0.0,0.0
2021-12-31 00:00:00-05:00,174.79812762549122,175.91705492574604,173.983467796318,174.28775024414062,64062300,0.0,0.0
2022-01-03 00:00:00-05:00,174.5429172102293,179.49957387951153,174.4251401333062,178.64564514160156,104487900,0.0,0.0
2022-01-04 00:00:00-05:00,179.25420553725706,179.55847298837972,175.80907606705392,176.37835693359375,99310400,0.0,0.0
2022-01-05 00:00:00-05:00,176.29001709220518,176.83966343060843,171.41188337376713,171.68670654296875,94537600,0.0,0.0
2022-01-06 00:00:00-05:00,169.50775193820877,172.05969865170314,168.46734773211566,168.82069396972656,96904000,0.0,0.0
2022-01-07 00:00:00-05:00,169.69422597653536,170.9211204367095,167.86860642072668,168.98753356933594,86709100,0.0,0.0
2022-01-10 00:00:00-05:00,165.95464256744464,169.31142378084766,165.06145986786478,169.0071563720703,106765600,0.0,0.0
2022-01-11 00:00:00-05:00,169.13477238363146,171.9418925722171,167.66249900972133,171.84375,76138300,0.0,0.0
2022-01-12 00:00:00-05:00,172.8645062038037,173.90491024436494,171.58854802680634,172.28541564941406,74805200,0.0,0.0
2022-01-13 00:00:00-05:00,172.5307934232952,173.3552628490283,168.614541185956,169.0071563720703,84505800,0.0,0.0
2022-01-14 00:00:00-05:00,168.17290810016,170.56780897043643,167.92752915815203,169.87094116210938,80440800,0.0,0.0
2022-01-18 00:00:00-05:00,168.33971425733603,169.35067400164021,166.27854073936825,166.6613311767578,90956700,0.0,0.0
2022-01-19 00:00:00-05:00,166.85763576058818,167.9176743026287,162.87268520870163,163.15731811523438,94815000,0.0,0.0
2022-01-20 00:00:00-05:00,163.8934762825247,166.54356549753263,161.14522951347425,161.46913146972656,91420500,0.0,0.0
2022-01-21 00:00:00-05:00,161.38081548046375,163.25551413022995,159.30000691315811,159.40797424316406,122848900,0.0,0.0
2022-01-24 00:00:00-05:00,157.06210684561927,159.29996087836932,151.84043745137762,158.6325225830078,162294600,0.0,0.0
2022-01-25 00:00:00-05:00,156.04132272716996,159.7514499461909,154.11756082376363,156.8265380859375,115798400,0.0,0.0
2022-01-26 00:00:00-05:00,160.47777643261003,161.35132458598716,154.9027758530205,156.7382049560547,108275300,0.0,0.0
2022-01-27 00:00:00-05:00,159.44717659164758,160.81148242302393,155.35425909751854,156.27688598632812,121954600,0.0,0.0
2022-01-28 00:00:00-05:00,162.64695192499494,167.2011835771804,159.79073801782928,167.18154907226562,179935700,0.0,0.0
2022-01-31 00:00:00-05:00,167.0146888598467,171.76522050687674,166.37669476906368,171.54928588867188,115541600,0.0,0.0
2022-02-01 00:00:00-05:00,170.79353091508946,171.6081906924981,169.12495732448602,171.3824462890625,86213900,0.0,0.0
2022-02-02 00:00:00-05:00,171.51985796847407,172.62897543344508,170.1261075578704,172.58970642089844,84914300,0.0,0.0
2022-02-03 00:00:00-05:00,171.25483696595504,172.98231399971922,168.93845956073986,169.70404052734375,89418100,0.0,0.0
2022-02-04 00:00:00-05:00,168.72128157532018,171.09958880025067,167.7385154477962,169.41905212402344,82465400,0.22,0.0
2022-02-07 00:00:00-05:00,169.88094594072888,170.95215737367448,168.00385912062177,168.70162963867188,77251200,0.0,0.0
2022-02-08 00:00:00-05:00,168.77043538223953,172.32805922455944,168.4756025229789,171.8170166015625,74829200,0.0,0.0
2022-02-09 00:00:00-05:00,173.01597239364082,173.60562304759242,171.88578239754793,173.24200439453125,71285000,0.0,0.0
2022-02-10 00:00:00-05:00,171.13887812913805,172.45578102776864,168.59351767675065,169.1536865234375,90865900,0.0,0.0
2022-02-11 00:00:00-05:00,169.3600823732159,170.09715694195197,165.14400744238606,165.73367309570312,98670700,0.0,0.0
2022-02-14 00:00:00-05:00,164.4855419291192,166.65746140454794,163.68950386212114,165.9695281982422,86185500,0.0,0.0
2022-02-15 00:00:00-05:00,168.02352253075418,169.96939522398472,167.31592973397568,169.81214904785156,62527400,0.0,0.0
2022-02-16 00:00:00-05:00,168.88834547600229,170.3526572392932,167.11936365193407,169.57627868652344,61177400,0.0,0.0
2022-02-17 00:00:00-05:00,168.08246911671398,168.9473080022522,165.56659053604196,165.9695281982422,69589300,0.0,0.0
2022-02-18 00:00:00-05:00,166.89332246399607,167.6009001587836,163.32587723184227,164.416748046875,82772700,0.0,0.0
2022-02-22 00:00:00-05:00,162.13677351501823,163.8173104192216,159.35554319733427,161.4881591796875,91162800,0.0,0.0
2022-02-23 00:00:00-05:00,162.68711897669968,163.2866069910588,156.99690896812956,157.3114013671875,90009200,0.0,0.0
2022-02-24 00:00:00-05:00,149.95045639119465,160.04346864256559,149.38045024208816,159.93536376953125,141147500,0.0,0.0
2022-02-25 00:00:00-05:00,161.0163992959612,162.27433874391238,158.097582687372,162.00900268554688,91974200,0.0,0.0
2022-02-28 00:00:00-05:00,160.24982688187194,162.56915531871957,159.63067948265063,162.27432250976562,95056600,0.0,0.0
2022-03-01 00:00:00-05:00,161.86158516779412,163.72884988791748,159.1786377230553,160.38743591308594,83474400,0.0,0.0
2022-03-02 00:00:00-05:00,161.55688346854748,164.4756993508766,160.1416981927737,163.68948364257812,79724800,0.0,0.0
2022-03-03 00:00:00-05:00,165.56660530985462,165.9990247912093,162.69693011047048,163.36520385742188,76678400,0.0,0.0
2022-03-04 00:00:00-05:00,161.65518372489828,162.69691327903544,159.30637359945834,160.35792541503906,83737200,0.0,0.0
2022-03-07 00:00:00-05:00,160.54465401699207,162.17604917250483,156.2990977080652,156.55462646484375,96418800,0.0,0.0
2022-03-08 00:00:00-05:00,156.08289108388198,160.07291833180403,153.11493379768748,154.72666931152344,131148300,0.0,0.0
2022-03-09 00:00:00-05:00,158.69707147174915,160.59381791240634,156.66275336768058,160.14173889160156,91454900,0.0,0.0
2022-03-10 00:00:00-05:00,157.43912578291366,157.62585374072557,153.2918516527838,155.7880859375,105342000,0.0,0.0
2022-03-11 00:00:00-05:00,156.19098370126798,156.53495777871652,151.83733778352595,152.06336975097656,96970100,0.0,0.0
2022-03-14 00:00:00-04:00,148.83992865134607,151.46391244119621,147.51320336208943,148.02423095703125,108732100,0.0,0.0
2022-03-15 00:00:00-04:00,148.29939820148408,152.88892907582556,147.78837062747488,152.4171905517578,92964300,0.0,0.0
2022-03-16 00:00:00-04:00,154.34344099306256,157.24259840193366,151.79808003042874,156.83966064453125,102300200,0.0,0.0
2022-03-17 00:00:00-04:00,155.8765285127207,158.22533884354678,154.9134219533723,157.8518829345703,75615400,0.0,0.0
2022-03-18 00:00:00-04:00,157.74377696769278,161.6453594768953,157.00670241299437,161.1539764404297,123511700,0.0,0.0
2022-03-21 00:00:00-04:00,160.6920786569655,163.48314576119236,160.20069560988745,162.5298614501953,95811400,0.0,0.0
2022-03-22 00:00:00-04:00,162.6576150439786,166.50023417031582,162.06796436975657,165.91058349609375,81532000,0.0,0.0
2022-03-23 00:00:00-04:00,165.09488461775757,169.66474104201137,164.76073274272346,167.27662658691406,98062700,0.0,0.0
2022-03-24 00:00:00-04:00,168.11194838158724,171.13886943985568,167.2766062849375,171.07008361816406,90131400,0.0,0.0
2022-03-25 00:00:00-04:00,170.88340327470584,172.25927004993568,169.77287259452683,171.70892333984375,80546200,0.0,0.0
2022-03-28 00:00:00-04:00,169.202835000459,172.701479862601,169.03576656556126,172.57373046875,90371900,0.0,0.0
2022-03-29 00:00:00-04:00,173.64492571274934,175.92493501881802,173.30095161685145,175.8758087158203,100589400,0.0,0.0
2022-03-30 00:00:00-04:00,175.47291633599136,176.51464615809368,173.65479278138594,174.70635986328125,92633200,0.0,0.0
2022-03-31 00:00:00-04:00,174.77513005413485,174.96185802360853,171.3944120690703,171.60079956054688,103049300,0.0,0.0
2022-04-01 00:00:00-04:00,171.0307806751932,171.86613784627107,168.97680315531144,171.3059539794922,78751300,0.0,0.0
2022-04-04 00:00:00-04:00,171.56147679106857,175.41391791306214,171.43371240572407,175.36477661132812,76468400,0.0,0.0
2022-04-05 00:00:00-04:00,174.44096597915822,175.22718178273516,171.41404488266946,172.0430145263672,73401800,0.0,0.0
2022-04-06 00:00:00-04:00,169.38954763944744,170.63766465296877,167.19798366759716,168.86868286132812,89058800,0.0,0.0
2022-04-07 00:00:00-04:00,168.21023335572733,170.37231557194565,166.92281228589906,169.17333984375,77594700,0.0,0.0
2022-04-08 00:00:00-04:00,168.81953778376487,168.81953778376487,166.28399977180155,167.15866088867188,76575500,0.0,0.0
2022-04-11 00:00:00-04:00,165.80247259982983,166.11694994882637,162.6477868725991,162.8934783935547,72246700,0.0,0.0
2022-04-12 00:00:00-04:00,165.12438053702303,166.9424890030797,163.76815838717138,164.7705841064453,79265200,0.0,0.0
2022-04-13 00:00:00-04:00,164.5051976542895,168.0922875017565,163.89588754215904,167.46331787109375,70618900,0.0,0.0
2022-04-14 00:00:00-04:00,167.67956724809082,168.31837428702366,162.1957299543893,162.44142150878906,75329400,0.0,0.0
2022-04-18 00:00:00-04:00,161.09504478015512,163.7288661750639,160.7510855840004,162.22523498535156,69023900,0.0,0.0
2022-04-19 00:00:00-04:00,162.17607195952326,164.92782013945308,161.08520094874402,164.51504516601562,67723800,0.0,0.0
2022-04-20 00:00:00-04:00,165.851592274227,165.9695343967265,163.23744599263426,164.34796142578125,67929800,0.0,0.0
2022-04-21 00:00:00-04:00,165.99903403048015,168.57387654535995,163.05073557985884,163.55194091796875,87227800,0.0,0.0
2022-04-22 00:00:00-04:00,163.5912552281569,164.97694406303006,158.7167286660117,159.00172424316406,84882400,0.0,0.0
2022-04-25 00:00:00-04:00,158.34325918812343,160.35793256447772,155.72911292478716,160.07293701171875,96046400,0.0,0.0
2022-04-26 00:00:00-04:00,159.453804965821,159.54225031873102,154.0191094538627,154.0977325439453,95623200,0.0,0.0
2022-04-27 00:00:00-04:00,153.22305964573388,157.0361817522216,152.70219483485,153.87168884277344,88063200,0.0,0.0
2022-04-28 00:00:00-04:00,156.50549701980856,161.68467841985887,156.19100467866673,160.81983947753906,130216800,0.0,0.0
2022-04-29 00:00:00-04:00,159.05085178561868,163.3357123056005,154.5399592760181,154.9330596923828,131747600,0.0,0.0
2022-05-02 00:00:00-04:00,154.00928950852122,155.50308325510557,150.6285715632027,155.2377471923828,123055300,0.0,0.0
2022-05-03 00:00:00-04:00,155.42445612408045,157.94034999172632,153.62600731797474,156.73153686523438,88966500,0.0,0.0
2022-05-04 00:00:00-04:00,156.91827280667675,163.61090803537846,156.51533507735743,163.15884399414062,108256500,0.0,0.0
2022-05-05 00:00:00-04:00,161.02620676532553,161.25223873479916,152.2795808204663,154.06822204589844,130525300,0.0,0.0
2022-05-06 00:00:00-04:00,153.54660360417492,156.92245186539364,151.74549742097102,154.7965545654297,116124600,0.23,0.0
2022-05-09 00:00:00-04:00,152.48365942752434,153.36945750408893,149.0979893908198,149.6589813232422,131577900,0.0,0.0
2022-05-10 00:00:00-04:00,153.0643590542694,154.2650965784608,150.5152434800802,152.07029724121094,115366700,0.0,0.0
2022-05-11 00:00:00-04:00,151.07625368918983,152.99546042303857,143.5076754500473,144.18678283691406,142689800,0.0,0.0
2022-05-12 00:00:00-04:00,140.515681208882,143.8915146679824,136.60836588189918,140.30899047851562,182602000,0.0,0.0
2022-05-13 00:00:00-04:00,142.3069113841073,145.7614978791984,140.8502848803236,144.78712463378906,113990900,0.0,0.0
2022-05-16 00:00:00-04:00,143.25176455295096,145.19065940090803,141.90338667799685,143.24191284179688,86643800,0.0,0.0
2022-05-17 00:00:00-04:00,146.50950977669152,147.40514453340242,144.36392404181558,146.88351440429688,78336300,0.0,0.0
2022-05-18 00:00:00-04:00,144.53121962367445,145.0331612308298,137.69094928705914,138.596435546875,109742900,0.0,0.0
2022-05-19 00:00:00-04:00,137.67130943156462,139.4232021551722,134.4431016025898,135.18125915527344,136095600,0.0,0.0
2022-05-20 00:00:00-04:00,136.89374952227598,138.47832804040868,130.5160736621358,135.4174346923828,137426100,0.0,0.0
2022-05-23 00:00:00-04:00,135.61429152570187,140.99792151579808,135.47650272414663,140.8502960205078,117726300,0.0,0.0
2022-05-24 00:00:00-04:00,138.58664466633243,139.72833217517214,135.1615971576701,138.1437530517578,104132700,0.0,0.0
2022-05-25 00:00:00-04:00,136.2441979580696,139.55114451962976,136.15562265268915,138.30120849609375,92482700,0.0,0.0
2022-05-26 00:00:00-04:00,135.22064738842184,142.06090571045274,134.9745948227527,141.50975036621094,90601500,0.0,0.0
2022-05-27 00:00:00-04:00,143.09429845299417,147.31655295622195,142.96634634088457,147.27719116210938,90978500,0.0,0.0
2022-05-31 00:00:00-04:00,146.71620151537235,148.28109191355486,144.5214022588055,146.4898223876953,103718400,0.0,0.0
2022-06-01 00:00:00-04:00,147.5330747402819,149.3440325752995,145.34812731297455,146.36187744140625,74286600,0.0,0.0
2022-06-02 00:00:00-04:00,145.49576829817823,148.8814531521364,144.5410833823405,148.82240295410156,72348100,0.0,0.0
2022-06-03 00:00:00-04:00,144.58043039547144,145.63354221228246,142.17897081970852,143.08444213867188,88570300,0.0,0.0
2022-06-06 00:00:00-04:00,144.70838950271786,146.22408125410382,142.61201747807138,143.8324432373047,71598400,0.0,0.0
2022-06-07 00:00:00-04:00,142.07072118986648,146.64729173693155,141.82466868695218,146.36187744140625,67808200,0.0,0.0
2022-06-08 00:00:00-04:00,146.23390833350376,147.50353249308398,145.13159805431155,145.6237030029297,53950200,0.0,0.0
2022-06-09 00:00:00-04:00,144.75760527366657,145.61386314826538,140.2794468730643,140.38771057128906,69473000,0.0,0.0
2022-06-10 00:00:00-04:00,138.06499277205677,138.53740941897706,134.89583502233484,134.96473693847656,91437900,0.0,0.0
2022-06-13 00:00:00-04:00,130.77198099232118,133.0651921487905,129.3645678675484,129.79762268066406,122207100,0.0,0.0
2022-06-14 00:00:00-04:00,131.02787945261767,131.77587363104502,129.40392397478837,130.66371154785156,84784300,0.0,0.0
2022-06-15 00:00:00-04:00,132.1695811727179,135.1714252868018,130.07322365850183,133.2915802001953,91533000,0.0,0.0
2022-06-16 00:00:00-04:00,129.99445602178534,130.29955871287268,127.00244927117835,128.00634765625,108123900,0.0,0.0
2022-06-17 00:00:00-04:00,128.01618763180625,130.9786539949958,127.7602834489197,129.48265075683594,134520300,0.0,0.0
2022-06-21 00:00:00-04:00,131.31328286822668,134.8958062983936,131.21487088907804,133.72459411621094,81000500,0.0,0.0
2022-06-22 00:00:00-04:00,132.6616897658164,135.5847953387102,131.79559497900595,133.21286010742188,73409200,0.0,0.0
2022-06-23 00:00:00-04:00,134.65964445396372,136.40168566511255,133.48843193327303,136.0867462158203,72433800,0.0,0.0
2022-06-24 00:00:00-04:00,137.6909831751248,139.66925503284406,137.56304607780373,139.42320251464844,89116800,0.0,0.0
2022-06-27 00:00:00-04:00,140.4467743824865,141.2243087499828,138.74409516157192,139.42320251464844,70207900,0.0,0.0
2022-06-28 00:00:00-04:00,139.88578412525837,141.15540852649434,135.1517360213465,135.26983642578125,67083400,0.0,0.0
2022-06-29 00:00:00-04:00,135.2895293397043,138.44883540642064,134.51199493699397,137.0315704345703,66242400,0.0,0.0
2022-06-30 00:00:00-04:00,135.0828178246583,136.18512818079344,131.65777134820112,134.56118774414062,98964500,0.0,0.0
2022-07-01 00:00:00-04:00,133.89191616880768,136.84454604479996,133.51792659665477,136.7362823486328,71051600,0.0,0.0
2022-07-05 00:00:00-04:00,135.59461869744254,139.3739815709903,134.76787086684834,139.32476806640625,73353800,0.0,0.0
2022-07-06 00:00:00-04:00,139.11808248899268,141.84433323860637,138.85234159739986,140.6632843017578,74064300,0.0,0.0
2022-07-07 00:00:00-04:00,141.02745853360616,144.23599306904134,141.0176218390398,144.03915405273438,66253700,0.0,0.0
2022-07-08 00:00:00-04:00,142.96633860975416,145.22018791054785,142.7104494172261,144.71823120117188,64547800,0.0,0.0
2022-07-11 00:00:00-04:00,143.3698906543045,144.3245757006066,141.50973407273898,142.58251953125,63141600,0.0,0.0
2022-07-12 00:00:00-04:00,143.45842725252902,146.1059542427383,142.7596466450458,143.55685424804688,77588800,0.0,0.0
2022-07-13 00:00:00-04:00,140.732208499025,144.13756705664937,139.87593549444708,143.19273376464844,71185600,0.0,0.0
2022-07-14 00:00:00-04:00,141.80496013260634,146.59805740261146,140.98806413686148,146.12564086914062,78140700,0.0,0.0
2022-07-15 00:00:00-04:00,147.4149563504431,148.47790483542687,145.85990291969932,147.79879760742188,76259900,0.0,0.0
2022-07-18 00:00:00-04:00,148.35978984322958,149.1766857748829,144.38357386308195,144.74774169921875,81420900,0.0,0.0
2022-07-19 00:00:00-04:00,145.58433884840355,148.8420714884981,144.59029217223815,148.61570739746094,82982400,0.0,0.0
2022-07-20 00:00:00-04:00,148.7338381470016,151.2927906316257,147.99568050926646,150.62351989746094,64823400,0.0,0.0
2022-07-21 00:00:00-04:00,152.06044916137068,153.11356109876007,149.54087389527504,152.89703369140625,65086600,0.0,0.0
2022-07-22 00:00:00-04:00,152.93639744167695,153.8123437761435,150.98766576840873,151.65692138671875,66675400,0.0,0.0
2022-07-25 00:00:00-04:00,151.5781722761147,152.5919073451431,149.87549323073483,150.534912109375,53623900,0.0,0.0
2022-07-26 00:00:00-04:00,149.85583561149025,150.6727318576423,148.41889716817153,149.20626831054688,55138700,0.0,0.0
2022-07-27 00:00:00-04:00,150.17076942758217,154.84576710893515,149.75740301368916,154.3142852783203,78620700,0.0,0.0
2022-07-28 00:00:00-04:00,154.50131053527133,155.1508928612319,151.97189817076023,154.865478515625,81378700,0.0,0.0
2022-07-29 00:00:00-04:00,158.69403377664,161.04629519406532,156.98150288420325,159.9439697265625,101786900,0.0,0.0
2022-08-01 00:00:00-04:00,158.46764232800993,161.00690586019908,158.34954193697632,158.95974731445312,67829400,0.0,0.0
2022-08-02 00:00:00-04:00,157.57203453166576,159.84555733737668,157.10945460814798,157.4834442138672,59907000,0.0,0.0
2022-08-03 00:00:00-04:00,158.30034109572696,163.95954889245084,158.21176579536746,163.50682067871094,82507500,0.0,0.0
2022-08-04 00:00:00-04:00,163.38871829491413,164.55009405774106,161.8336644871808,163.19187927246094,55474100,0.0,0.0
2022-08-05 00:00:00-04:00,160.85604505164724,163.45796799318663,160.64906724368603,162.96517944335938,56697000,0.23,0.0
2022-08-08 00:00:00-04:00,163.97049243145898,165.38972616560417,161.83179147106824,162.49212646484375,60276900,0.0,0.0
2022-08-09 00:00:00-04:00,161.654383591601,163.42842563656737,160.8954849037263,162.54139709472656,63135500,0.0,0.0
2022-08-10 00:00:00-04:00,165.26158960768942,166.8976514870886,164.49284053929043,166.79910278320312,70170500,0.0,0.0
2022-08-11 00:00:00-04:00,167.6072543726192,168.52384897861626,165.76422984138568,166.05990600585938,57149200,0.0,0.0
2022-08-12 00:00:00-04:00,167.37074385189385,169.68684147739978,166.9567881529433,169.61785888671875,68039400,0.0,0.0
2022-08-15 00:00:00-04:00,169.04622635004895,170.88925112837984,168.87868001008403,170.692138671875,54091700,0.0,0.0
2022-08-16 00:00:00-04:00,170.28802952506885,171.2046241525694,169.18418785976604,170.534423828125,56377100,0.0,0.0
2022-08-17 00:00:00-04:00,170.27815992548992,173.60940030005358,170.0810475130616,172.03248596191406,79542000,0.0,0.0
2022-08-18 00:00:00-04:00,171.24403503116682,172.37744277272193,170.6231165953559,171.6382598876953,62290100,0.0,0.0
2022-08-19 00:00:00-04:00,170.53441975425127,171.23418617524862,168.83922578662404,169.04620361328125,70346300,0.0,0.0
2022-08-22 00:00:00-04:00,167.2425555346779,167.41010181201645,164.72933129717774,165.15313720703125,69026800,0.0,0.0
2022-08-23 00:00:00-04:00,164.67022364972456,166.27671913488913,164.24641767665275,164.81805419921875,54147100,0.0,0.0
2022-08-24 00:00:00-04:00,164.90677623350408,165.68537556627746,163.85220146265053,165.11373901367188,53841500,0.0,0.0
2022-08-25 00:00:00-04:00,166.34572619773232,167.68611185239817,165.9219352009918,167.57769775390625,51218200,0.0,0.0
2022-08-26 00:00:00-04:00,168.10990520235598,168.58297803338863,161.20099961189769,161.2601318359375,78961000,0.0,0.0
2022-08-29 00:00:00-04:00,158.82576612384563,160.55052629290446,157.5149616294303,159.05245971679688,73314000,0.0,0.0
2022-08-30 00:00:00-04:00,159.79161664881417,160.2154075742502,155.44521812063925,156.61805725097656,77906200,0.0,0.0
2022-08-31 00:00:00-04:00,157.99785253340468,158.26396254446672,154.87357512802876,154.95242309570312,87991100,0.0,0.0
2022-09-01 00:00:00-04:00,154.38082398932775,156.13515033839954,152.43923555152656,155.68179321289062,74229900,0.0,0.0
2022-09-02 00:00:00-04:00,157.44591977956676,158.0471223283173,152.73486310130946,153.562744140625,76957800,0.0,0.0
2022-09-06 00:00:00-04:00,154.21327658173306,154.82432967651317,151.47337297526548,152.30125427246094,73714800,0.0,0.0
2022-09-07 00:00:00-04:00,152.587059729615,154.410368411757,151.3945047755551,153.7106170654297,87449600,0.0,0.0
2022-09-08 00:00:00-04:00,152.4096506976959,154.10484460794962,150.47791285622748,152.2322540283203,84923800,0.0,0.0
2022-09-09 00:00:00-04:00,153.2276750032018,155.54378723487187,152.51805827855026,155.1002655029297,68028800,0.0,0.0
2022-09-12 00:00:00-04:00,157.28823330445064,161.89087619174813,157.00242258515337,161.07284545898438,104956000,0.0,0.0
2022-09-13 00:00:00-04:00,157.59378043168627,158.2245492067868,151.15796283866058,151.62118530273438,122656600,0.0,0.0
2022-09-14 00:00:00-04:00,152.55745729673092,154.83415280049869,151.39448365467393,153.06996154785156,87965400,0.0,0.0
2022-09-15 00:00:00-04:00,152.41947764718566,153.00097950894386,149.1966516721034,150.17236328125,90481100,0.0,0.0
2022-09-16 00:00:00-04:00,149.02914328242736,149.16712349652025,146.23009244998983,148.5264892578125,162278800,0.0,0.0
2022-09-19 00:00:00-04:00,147.15650634266927,152.3307858345421,146.94954358467322,152.25193786621094,81474200,0.0,0.0
2022-09-20 00:00:00-04:00,151.1875492113153,155.800058716333,150.87217230085707,154.63706970214844,107689800,0.0,0.0
2022-09-21 00:00:00-04:00,155.07069875161233,156.4505157277147,151.38464998799563,151.50291442871094,101696800,0.0,0.0
2022-09-22 00:00:00-04:00,150.18225521296424,152.24210790592508,148.73345555804372,150.5370635986328,86652500,0.0,0.0
2022-09-23 00:00:00-04:00,149.00942429859677,149.28538472080464,146.4173513628068,148.2603759765625,96029900,0.0,0.0
2022-09-26 00:00:00-04:00,147.50146783564452,151.55219019297488,147.48175208341434,148.595458984375,93339400,0.0,0.0
2022-09-27 00:00:00-04:00,150.53707403917747,152.48851277634017,147.78730509985635,149.57119750976562,84442700,0.0,0.0
2022-09-28 00:00:00-04:00,145.5105969943164,148.46732818361193,142.75097820989805,147.67886352539062,146691400,0.0,0.0
2022-09-29 00:00:00-04:00,143.99284886355534,144.6039019742723,138.6510066887834,140.425048828125,128138200,0.0,0.0
2022-09-30 00:00:00-04:00,139.2423359620473,141.03609356030535,136.0096441732016,136.20675659179688,124925300,0.0,0.0
2022-10-03 00:00:00-04:00,136.21663934873945,141.0065454207756,135.7041349641021,140.39547729492188,114311700,0.0,0.0
2022-10-04 00:00:00-04:00,142.9382384476115,144.11107754403744,142.1793399077984,143.99281311035156,87830100,0.0,0.0
2022-10-05 00:00:00-04:00,141.9921012373244,145.25435906019973,140.94737686981628,144.28848266601562,79471000,0.0,0.0
2022-10-06 00:00:00-04:00,143.7070131726072,145.41205756578128,143.12552621752397,143.33248901367188,68402200,0.0,0.0
2022-10-07 00:00:00-04:00,140.4841648717613,141.03610072606975,137.4387349893986,138.0695037841797,85925600,0.0,0.0
2022-10-10 00:00:00-04:00,138.39471435546875,139.8435136838709,136.5714060101138,138.39471435546875,74899000,0.0,0.0
2022-10-11 00:00:00-04:00,137.88223882715224,139.31133774176766,136.22647641502994,136.9755096435547,77033700,0.0,0.0
2022-10-12 00:00:00-04:00,137.1233868975957,138.33564287481494,136.16737562749157,136.3447723388672,70433700,0.0,0.0
2022-10-13 00:00:00-04:00,133.04305662953354,141.51901056988928,132.4319886081597,140.92767333984375,113224000,0.0,0.0
2022-10-14 00:00:00-04:00,142.22865171308297,142.43562955432296,136.19692370577837,136.38418579101562,88598000,0.0,0.0
2022-10-17 00:00:00-04:00,139.035378783641,140.83897177317823,138.24691403880277,140.35604858398438,85250900,0.0,0.0
2022-10-18 00:00:00-04:00,143.39163709489873,144.58417712557898,138.5820153837327,141.67672729492188,99136600,0.0,0.0
2022-10-19 00:00:00-04:00,139.6464402055219,142.8594165632396,139.4591781255194,141.78514099121094,61758300,0.0,0.0
2022-10-20 00:00:00-04:00,140.95727113919492,143.7858732075523,140.5925973080329,141.32192993164062,64522000,0.0,0.0
2022-10-21 00:00:00-04:00,140.80938705437833,145.71757154709675,140.59255890223196,145.14593505859375,86548600,0.0,0.0
2022-10-24 00:00:00-04:00,145.06709579621315,148.06324356402658,143.89425664068742,147.29449462890625,75981900,0.0,0.0
2022-10-25 00:00:00-04:00,147.92527363612152,150.2906678641537,147.20580651383366,150.142822265625,74732300,0.0,0.0
2022-10-26 00:00:00-04:00,148.78273318220164,149.7978764436125,145.9048346701109,147.19595336914062,88194300,0.0,0.0
2022-10-27 00:00:00-04:00,145.934419951747,146.900281375259,142.0512434645865,142.71157836914062,109180200,0.0,0.0
2022-10-28 00:00:00-04:00,146.06252959255997,155.2284000306861,145.68802050452555,153.49378967285156,164762400,0.0,0.0
2022-10-31 00:00:00-04:00,150.95099079346033,152.01541585586838,149.72886978727786,151.12838745117188,97943200,0.0,0.0
2022-11-01 00:00:00-04:00,152.84328689393647,153.2079455809234,146.97910660092256,148.4771728515625,80379300,0.0,0.0
2022-11-02 00:00:00-04:00,146.80167682155482,149.97523565506677,142.90865105906707,142.93821716308594,93604600,0.0,0.0
2022-11-03 00:00:00-04:00,140.01108109963562,140.74041357111363,136.74882328898968,136.876953125,97918500,0.0,0.0
2022-11-04 00:00:00-04:00,140.27297665062395,140.84556152923415,132.6615790911303,136.6104278564453,140814800,0.23,0.0
2022-11-07 00:00:00-05:00,135.35662722495974,137.37053291778528,133.93503964712596,137.1434783935547,83374600,0.0,0.0
2022-11-08 00:00:00-05:00,138.61446164278013,139.6214071902777,135.7318039714629,137.71609497070312,89908500,0.0,0.0
2022-11-09 00:00:00-05:00,136.72887901579847,136.77824263467366,132.8688760001459,133.14529418945312,74917800,0.0,0.0
2022-11-10 00:00:00-05:00,139.43384265889435,144.99183654785156,137.7160881791185,144.99183654785156,118854000,0.0,0.0
2022-11-11 00:00:00-05:00,143.955271925704,148.09167786414133,142.5238023668343,147.78564453125,93979700,0.0,0.0
2022-11-14 00:00:00-05:00,147.06496772898868,148.35821299381362,145.54465286622803,146.3837890625,73374100,0.0,0.0
2022-11-15 00:00:00-05:00,150.2734377369584,151.6259135896167,146.66023757913166,148.12130737304688,89868300,0.0,0.0
2022-11-16 00:00:00-05:00,147.22294689122086,147.9534742124063,145.4064651591236,146.8872833251953,64218300,0.0,0.0
2022-11-17 00:00:00-05:00,144.55745437595286,149.5428782799837,144.2810362048945,148.7926025390625,80389400,0.0,0.0
2022-11-18 00:00:00-05:00,150.36224602679474,150.74725807535745,148.05217373541836,149.35528564453125,74829600,0.0,0.0
2022-11-21 00:00:00-05:00,148.2397789385964,148.4470850528785,145.83097890062086,146.1172637939453,58724100,0.0,0.0
2022-11-22 00:00:00-05:00,146.23571841721474,148.49642726977405,145.05105196598853,148.25949096679688,51804100,0.0,0.0
2022-11-23 00:00:00-05:00,147.53882889151882,149.88839824806996,147.43023497007337,149.13812255859375,58301400,0.0,0.0
2022-11-25 00:00:00-05:00,146.41341229167975,146.97613037369675,145.23862757756845,146.21597290039062,35195900,0.0,0.0
2022-11-28 00:00:00-05:00,143.28395040385445,144.76476841756258,141.54646269068775,142.37571716308594,69246000,0.0,0.0
2022-11-29 00:00:00-05:00,142.44484337334484,142.95819794116494,138.55523991340186,139.36474609375,83763800,0.0,0.0
2022-11-30 00:00:00-05:00,139.59178750228543,146.81818743880567,138.75266623992653,146.1370086669922,111380900,0.0,0.0
2022-12-01 00:00:00-05:00,146.3147094607483,147.22294276953917,144.73516410236186,146.41342163085938,71250400,0.0,0.0
2022-12-02 00:00:00-05:00,144.09349682237342,146.10740304717433,143.78744839224407,145.91983032226562,65447400,0.0,0.0
2022-12-05 00:00:00-05:00,145.88034988563246,148.99006226616046,143.90592550087496,144.7549285888672,68826400,0.0,0.0
2022-12-06 00:00:00-05:00,145.18929508684244,145.4163496587564,140.10514358274577,141.08248901367188,64727200,0.0,0.0
2022-12-07 00:00:00-05:00,140.37167982245785,141.536582777895,138.20968308402922,139.13766479492188,69721100,0.0,0.0
2022-12-08 00:00:00-05:00,140.53950554386986,141.6846751168045,139.2956238058851,140.82579040527344,62128300,0.0,0.0
2022-12-09 00:00:00-05:00,140.51976247530513,143.70846830830249,139.0981746838461,140.34207153320312,76097000,0.0,0.0
2022-12-12 00:00:00-05:00,140.87515496362036,142.65213964669184,139.25612782207975,142.64227294921875,70462700,0.0,0.0
2022-12-13 00:00:00-05:00,147.58825169753635,148.05224272401983,142.39551997042892,143.6097869873047,93886200,0.0,0.0
2022-12-14 00:00:00-05:00,143.49126458622354,144.78450984521314,139.35484405860026,141.37863159179688,82291200,0.0,0.0
2022-12-15 00:00:00-05:00,139.3055040822211,139.98668286120417,134.29046466082826,134.75445556640625,98931900,0.0,0.0
2022-12-16 00:00:00-05:00,134.94201656134896,135.8897316869335,132.01986228619933,132.78988647460938,160156900,0.0,0.0
2022-12-19 00:00:00-05:00,133.38222793972224,133.47107341378072,129.64070069453433,130.67726135253906,79592600,0.0,0.0
2022-12-20 00:00:00-05:00,129.70978773625592,131.54600271059752,128.22896969448558,130.608154296875,77432800,0.0,0.0
2022-12-21 00:00:00-05:00,131.27945009767515,135.06047393891612,131.05239555108,133.71786499023438,85928000,0.0,0.0
2022-12-22 00:00:00-05:00,132.63196256739838,132.83926868979583,128.63375022087482,130.5390625,77852100,0.0,0.0
2022-12-23 00:00:00-05:00,129.24577030548357,130.72658804280167,127.98214037473136,130.1737518310547,63814900,0.0,0.0
2022-12-27 00:00:00-05:00,129.69994527084378,129.72956043211943,127.07395717087711,128.36720275878906,69007800,0.0,0.0
2022-12-28 00:00:00-05:00,128.0117765700734,129.35438547518544,124.26037553788484,124.4281997680664,85438400,0.0,0.0
2022-12-29 00:00:00-05:00,126.3532816511138,128.81143780896,126.09661191364768,127.95256805419922,75703700,0.0,0.0
2022-12-30 00:00:00-05:00,126.76791156272077,128.28821159493137,125.80044037402875,128.26846313476562,77034200,0.0,0.0
2023-01-03 00:00:00-05:00,128.6139854814398,129.22605213593528,122.58211921528644,123.47061157226562,112117500,0.0,0.0
2023-01-04 00:00:00-05:00,125.26733892869382,127.01470850998557,123.48048749262259,124.7441177368164,89113600,0.0,0.0
2023-01-05 00:00:00-05:00,125.50427521319664,126.1360903730334,123.16458728849297,123.42125701904297,80962700,0.0,0.0
2023-01-06 00:00:00-05:00,124.39858171183529,128.62384018148796,123.29290160052527,127.96240997314453,87754700,0.0,0.0
2023-01-09 00:00:00-05:00,128.80155656407595,131.70396238313268,128.22897177101316,128.4856414794922,70790800,0.0,0.0
2023-01-10 00:00:00-05:00,128.59425187274505,129.5814640429866,126.48161843097465,129.05824279785156,63896200,0.0,0.0
2023-01-11 00:00:00-05:00,129.5715682785917,131.80266185993827,128.7916774670581,131.78292846679688,69458900,0.0,0.0
2023-01-12 00:00:00-05:00,132.16795510561155,132.5430854442494,129.75915527463124,131.70396423339844,71379600,0.0,0.0
2023-01-13 00:00:00-05:00,130.34161256817276,133.19465493922883,129.97634891095512,133.0366973876953,57809700,0.0,0.0
2023-01-17 00:00:00-05:00,133.10580835372033,135.53434166770566,132.4147629011091,134.2016143798828,63646600,0.0,0.0
2023-01-18 00:00:00-05:00,135.0703537024429,136.83745656269951,133.30323577852656,133.48094177246094,69672800,0.0,0.0
2023-01-19 00:00:00-05:00,132.36540678256628,134.50765533885576,132.0593734264766,133.54019165039062,58280400,0.0,0.0
2023-01-20 00:00:00-05:00,133.55002780951733,136.25499390289588,132.50358558076502,136.10690307617188,80223600,0.0,0.0
2023-01-23 00:00:00-05:00,136.3537266947968,141.4872415250396,136.136538833656,139.3054962158203,81760300,0.0,0.0
2023-01-24 00:00:00-05:00,138.51573942626007,141.32930018220668,138.50587272731724,140.7073516845703,66435100,0.0,0.0
2023-01-25 00:00:00-05:00,139.0883015683729,140.60860145852004,137.03489874919626,140.0458984375,65799300,0.0,0.0
2023-01-26 00:00:00-05:00,141.33917349067576,142.4053645091988,140.08540973782974,142.11907958984375,54105100,0.0,0.0
2023-01-27 00:00:00-05:00,141.32927632528882,145.34722141150488,141.25029755609052,144.0638427734375,70555800,0.0,0.0
2023-01-30 00:00:00-05:00,143.1062524963994,143.6887039381187,141.02323465611641,141.1713104248047,64015300,0.0,0.0
2023-01-31 00:00:00-05:00,140.87516062877287,142.49418783542103,140.46053336332577,142.44482421875,65874500,0.0,0.0
2023-02-01 00:00:00-05:00,142.1289302044529,144.7351696002277,139.51282411039048,143.57025146484375,77663600,0.0,0.0
2023-02-02 00:00:00-05:00,146.99586653400996,149.24670877710787,146.27520596359832,148.89132690429688,118339000,0.0,0.0
2023-02-03 00:00:00-05:00,146.13699831650217,155.36743699431324,145.93955891955838,152.52426147460938,154357300,0.0,0.0
2023-02-06 00:00:00-05:00,150.6189423816567,151.14216353764462,148.85182446235734,149.7896728515625,69858300,0.0,0.0
2023-02-07 00:00:00-05:00,148.71363285221915,153.24493285853742,148.71363285221915,152.67234802246094,83322600,0.0,0.0
2023-02-08 00:00:00-05:00,151.91220679965525,152.60325227526124,149.2368553096487,149.97726440429688,64120100,0.0,0.0
2023-02-09 00:00:00-05:00,151.81347999768036,152.35644968138112,148.49644664158131,148.94068908691406,56007100,0.0,0.0
2023-02-10 00:00:00-05:00,147.77400037597405,149.6327824911062,147.53670230127932,149.30650329589844,57450700,0.23,0.0
2023-02-13 00:00:00-05:00,149.24720633522875,152.51986548450935,149.21754595699727,152.114501953125,62199000,0.0,0.0
2023-02-14 00:00:00-05:00,150.40399819813007,152.03539434579272,149.15821711991074,151.47181701660156,61707600,0.0,0.0
2023-02-15 00:00:00-05:00,151.38281594677636,153.745854522139,151.1554147270533,153.57777404785156,65573800,0.0,0.0
2023-02-16 00:00:00-05:00,151.77830301928833,154.5664988468429,151.6201193880744,151.97605895996094,68167900,0.0,0.0
2023-02-17 00:00:00-05:00,150.63140647639398,151.2740680510971,149.1483273778538,150.8291473388672,59144100,0.0,0.0
2023-02-21 00:00:00-05:00,148.50565230235682,149.59324968756485,146.73585119733022,146.8050537109375,58867200,0.0,0.0
2023-02-22 00:00:00-05:00,147.19065212608928,148.2584708875877,145.4999504020457,147.23020935058594,51011300,0.0,0.0
2023-02-23 00:00:00-05:00,148.39689471971093,148.64407457569817,145.57905341345287,147.7146759033203,48394200,0.0,0.0
2023-02-24 00:00:00-05:00,145.45050490064946,145.5296042594395,144.07618560082526,145.05502319335938,55469600,0.0,0.0
2023-02-27 00:00:00-05:00,146.04378113773683,147.48730332876505,145.7867043820762,146.25140380859375,44998500,0.0,0.0
2023-02-28 00:00:00-05:00,145.39119175781394,147.3982909462784,145.17367228142913,145.74713134765625,50547000,0.0,0.0
2023-03-01 00:00:00-05:00,145.17366452678502,145.56914623363537,143.37418806129784,143.67080688476562,55479000,0.0,0.0
2023-03-02 00:00:00-05:00,142.75131384795435,145.05503189340783,142.27671766674902,144.26405334472656,52238100,0.0,0.0
2023-03-03 00:00:00-05:00,146.3700174255545,149.4053933099208,145.66803508048022,149.3262939453125,70732300,0.0,0.0
2023-03-06 00:00:00-05:00,152.05515407809082,154.53684949594242,151.72888994336137,152.09471130371094,87558000,0.0,0.0
2023-03-07 00:00:00-05:00,151.96617914925054,152.29245838395036,149.4251779626418,149.88987731933594,56182000,0.0,0.0
2023-03-08 00:00:00-05:00,151.08620232381537,151.73876071934626,150.11726157953802,151.14552307128906,47204800,0.0,0.0
2023-03-09 00:00:00-05:00,151.82774843104707,152.79668921738386,148.53531102339875,148.89125061035156,53833600,0.0,0.0
2023-03-10 00:00:00-05:00,148.5155613274809,149.23732233138423,145.94488461714658,146.82484436035156,68572400,0.0,0.0
2023-03-13 00:00:00-04:00,146.1426162263365,151.4124925875259,146.03385648579933,148.77261352539062,84457100,0.0,0.0
2023-03-14 00:00:00-04:00,149.57344779147112,151.66952778576984,148.4067663113716,150.86866760253906,73695900,0.0,0.0
2023-03-15 00:00:00-04:00,149.48447760738804,151.52123700910988,148.22879983662045,151.26417541503906,77167900,0.0,0.0
2023-03-16 00:00:00-04:00,150.443542077547,154.69503836094123,149.92940378389787,154.0919189453125,76161100,0.0,0.0
2023-03-17 00:00:00-04:00,154.31929867752348,154.9718569877903,152.53960105254944,153.25148010253906,98944600,0.0,0.0
2023-03-20 00:00:00-04:00,153.3207323821306,156.03971087014546,152.4110972116962,155.6244354248047,73641400,0.0,0.0
2023-03-21 00:00:00-04:00,155.54531880235135,157.6018415548637,154.77410391183622,157.4832000732422,73938300,0.0,0.0
2023-03-22 00:00:00-04:00,157.50299444764113,160.31095376257457,156.02979719452793,156.04957580566406,75701800,0.0,0.0
2023-03-23 00:00:00-04:00,157.03829837049406,159.72761624709545,155.9012620500719,157.1371612548828,67622100,0.0,0.0
2023-03-24 00:00:00-04:00,157.06795670652497,158.53125712176995,156.06935559319226,158.44227600097656,59196500,0.0,0.0
2023-03-27 00:00:00-04:00,158.13578467553296,158.9564235953307,156.08912825748425,156.4945068359375,52390300,0.0,0.0
2023-03-28 00:00:00-04:00,156.18801000892674,156.7021483382564,154.2204529064242,155.87161254882812,45992200,0.0,0.0
2023-03-29 00:00:00-04:00,157.57218957153339,159.2332458359396,157.55242604798346,158.95640563964844,51305700,0.0,0.0
2023-03-30 00:00:00-04:00,159.70786439805926,160.63726316968356,159.45080275158003,160.52850341796875,49501700,0.0,0.0
2023-03-31 00:00:00-04:00,160.60756909681194,163.13868814753852,160.08354906302839,163.03981018066406,68749800,0.0,0.0
2023-04-03 00:00:00-04:00,162.41695595857647,164.41415847965385,162.36751696640553,164.29551696777344,56976200,0.0,0.0
2023-04-04 00:00:00-04:00,164.7206403425892,164.95792331758295,163.24744316398008,163.76158142089844,46278300,0.0,0.0
2023-04-05 00:00:00-04:00,162.88166046757286,163.18816110737487,159.97482264150005,161.91270446777344,51511700,0.0,0.0
2023-04-06 00:00:00-04:00,160.5976809407093,163.09915484076092,160.17253885078875,162.8025360107422,45390100,0.0,0.0
2023-04-10 00:00:00-04:00,159.59909001148102,160.20220947265625,158.27420958419825,160.20220947265625,47716900,0.0,0.0
2023-04-11 00:00:00-04:00,160.5186020856557,160.52848384854775,158.6993469072352,158.986083984375,47644200,0.0,0.0
2023-04-12 00:00:00-04:00,159.40135205289505,160.23187277591592,157.9775936210526,158.2939910888672,50133100,0.0,0.0
2023-04-13 00:00:00-04:00,159.80669298659305,163.92965033985465,159.59905531144463,163.69235229492188,68445600,0.0,0.0
2023-04-14 00:00:00-04:00,162.7333124858637,164.44380780578675,161.97200945675792,163.34632873535156,49386500,0.0,0.0
2023-04-17 00:00:00-04:00,163.2276687659828,163.52428757903846,162.1796287016244,163.3660888671875,41516200,0.0,0.0
2023-04-18 00:00:00-04:00,164.22628073979516,165.52150060084674,163.78134498824443,164.59210205078125,49923000,0.0,0.0
2023-04-19 00:00:00-04:00,163.92967071563345,166.26304897753164,163.67259403000486,165.73902893066406,47720200,0.0,0.0
2023-04-20 00:00:00-04:00,164.21641532852104,165.97633480151939,163.69239520940707,164.7700958251953,52456400,0.0,0.0
2023-04-21 00:00:00-04:00,163.18813815793777,164.5723392677561,162.63445771401044,163.15847778320312,58337300,0.0,0.0
2023-04-24 00:00:00-04:00,163.13870186497232,163.73193954278202,162.04122272168698,163.46498107910156,41949600,0.0,0.0
2023-04-25 00:00:00-04:00,163.32655661191464,164.43391748853472,161.88301968061162,161.92257690429688,48714100,0.0,0.0
2023-04-26 00:00:00-04:00,161.22060381553294,163.41556237454046,160.96354216946153,161.91270446777344,45498800,0.0,0.0
2023-04-27 00:00:00-04:00,163.32657592288362,166.65855579595313,163.32657592288362,166.51025390625,64902300,0.0,0.0
2023-04-28 00:00:00-04:00,166.589321099478,167.9339799574928,165.9862017200745,167.76588439941406,55209200,0.0,0.0
2023-05-01 00:00:00-04:00,167.37044027854733,168.52724031442625,166.73766038490427,167.67694091796875,52472900,0.0,0.0
2023-05-02 00:00:00-04:00,168.1712661379265,168.42834281753628,165.65002884530062,166.6387481689453,48425700,0.0,0.0
2023-05-03 00:00:00-04:00,167.58792807875122,168.9919077307227,165.27432844465707,165.56105041503906,65136000,0.0,0.0
2023-05-04 00:00:00-04:00,163.02995828643287,165.15569918374248,162.45649916415186,163.9197998046875,81235400,0.0,0.0
2023-05-05 00:00:00-04:00,169.05123536921852,172.33379095243657,168.8337158986843,171.61203002929688,113316400,0.0,0.0
2023-05-08 00:00:00-04:00,170.53431814830344,171.88887398730245,170.1684967974759,171.54281616210938,55962800,0.0,0.0
2023-05-09 00:00:00-04:00,171.09788068478838,171.5823434942616,169.66424069363828,169.8323211669922,45326900,0.0,0.0
2023-05-10 00:00:00-04:00,171.06822526711633,172.0668263741992,169.96084934197563,171.6021270751953,53724500,0.0,0.0
2023-05-11 00:00:00-04:00,171.88887125937896,172.62051394942262,170.22781484613878,171.7899932861328,49514700,0.0,0.0
2023-05-12 00:00:00-04:00,171.8988778353498,172.33451847611525,169.3048550658258,170.8592987060547,45497800,0.24,0.0
2023-05-15 00:00:00-04:00,171.44347960387887,171.49298697857782,169.77023004875,170.36428833007812,37266700,0.0,0.0
2023-05-16 00:00:00-04:00,170.28507955206572,171.42367363249335,170.0969605927275,170.36428833007812,42110300,0.0,0.0
2023-05-17 00:00:00-04:00,170.00783790944186,171.21573009717264,168.7306172756303,170.97811889648438,57951600,0.0,0.0
2023-05-18 00:00:00-04:00,171.2850464654308,173.50284672542747,170.86921174934298,173.31472778320312,65496700,0.0,0.0
2023-05-19 00:00:00-04:00,174.64144781679403,174.64144781679403,173.20582466782196,173.42364501953125,55772400,0.0,0.0
2023-05-22 00:00:00-04:00,172.25533943207657,172.97811385055638,171.73059450812943,172.47315979003906,43570900,0.0,0.0
2023-05-23 00:00:00-04:00,171.41375772100255,171.66127945739515,169.5820908286863,169.85931396484375,50747300,0.0,0.0
2023-05-24 00:00:00-04:00,169.39397044171028,170.71078788094945,168.82962874348078,170.13653564453125,45143500,0.0,0.0
2023-05-25 00:00:00-04:00,170.70089424192957,172.1761141248664,169.98803043113716,171.275146484375,56058300,0.0,0.0
2023-05-26 00:00:00-04:00,171.60187949980389,174.0275895351184,171.39395459047836,173.69094848632812,54835000,0.0,0.0
2023-05-30 00:00:00-04:00,175.20579349606086,177.21566879798618,174.81966018947244,175.54241943359375,55964400,0.0,0.0
2023-05-31 00:00:00-04:00,175.57212869440465,177.57210865507508,175.00777185545402,175.492919921875,99625300,0.0,0.0
2023-06-01 00:00:00-04:00,175.9384564736909,178.33446519527467,175.17608525533697,178.3047637939453,68901800,0.0,0.0
2023-06-02 00:00:00-04:00,179.2354282464183,179.97799341291704,177.48297022337377,179.15621948242188,61945900,0.0,0.0
2023-06-05 00:00:00-04:00,180.81957270938136,183.11656642752385,176.2750624238164,177.7998046875,121946500,0.0,0.0
2023-06-06 00:00:00-04:00,178.18594757320713,178.33445457100666,175.6711182885981,177.43348693847656,64848400,0.0,0.0
2023-06-07 00:00:00-04:00,176.67111530134713,179.41366034455214,175.56222276728346,176.05726623535156,61944600,0.0,0.0
2023-06-08 00:00:00-04:00,176.1364534617516,179.04731136486936,175.70082791608735,178.77999877929688,50214900,0.0,0.0
2023-06-09 00:00:00-04:00,179.70079329510486,180.42355258623877,178.83942242611607,179.16615295410156,48870700,0.0,0.0
2023-06-12 00:00:00-04:00,179.47308536155512,182.06710862095264,179.17605622243772,181.9680938720703,54274900,0.0,0.0
2023-06-13 00:00:00-04:00,180.98790470199526,182.32451307330234,180.63147278147434,181.4928436279297,54929100,0.0,0.0
2023-06-14 00:00:00-04:00,181.5522278943548,182.56212075064622,180.21561965950994,182.12648010253906,57462900,0.0,0.0
2023-06-15 00:00:00-04:00,182.13641040467775,184.67103069686027,181.95818688950908,184.16607666015625,65433200,0.0,0.0
2023-06-16 00:00:00-04:00,184.878923163322,185.13635542691418,182.4433178422068,183.0868682861328,101235600,0.0,0.0
2023-06-20 00:00:00-04:00,182.58193651385486,184.2551858622496,182.58193651385486,183.1759796142578,49799100,0.0,0.0
2023-06-21 00:00:00-04:00,183.06709801295077,183.5720521007454,180.7799992383261,182.1364288330078,49515700,0.0,0.0
2023-06-22 00:00:00-04:00,181.91856255456008,185.19574759818892,181.84924922371533,185.146240234375,51245300,0.0,0.0
2023-06-23 00:00:00-04:00,183.71064919871634,185.70071866604846,183.17599374881706,184.82943725585938,53079300,0.0,0.0
2023-06-26 00:00:00-04:00,184.9779592329188,186.18586660248252,183.39381396241686,183.4334259033203,48088700,0.0,0.0
2023-06-27 00:00:00-04:00,184.04726807160984,186.52248552112178,183.8294477274505,186.1957550048828,50730800,0.0,0.0
2023-06-28 00:00:00-04:00,186.06704032710473,188.01751290126907,185.7403249158235,187.37396240234375,51216800,0.0,0.0
2023-06-29 00:00:00-04:00,187.20563240999925,188.1858238773272,187.06702084863718,187.7105712890625,46347300,0.0,0.0
2023-06-30 00:00:00-04:00,189.73036510372253,192.55210381756805,189.36402266288647,192.0471649169922,85069600,0.0,0.0
2023-07-03 00:00:00-04:00,191.85906155166862,191.95807629669292,189.8590815409033,190.55215454101562,31458200,0.0,0.0
2023-07-05 00:00:00-04:00,189.6709759307026,191.06698713435688,188.7303811843197,189.433349609375,46920300,0.0,0.0
2023-07-06 00:00:00-04:00,187.95811200082892,190.11650951153766,187.32445692665846,189.90858459472656,45094300,0.0,0.0
2023-07-07 00:00:00-04:00,189.5125387247038,190.76004279032819,188.35413885501103,188.78976440429688,46778000,0.0,0.0
2023-07-10 00:00:00-04:00,187.38387649073601,188.10665094106523,185.18588195082552,186.74032592773438,59922200,0.0,0.0
2023-07-11 00:00:00-04:00,187.28484131741655,187.42345287888426,184.75022127484863,186.21554565429688,46638100,0.0,0.0
2023-07-12 00:00:00-04:00,187.79968989475896,189.7996698114742,186.60169311695756,187.88880920410156,60750200,0.0,0.0
2023-07-13 00:00:00-04:00,188.61157199087162,189.29473443261006,187.89870814797314,188.6511688232422,41342300,0.0,0.0
2023-07-14 00:00:00-04:00,188.34426641754783,189.28484614910528,187.7502232169733,188.79971313476562,41573900,0.0,0.0
2023-07-17 00:00:00-04:00,189.9976776399959,192.39370132812152,189.9085734412509,192.0669708251953,50520200,0.0,0.0
2023-07-18 00:00:00-04:00,191.433317028607,192.40359800546008,190.51252831302557,191.80953979492188,48353800,0.0,0.0
2023-07-19 00:00:00-04:00,191.18579595006162,196.26493172677777,190.74024473686075,193.1659698486328,80507300,0.0,0.0
2023-07-20 00:00:00-04:00,193.1560618639693,194.52238670645607,190.5917402572243,191.2154998779297,59581200,0.0,0.0
2023-07-21 00:00:00-04:00,192.17589935868594,193.03727024392953,189.33433929774543,190.0373077392578,71917800,0.0,0.0
2023-07-24 00:00:00-04:00,191.49270963252084,192.9778399722658,190.34420521064493,190.83924865722656,45377800,0.0,0.0
2023-07-25 00:00:00-04:00,191.4135040021873,192.51250107589357,191.0075647435374,191.70062255859375,37283200,0.0,0.0
2023-07-26 00:00:00-04:00,191.75014067908202,193.70061320853526,191.40361930588426,192.57191467285156,47471900,0.0,0.0
2023-07-27 00:00:00-04:00,194.07685782549473,195.24515323301043,190.6412547294524,191.3046112060547,47460200,0.0,0.0
2023-07-28 00:00:00-04:00,192.74022840055838,194.68080550669023,192.21548351570434,193.88873291015625,48291400,0.0,0.0
2023-07-31 00:00:00-04:00,194.11644542830032,194.54219067365466,193.32437284504627,194.50257873535156,38824100,0.0,0.0
2023-08-01 00:00:00-04:00,194.29467332466547,194.77980627337752,193.34418318178373,193.67091369628906,35175100,0.0,0.0
2023-08-02 00:00:00-04:00,193.1065496196106,193.24516118654293,189.94818497968632,190.6709442138672,50389300,0.0,0.0
2023-08-03 00:00:00-04:00,189.67096144116343,190.46301890335675,188.79968010371752,189.27491760253906,61235200,0.0,0.0
2023-08-04 00:00:00-04:00,183.68094960257173,185.52251207833032,180.11663025996506,180.18594360351562,115799700,0.0,0.0
2023-08-07 00:00:00-04:00,180.3245253304979,181.31461219425503,175.59191133034085,177.07704162597656,97576100,0.0,0.0
2023-08-08 00:00:00-04:00,177.9087137403543,178.48296594319257,175.81962982094473,178.0176239013672,67823000,0.0,0.0
2023-08-09 00:00:00-04:00,179.07702506576103,179.13642786663587,175.25528876502239,176.42359924316406,60378500,0.0,0.0
2023-08-10 00:00:00-04:00,177.70080592181807,178.95822060931928,175.8394526832055,176.20578002929688,54686900,0.0,0.0
2023-08-11 00:00:00-04:00,175.7993186650753,177.08815781935616,175.03591791571532,176.26527404785156,51988100,0.24,0.0
2023-08-14 00:00:00-04:00,176.44371711975322,178.14896748076782,175.78937369863468,177.9209442138672,43675600,0.0,0.0
2023-08-15 00:00:00-04:00,177.34593637648265,177.94078172124355,175.53162857549793,175.92819213867188,43622600,0.0,0.0
2023-08-16 00:00:00-04:00,175.61093536777827,177.00883168990967,174.98633341606396,175.0557403564453,46964900,0.0,0.0
2023-08-17 00:00:00-04:00,175.6208683794121,175.98769046364208,171.99225246191062,172.50779724121094,66062900,0.0,0.0
2023-08-18 00:00:00-04:00,170.82237017622754,173.59836059602029,170.48528962334868,172.99359130859375,61114200,0.0,0.0
2023-08-21 00:00:00-04:00,173.56859991663836,174.61950689363672,172.25000423465377,174.3319854736328,46311900,0.0,0.0
2023-08-22 00:00:00-04:00,175.541512243613,176.15619021692956,174.73846130997606,175.71005249023438,42084200,0.0,0.0
2023-08-23 00:00:00-04:00,176.98900304288458,179.9930163205811,176.80063007696822,179.5666961669922,52722800,0.0,0.0
2023-08-24 00:00:00-04:00,179.12054166501596,179.54686177871002,174.50050298356618,174.86734008789062,54945800,0.0,0.0
2023-08-25 00:00:00-04:00,175.8587845923081,177.6135940867137,174.3121656551708,177.07823181152344,51449600,0.0,0.0
2023-08-28 00:00:00-04:00,178.54553539179292,179.04124736642365,177.018749166219,178.64468383789062,43820700,0.0,0.0
2023-08-29 00:00:00-04:00,178.1588778766287,183.31427930675537,177.9605961154563,182.5409698486328,53003900,0.0,0.0
2023-08-30 00:00:00-04:00,183.35395983897268,186.23900735465395,183.1556780614674,186.04071044921875,60813900,0.0,0.0
2023-08-31 00:00:00-04:00,186.22906281435257,187.49808420340318,185.87214960318659,186.25880432128906,60794500,0.0,0.0
2023-09-01 00:00:00-04:00,187.86491606664922,188.2912210727348,186.66528651811905,187.83517456054688,45732600,0.0,0.0
2023-09-05 00:00:00-04:00,186.66529992482816,188.350717612699,186.00104769428793,188.0731201171875,45280000,0.0,0.0
2023-09-06 00:00:00-04:00,186.7842777718091,187.23043067946264,179.91371663144653,181.34136962890625,81755800,0.0,0.0
2023-09-07 00:00:00-04:00,173.67765269377628,176.6816813943478,172.05171790486162,176.03724670410156,112488800,0.0,0.0
2023-09-08 00:00:00-04:00,176.82047189213844,178.69426259870855,176.26526175899272,176.65191650390625,65551300,0.0,0.0
2023-09-11 00:00:00-04:00,178.52572555213936,178.7537488345446,175.81912716109244,177.82180786132812,58953100,0.0,0.0
2023-09-12 00:00:00-04:00,177.95068488711692,178.58519559094336,173.32073699502078,174.7880401611328,90370200,0.0,0.0
2023-09-13 00:00:00-04:00,174.99623588192003,175.77946927367296,172.48793449989455,172.71597290039062,84267900,0.0,0.0
2023-09-14 00:00:00-04:00,172.50778112260195,174.58977763559852,172.09138484558866,174.2328643798828,60895800,0.0,0.0
2023-09-15 00:00:00-04:00,174.96648860625493,174.9863213204115,172.329312484714,173.50909423828125,109205100,0.0,0.0
2023-09-18 00:00:00-04:00,174.9665135519817,177.84165239746525,174.65917451441445,176.44374084472656,67257600,0.0,0.0
2023-09-19 00:00:00-04:00,175.99759154247158,178.08949677364237,175.61093679016653,177.5343017578125,51826900,0.0,0.0
2023-09-20 00:00:00-04:00,177.72264255589144,178.158871491594,173.8957457034938,173.9849853515625,58436200,0.0,0.0
2023-09-21 00:00:00-04:00,173.05307823361915,174.7880703941122,172.36899318987008,172.43838500976562,63047900,0.0,0.0
2023-09-22 00:00:00-04:00,173.17200382635897,175.56133895987557,172.5573258740407,173.2909698486328,56725400,0.0,0.0
2023-09-25 00:00:00-04:00,172.70604916227998,175.4522977411563,172.65647493916612,174.56993103027344,46172700,0.0,0.0
2023-09-26 00:00:00-04:00,173.32074847329434,173.69747930093746,170.1878450472042,170.4852752685547,64588900,0.0,0.0
2023-09-27 00:00:00-04:00,171.13957384349305,171.55597002980713,167.60019869586014,168.96835327148438,66921800,0.0,0.0
2023-09-28 00:00:00-04:00,167.88772217595067,170.5546549284134,166.18247183150447,169.2261505126953,56294400,0.0,0.0
2023-09-29 00:00:00-04:00,170.54475018871184,171.58574835004075,168.87915010499984,169.74169921875,51814200,0.0,0.0
2023-10-02 00:00:00-04:00,169.75163176575097,172.80521973991003,169.46411031162458,172.2599334716797,52164500,0.0,0.0
2023-10-03 00:00:00-04:00,170.78269477378157,172.14095595651972,169.3550569046923,170.92149353027344,49594600,0.0,0.0
2023-10-04 00:00:00-04:00,169.62273306372262,172.71598631340495,169.5037670214799,172.1707000732422,53020300,0.0,0.0
2023-10-05 00:00:00-04:00,172.299583153516,173.94535074695764,171.19910182632682,173.4099884033203,48527900,0.0,0.0
2023-10-06 00:00:00-04:00,172.30950772319366,176.46357702906525,171.6948145080504,175.96786499023438,57224100,0.0,0.0
2023-10-09 00:00:00-04:00,175.29367439346143,177.51446959158443,174.2923416030924,177.45498657226562,42390800,0.0,0.0
2023-10-10 00:00:00-04:00,176.5726316175604,178.1787337581922,176.42390893139742,176.86013793945312,43698000,0.0,0.0
2023-10-11 00:00:00-04:00,176.6717569025772,178.30761560829964,176.07691156880261,178.25804138183594,47551100,0.0,0.0
2023-10-12 00:00:00-04:00,178.52572180730996,180.77624333047942,177.50454119898205,179.1602325439453,56743100,0.0,0.0
2023-10-13 00:00:00-04:00,179.8641135443321,180.36973426316322,176.61224451765878,177.316162109375,51427100,0.0,0.0
2023-10-16 00:00:00-04:00,175.2341951108354,177.54421488719547,174.99624790055657,177.1873016357422,52517000,0.0,0.0
2023-10-17 00:00:00-04:00,175.135025356181,176.88984988971393,173.30090022346374,175.6307373046875,57549400,0.0,0.0
2023-10-18 00:00:00-04:00,174.07422069011992,176.05706860986896,173.60825021874456,174.3319854736328,54764400,0.0,0.0
2023-10-19 00:00:00-04:00,174.53027383635083,176.31484005715805,173.68757251536525,173.95526123046875,59302900,0.0,0.0
2023-10-20 00:00:00-04:00,173.80650673709968,173.91556396196083,171.15940696411764,171.39735412597656,64189300,0.0,0.0
2023-10-23 00:00:00-04:00,169.4442697526279,172.51767489960218,168.4726633962427,171.51634216308594,55980100,0.0,0.0
2023-10-24 00:00:00-04:00,171.56592094062157,172.18059896074934,169.97963653831403,171.95257568359375,43816600,0.0,0.0
2023-10-25 00:00:00-04:00,170.4059694558874,171.57584256593557,169.18650699014253,169.63265991210938,57157000,0.0,0.0
2023-10-26 00:00:00-04:00,168.90890687614655,169.91025482669738,164.24921696829185,165.45875549316406,70625300,0.0,0.0
2023-10-27 00:00:00-04:00,165.47858075180807,167.5110029440003,165.39926501775972,166.77734375,58499100,0.0,0.0
2023-10-30 00:00:00-04:00,167.57047708446643,169.70203248533966,167.42175441803172,168.82957458496094,51131000,0.0,0.0
2023-10-31 00:00:00-04:00,167.89763042656077,169.43432524941466,166.4600537812944,169.30545043945312,44846000,0.0,0.0
2023-11-01 00:00:00-04:00,169.5334819772275,172.73577684542204,168.6610241296242,172.47801208496094,56934900,0.0,0.0
2023-11-02 00:00:00-04:00,174.01474271477764,176.25535548295753,173.95525969593038,176.0471649169922,77334800,0.0,0.0
2023-11-03 00:00:00-04:00,172.74571998498175,175.30359567263832,171.8633532465518,175.13504028320312,79763700,0.0,0.0
2023-11-06 00:00:00-05:00,174.86736758526175,177.8911986418375,174.69882732290304,177.6929168701172,63841300,0.0,0.0
2023-11-07 00:00:00-05:00,177.64332285545842,180.87537437336846,177.4351323131202,180.2606964111328,70530000,0.0,0.0
2023-11-08 00:00:00-05:00,180.7861556902591,181.87671291239437,180.0326638382413,181.32151794433594,49340300,0.0,0.0
2023-11-09 00:00:00-05:00,181.39094357988108,182.54098393459674,180.2507968912838,180.8456573486328,53763500,0.0,0.0
2023-11-10 00:00:00-05:00,182.63256439705196,185.2136688107188,182.19576071339824,185.04489135742188,66133400,0.24,0.0
2023-11-13 00:00:00-05:00,184.46911666550656,184.67758150620577,182.87082057942214,183.45652770996094,43627500,0.0,0.0
2023-11-14 00:00:00-05:00,186.33545119454976,186.74247420260892,184.9456350058848,186.0773468017578,60108400,0.0,0.0
2023-11-15 00:00:00-05:00,186.48434792046902,188.12234646111898,186.41484954526325,186.64317321777344,53790500,0.0,0.0
2023-11-16 00:00:00-05:00,188.191859451107,189.57175373642215,187.2785343944212,188.33084106445312,54412900,0.0,0.0
2023-11-17 00:00:00-05:00,188.86690055056806,188.99596031021713,187.19912126214516,188.31097412109375,50922700,0.0,0.0
2023-11-20 00:00:00-05:00,188.50952517211448,190.51484429092645,188.4996033239707,190.0581817626953,46505100,0.0,0.0
2023-11-21 00:00:00-05:00,190.01848054916417,190.12768147094766,188.36062302598555,189.2540740966797,38134500,0.0,0.0
2023-11-22 00:00:00-05:00,190.09790401781393,191.52742272571234,189.44269847594794,189.91920471191406,39617700,0.0,0.0
2023-11-24 00:00:00-05:00,189.48239453680722,189.51217522879531,187.87417657801197,188.5889434814453,24048300,0.0,0.0
2023-11-27 00:00:00-05:00,188.5393075690696,189.28385517880056,187.52671857843467,188.41024780273438,40552600,0.0,0.0
2023-11-28 00:00:00-05:00,188.4003202806091,189.690872461515,188.02307798905798,189.01580810546875,38415400,0.0,0.0
2023-11-29 00:00:00-05:00,189.51216190888897,190.693513100917,187.5962001689742,187.9932861328125,43014200,0.0,0.0
2023-11-30 00:00:00-05:00,188.4598756228668,188.93639696992793,186.82187704243873,188.56907653808594,48794400,0.0,0.0
2023-12-01 00:00:00-05:00,188.94632812953898,190.16738195236098,187.85431892352926,189.84971618652344,45679300,0.0,0.0
2023-12-04 00:00:00-05:00,188.59886103241988,188.66835941071503,186.08725507958516,188.0528564453125,43389500,0.0,0.0
2023-12-05 00:00:00-05:00,188.82721483361496,192.98674157750665,188.79741899208386,192.0138702392578,66628400,0.0,0.0
2023-12-06 00:00:00-05:00,193.03637997744386,193.34412390879868,190.71339499767492,190.921875,41089700,0.0,0.0
2023-12-07 00:00:00-05:00,192.22233461466143,193.5823700079149,192.18261692775607,192.85768127441406,47477700,0.0,0.0
2023-12-08 00:00:00-05:00,192.7881840281593,194.56517940505597,192.26203828251843,194.28721618652344,53377300,0.0,0.0
2023-12-11 00:00:00-05:00,191.70612101402028,192.08336332058192,190.02840462687192,191.77560424804688,60943700,0.0,0.0
2023-12-12 00:00:00-05:00,191.6763396332624,193.30441647720014,190.32622602015354,193.29449462890625,52696900,0.0,0.0
2023-12-13 00:00:00-05:00,193.67169801773704,196.5605460420224,193.43345250504257,196.52084350585938,70404200,0.0,0.0
2023-12-14 00:00:00-05:00,196.58042720970235,198.16878635020208,194.73394853732478,196.66976928710938,66831600,0.0,0.0
2023-12-15 00:00:00-05:00,196.09397982207716,196.95765018105735,195.56783406915136,196.13369750976562,128256700,0.0,0.0
2023-12-18 00:00:00-05:00,194.66443959475328,195.20052232582978,192.9768014723469,194.4658966064453,55751900,0.0,0.0
2023-12-19 00:00:00-05:00,194.73395718814848,195.51820737110475,194.46591579616017,195.50828552246094,40714100,0.0,0.0
2023-12-20 00:00:00-05:00,195.4685327193502,196.24286091456693,193.41358947753906,193.41358947753906,52242800,0.0,0.0
2023-12-21 00:00:00-05:00,194.67436895686498,195.64724016492798,192.09326476649224,193.26467895507812,46482500,0.0,0.0
2023-12-22 00:00:00-05:00,193.76106624785666,193.9894050921648,191.56714106698067,192.19256591796875,37122800,0.0,0.0
2023-12-26 00:00:00-05:00,192.20248713561688,192.48045036895266,191.42815882163003,191.6465606689453,28919300,0.0,0.0
2023-12-27 00:00:00-05:00,191.09062871652011,192.09328069742187,189.7007974418798,191.74581909179688,48087700,0.0,0.0
2023-12-28 00:00:00-05:00,192.72862541967714,193.24484932489418,191.76567598880632,192.17269897460938,34049900,0.0,0.0
2023-12-29 00:00:00-05:00,192.4903607097449,192.98672576072192,190.33613820624774,191.1303253173828,42628800,0.0,0.0
2024-01-02 00:00:00-05:00,185.78942219080653,187.07005243391947,182.55312769161858,184.2904052734375,82488700,0.0,0.0
2024-01-03 00:00:00-05:00,182.88075702582086,184.52869277861944,182.09649169200898,182.91053771972656,58414500,0.0,0.0
2024-01-04 00:00:00-05:00,180.82578520690032,181.7589539428833,179.5650288616003,180.58753967285156,71983600,0.0,0.0
2024-01-05 00:00:00-05:00,180.66696287937032,181.43135417752765,178.86018676112266,179.8628387451172,62303300,0.0,0.0
2024-01-08 00:00:00-05:00,180.76622380895435,184.2507162227342,180.18051667398524,184.21099853515625,59144500,0.0,0.0
2024-01-09 00:00:00-05:00,182.58293533514995,183.80398923151574,181.40158398145778,183.7940673828125,42841800,0.0,0.0
2024-01-10 00:00:00-05:00,183.00979086506445,185.04487535026095,182.5829090664718,184.83641052246094,46792900,0.0,0.0
2024-01-11 00:00:00-05:00,185.1838742981323,185.69017636593313,182.28510409693843,184.24078369140625,49128400,0.0,0.0
2024-01-12 00:00:00-05:00,184.70737150933715,185.38243589635255,183.84370111575322,184.56838989257812,40444700,0.0,0.0
2024-01-16 00:00:00-05:00,180.83571426310817,182.92043833380222,179.61464536328148,182.29502868652344,65603000,0.0,0.0
2024-01-17 00:00:00-05:00,179.95219077216925,181.6001112377356,178.98924135636386,181.3519287109375,47317400,0.0,0.0
2024-01-18 00:00:00-05:00,184.7371543858006,187.76498444511594,184.47904999387188,187.25869750976562,78005800,0.0,0.0
2024-01-19 00:00:00-05:00,187.95360487861367,190.55455307634924,187.44731794521132,190.16738891601562,68741000,0.0,0.0
2024-01-22 00:00:00-05:00,190.90200101096366,193.90997199821769,190.86228332421425,192.48043823242188,60133900,0.0,0.0
2024-01-23 00:00:00-05:00,193.60223731108647,194.3269260762536,192.42088601370864,193.7610626220703,42355600,0.0,0.0
2024-01-24 00:00:00-05:00,193.9993237123997,194.95235131957728,192.9271733347724,193.0860137939453,53631300,0.0,0.0
2024-01-25 00:00:00-05:00,193.80077725921535,194.84314692565724,191.70611607825748,192.75840759277344,54822100,0.0,0.0
2024-01-26 00:00:00-05:00,192.85767485186383,193.3441028913112,190.54461197208147,191.0211181640625,44594000,0.0,0.0
2024-01-29 00:00:00-05:00,190.6141143586287,190.80273551445788,188.20178731814485,190.33615112304688,47145600,0.0,0.0
2024-01-30 00:00:00-05:00,189.5518847070131,190.4056331853674,186.10711010289756,186.67295837402344,55859400,0.0,0.0
2024-01-31 00:00:00-05:00,185.68022448739953,185.73980101543498,183.00979333970113,183.05941772460938,55467800,0.0,0.0
2024-02-01 00:00:00-05:00,182.65244073831812,185.59091374061754,182.4836784167144,185.50157165527344,64885400,0.0,0.0
2024-02-02 00:00:00-05:00,178.55244241438749,185.96813772334343,177.9468764270477,184.4989013671875,102518000,0.0,0.0
2024-02-05 00:00:00-05:00,186.7821513481828,187.8741604535555,184.48894737475842,186.31556701660156,69668800,0.0,0.0
2024-02-06 00:00:00-05:00,185.50154897397763,187.9337347140823,185.4122068995574,187.92381286621094,43490800,0.0,0.0
2024-02-07 00:00:00-05:00,189.2540738540102,189.66109684812312,187.23883287556598,188.03302001953125,53439000,0.0,0.0
2024-02-08 00:00:00-05:00,188.0131563419714,188.16205980044833,185.98799356738817,186.95094299316406,40962000,0.0,0.0
2024-02-09 00:00:00-05:00,187.5174970927484,188.8494643803939,186.8714052160575,187.71630859375,45155200,0.24,0.0
2024-02-12 00:00:00-05:00,187.28888476363343,187.537383976275,185.66866504371018,186.02650451660156,41781900,0.0,0.0
2024-02-13 00:00:00-05:00,184.6547973151463,185.09215835173688,182.4083547485107,183.92916870117188,56529500,0.0,0.0
2024-02-14 00:00:00-05:00,184.20751487981576,184.41624573755993,181.34479892181088,183.04452514648438,54630500,0.0,0.0
2024-02-15 00:00:00-05:00,182.4481499819002,183.38250957635185,180.2613596441227,182.75628662109375,65434500,0.0,0.0
2024-02-16 00:00:00-05:00,182.31891336045317,183.7403368438813,180.57941874936438,181.215576171875,49701400,0.0,0.0
2024-02-20 00:00:00-05:00,180.69867728023533,181.33483464555084,178.91942962585208,180.47006225585938,53665600,0.0,0.0
2024-02-21 00:00:00-05:00,180.84778599399235,181.7920799507102,179.57547126273693,181.2255096435547,41529700,0.0,0.0
2024-02-22 00:00:00-05:00,182.37854224114136,183.84966853541172,181.36467634977905,183.26319885253906,52292200,0.0,0.0
2024-02-23 00:00:00-05:00,183.89935895257477,183.92917764586625,181.13604881484736,181.42431640625,45119700,0.0,0.0
2024-02-26 00:00:00-05:00,181.1459977034405,181.66286516303873,179.56553112991756,180.07247924804688,40867400,0.0,0.0
2024-02-27 00:00:00-05:00,180.01283169575817,182.81589486499632,178.48206808634893,181.5336456298828,54318900,0.0,0.0
2024-02-28 00:00:00-05:00,181.4143549983027,182.02069366799873,179.04865286943277,180.33090209960938,48953900,0.0,0.0
2024-02-29 00:00:00-05:00,180.1818301671186,181.47402922690614,178.45227002550848,179.66494750976562,136682600,0.0,0.0
2024-03-01 00:00:00-05:00,178.47214167082092,179.44625436004063,176.31517027538303,178.58148193359375,73488000,0.0,0.0
2024-03-04 00:00:00-05:00,175.09254322615726,175.838040881393,172.74670999766127,174.04885864257812,81510100,0.0,0.0
2024-03-05 00:00:00-05:00,169.73489700267342,171.00721175997333,168.60174119797853,169.09873962402344,95132400,0.0,0.0
2024-03-06 00:00:00-05:00,170.03310800783655,170.2120353375331,167.6673905223103,168.10475158691406,68587700,0.0,0.0
2024-03-07 00:00:00-05:00,168.13456709874717,169.70508399774383,167.47854068144582,167.9854736328125,71765100,0.0,0.0
2024-03-08 00:00:00-05:00,167.98548292374957,172.65726551008456,167.9258455340773,169.70509338378906,76114600,0.0,0.0
2024-03-11 00:00:00-04:00,171.9017982082401,173.3331559369753,171.01714171856162,171.7129364013672,60139500,0.0,0.0
2024-03-12 00:00:00-04:00,172.1105571632911,172.98527928876703,169.9834044040384,172.19007873535156,59825400,0.0,0.0
2024-03-13 00:00:00-04:00,171.7328613388464,172.15033824760602,169.73491771533728,170.1027069091797,52488700,0.0,0.0
2024-03-14 00:00:00-04:00,171.87198497095238,173.26357438070215,171.01714714290978,171.96144104003906,72913500,0.0,0.0
2024-03-15 00:00:00-04:00,170.14244776104985,171.583740234375,169.26772563447943,171.583740234375,121664700,0.0,0.0
2024-03-18 00:00:00-04:00,174.51605499918875,176.6432079045962,172.4783581807999,172.67715454101562,75604200,0.0,0.0
2024-03-19 00:00:00-04:00,173.29340452493878,175.54978158656556,171.99127109820583,175.02296447753906,55215200,0.0,0.0
2024-03-20 00:00:00-04:00,174.66512448913912,177.597412109375,174.0389016316341,177.597412109375,53423100,0.0,0.0
2024-03-21 00:00:00-04:00,175.98715795881162,176.42451903095682,169.81443040365232,170.34124755859375,106181300,0.0,0.0
2024-03-22 00:00:00-04:00,170.7289059277682,172.0111704512642,169.0391141931604,171.24578857421875,71106600,0.0,0.0
2024-03-25 00:00:00-04:00,169.54605342761408,170.90782428626645,168.43276661931924,169.82437133789062,54288300,0.0,0.0
2024-03-26 00:00:00-04:00,168.97946029150032,170.39093396328443,168.56198344496033,168.6912078857422,57388400,0.0,0.0
2024-03-27 00:00:00-04:00,169.3870074763491,172.55785986634996,169.08880538680637,172.26959228515625,60273300,0.0,0.0
2024-03-28 00:00:00-04:00,170.71896018041463,171.1960744249358,169.4863986176142,170.45057678222656,65672700,0.0,0.0
2024-04-01 00:00:00-04:00,170.16233265286536,170.22197004043582,168.46259127116116,169.00929260253906,46240500,0.0,0.0
2024-04-02 00:00:00-04:00,168.0649959882119,168.3234297194346,167.22009256480143,167.82643127441406,49329500,0.0,0.0
2024-04-03 00:00:00-04:00,167.7767233727702,169.6553768320082,167.56799252573734,168.63156127929688,47691700,0.0,0.0
2024-04-04 00:00:00-04:00,169.26771043200742,170.8879300889726,167.80654907226562,167.80654907226562,53704400,0.0,0.0
2024-04-05 00:00:00-04:00,168.5719309687928,169.36713152382467,167.9357735582051,168.56199645996094,42055200,0.0,0.0
2024-04-08 00:00:00-04:00,168.01527116167622,168.18424879084623,167.2300203946877,167.43875122070312,37425500,0.0,0.0
2024-04-09 00:00:00-04:00,167.6872804964856,169.05900112515698,167.33939066831408,168.65145874023438,42451200,0.0,0.0
2024-04-10 00:00:00-04:00,167.78669305483746,168.0749455051257,166.10683573391543,166.77281188964844,49709300,0.0,0.0
2024-04-11 00:00:00-04:00,167.3294357885208,174.4067040844594,167.1505236254001,173.9892120361328,91070300,0.0,0.0
2024-04-12 00:00:00-04:00,173.21389665591335,177.28929006742356,173.16420894399843,175.4901580810547,101593300,0.0,0.0
2024-04-15 00:00:00-04:00,174.30730560539226,175.56968597759519,171.4644737242048,171.65333557128906,73531800,0.0,0.0
2024-04-16 00:00:00-04:00,170.71895735574867,172.71688554496447,167.2598525976239,168.36318969726562,73711200,0.0,0.0
2024-04-17 00:00:00-04:00,168.59180586766368,169.62555591523414,166.99147033691406,166.99147033691406,50901200,0.0,0.0
2024-04-18 00:00:00-04:00,167.02129381245496,167.62763251332663,165.55018268321453,166.0372314453125,43122900,0.0,0.0
2024-04-19 00:00:00-04:00,165.21220316607506,165.40104980433753,163.09498527768548,164.00946044921875,67772100,0.0,0.0
2024-04-22 00:00:00-04:00,164.52636553527142,166.2559103754066,163.78086788564391,164.8444366455078,48116400,0.0,0.0
2024-04-23 00:00:00-04:00,164.35737315952596,166.04716464714997,163.9299466584378,165.89805603027344,49537800,0.0,0.0
2024-04-24 00:00:00-04:00,165.5402176329784,168.2836584621474,165.21221204158294,168.00534057617188,48251800,0.0,0.0
2024-04-25 00:00:00-04:00,168.51227772975648,169.58579610298705,167.14055728054169,168.8701171875,50558300,0.0,0.0
2024-04-26 00:00:00-04:00,168.86018085141623,170.31140768247312,168.16437095925713,168.28366088867188,44838400,0.0,0.0
2024-04-29 00:00:00-04:00,172.3292258757486,174.97326108846298,172.06085765153782,172.4584503173828,68169400,0.0,0.0
2024-04-30 00:00:00-04:00,172.28947031289857,173.9395086711804,168.9794590883409,169.30747985839844,65934800,0.0,0.0
2024-05-01 00:00:00-04:00,168.56197877866052,171.67319360904702,168.0947990703537,168.28366088867188,50383100,0.0,0.0
2024-05-02 00:00:00-04:00,171.4743893691613,172.37893013348045,169.8641193422282,171.99127197265625,94214900,0.0,0.0
2024-05-03 00:00:00-04:00,185.52950301417593,185.87740797297917,181.56346535319665,182.27914428710938,163224100,0.0,0.0
2024-05-06 00:00:00-04:00,181.2553285088154,183.09421354898845,179.33690673477625,180.61917114257812,78569700,0.0,0.0
2024-05-07 00:00:00-04:00,182.34873828791632,183.79003083864822,180.2315350883076,181.30503845214844,77305800,0.0,0.0
2024-05-08 00:00:00-04:00,181.75233037266264,181.97101089337855,180.36072568018065,181.6429901123047,45057100,0.0,0.0
2024-05-09 00:00:00-04:00,181.46407733528633,183.55147695770702,181.0167817496789,183.46202087402344,48983000,0.0,0.0
2024-05-10 00:00:00-04:00,184.039301056681,184.22841905381327,181.28220609270682,182.1979217529297,50759500,0.25,0.0
2024-05-13 00:00:00-04:00,184.57680131825043,186.22907786103977,183.76061103045285,185.4128875732422,72044800,0.0,0.0
2024-05-14 00:00:00-04:00,186.63715506565202,187.42348620330452,185.42283282321628,186.55752563476562,52393600,0.0,0.0
2024-05-15 00:00:00-04:00,187.03529613574696,189.76253191302303,186.49780129168897,188.8368682861328,70400000,0.0,0.0
2024-05-16 00:00:00-04:00,189.58338637309936,190.21045865928463,188.7771592552961,188.95631408691406,52845200,0.0,0.0
2024-05-17 00:00:00-04:00,188.62785068172937,189.9218023921439,188.29938496531759,188.98617553710938,41282900,0.0,0.0
2024-05-20 00:00:00-04:00,188.44869465688268,191.02663488992152,188.1301769262196,190.15072631835938,44361300,0.0,0.0
2024-05-21 00:00:00-04:00,190.20049107683238,191.83285642957057,190.03128423275254,191.4546356201172,42309400,0.0,0.0
2024-05-22 00:00:00-04:00,191.37500087150013,191.92244369758092,189.38431073139583,190.01136779785156,34648500,0.0,0.0
2024-05-23 00:00:00-04:00,190.09099161364105,190.11090276702717,185.76124979940406,186.0100860595703,51005900,0.0,0.0
2024-05-24 00:00:00-04:00,187.94106857836448,189.6928704821682,187.16468542966413,189.0956573486328,36294600,0.0,0.0
2024-05-28 00:00:00-04:00,190.61853495727325,192.10160462638697,188.21976480489596,189.10562133789062,52280100,0.0,0.0
2024-05-29 00:00:00-04:00,188.7273931739324,191.35510374397245,188.6278525845266,189.4042205810547,53068000,0.0,0.0
2024-05-30 00:00:00-04:00,189.8720349370489,191.2854232244703,189.7426503955058,190.39956665039062,49947900,0.0,0.0
2024-05-31 00:00:00-04:00,190.5488754083416,191.67362027294615,189.02599856414395,191.3551025390625,75158300,0.0,0.0
2024-06-03 00:00:00-04:00,192.00207093054578,194.08235381042343,191.62385010600926,193.12681579589844,50080500,0.0,0.0
2024-06-04 00:00:00-04:00,193.73397115741048,194.41081372828987,192.13146492648488,193.44532775878906,47471400,0.0,0.0
2024-06-05 00:00:00-04:00,194.49042328995185,195.9834409155792,193.96289161058436,194.95823669433594,54156800,0.0,0.0
2024-06-06 00:00:00-04:00,194.77908126144504,195.58530834672572,193.2661524862918,193.57470703125,41181800,0.0,0.0
2024-06-07 00:00:00-04:00,193.7439169991778,196.02326577578603,193.23629646745044,195.97349548339844,53103900,0.0,0.0
2024-06-10 00:00:00-04:00,195.98344204153506,196.3815891899795,191.25555286655262,192.22103881835938,97262100,0.0,0.0
2024-06-11 00:00:00-04:00,192.74857122232135,206.19569315156764,192.72867525564521,206.18572998046875,172373300,0.0,0.0
2024-06-12 00:00:00-04:00,206.40472171133436,219.1750019825869,205.9369082694312,212.0782012939453,198134300,0.0,0.0
2024-06-13 00:00:00-04:00,213.74040935969603,215.74104751612717,210.61502639534655,213.24273681640625,97862700,0.0,0.0
2024-06-14 00:00:00-04:00,212.8545395919822,214.16838712685717,210.31640674162668,211.50086975097656,70122700,0.0,0.0
2024-06-17 00:00:00-04:00,212.37678083551464,217.9308083607288,211.72981259041407,215.6614227294922,93728300,0.0,0.0
2024-06-18 00:00:00-04:00,216.5771221156608,217.61228945527094,212.008492058615,213.29248046875,79943300,0.0,0.0
2024-06-20 00:00:00-04:00,212.93418113045576,213.24275088537271,207.87784112226225,208.70396423339844,86172500,0.0,0.0
2024-06-21 00:00:00-04:00,209.41064929966387,210.90366690915465,206.14591867526494,206.52415466308594,246421400,0.0,0.0
2024-06-24 00:00:00-04:00,206.75306897426384,211.70988292620214,205.62832424046638,207.17111206054688,80727000,0.0,0.0
2024-06-25 00:00:00-04:00,208.17643126307132,210.39606187439708,207.63895156671146,208.09681701660156,56713900,0.0,0.0
2024-06-26 00:00:00-04:00,210.51548557795786,213.8598456726642,209.65948819693895,212.25733947753906,66213200,0.0,0.0
2024-06-27 00:00:00-04:00,213.69064352295018,214.73575892320002,211.36153961685812,213.1033935546875,49772700,0.0,0.0
2024-06-28 00:00:00-04:00,214.76560832661605,215.0642148828325,209.3210696212814,209.6395721435547,82542700,0.0,0.0
2024-07-01 00:00:00-04:00,211.10273143743845,216.4974998735104,210.933524598722,215.7410430908203,60402900,0.0,0.0
2024-07-02 00:00:00-04:00,215.1438274713018,219.35414798734178,214.09872731420612,219.24465942382812,58046200,0.0,0.0
2024-07-03 00:00:00-04:00,218.97591935149836,220.51870727539062,218.01043340115498,220.51870727539062,37369800,0.0,0.0
2024-07-05 00:00:00-04:00,220.61823649717394,225.39589603978789,220.61823649717394,225.28640747070312,60412400,0.0,0.0
2024-07-08 00:00:00-04:00,226.0329238568709,226.78939588229815,222.21080217009418,226.75953674316406,59085900,0.0,0.0
2024-07-09 00:00:00-04:00,226.8690002119573,228.33215871662,225.3162642938077,227.61550903320312,48076100,0.0,0.0
2024-07-10 00:00:00-04:00,228.23264496613547,231.9950484021832,228.18287467129386,231.8955078125,62627700,0.0,0.0
2024-07-11 00:00:00-04:00,230.31290687462652,231.30825199534104,224.7190721562944,226.5106964111328,64710600,0.0,0.0
2024-07-12 00:00:00-04:00,227.85438851986095,231.55707334519846,227.61550023869842,229.4668426513672,53046500,0.0,0.0
2024-07-15 00:00:00-04:00,235.37920328245679,236.12571210202407,232.00498402552307,233.3088836669922,62631300,0.0,0.0
2024-07-16 00:00:00-04:00,233.90611406831457,235.17020668202304,231.24854429696344,233.72695922851562,43234300,0.0,0.0
2024-07-17 00:00:00-04:00,228.3819445580284,230.38259805534622,225.58502708071103,227.81460571289062,57345900,0.0,0.0
2024-07-18 00:00:00-04:00,229.20805491946456,229.3673137711516,221.2353466054131,223.13644409179688,66034600,0.0,0.0
2024-07-19 00:00:00-04:00,223.77348959602472,225.74426861436035,222.24064965794977,223.26585388183594,49151500,0.0,0.0
2024-07-22 00:00:00-04:00,225.9532706718539,226.71969060050867,222.051519961604,222.91748046875,48201800,0.0,0.0
2024-07-23 00:00:00-04:00,223.32558043665784,225.88362469345716,221.6434447483752,223.9626007080078,39960300,0.0,0.0
2024-07-24 00:00:00-04:00,222.9572958470105,223.75357494115906,216.1192800710717,217.522705078125,61777600,0.0,0.0
2024-07-25 00:00:00-04:00,217.91088420998827,219.8219600686179,213.62094948036474,216.47760009765625,51391200,0.0,0.0
2024-07-26 00:00:00-04:00,217.68198025772855,218.46831142772768,215.0044993866062,216.9454345703125,41601300,0.0,0.0
2024-07-29 00:00:00-04:00,215.95008057489312,218.27918447457574,214.74570631572197,217.22412109375,36311800,0.0,0.0
2024-07-30 00:00:00-04:00,218.16969337819762,219.30438617677734,215.11397665237357,217.78150939941406,41643800,0.0,0.0
2024-07-31 00:00:00-04:00,220.40921389598267,222.77814001369308,219.60298682237814,221.04623413085938,50036300,0.0,0.0
2024-08-01 00:00:00-04:00,223.32558576007955,223.43507433375405,216.00980804268707,217.34356689453125,62501000,0.0,0.0
2024-08-02 00:00:00-04:00,218.1298614428512,224.54984915998065,216.69657732981517,218.83656311035156,105568600,0.0,0.0
2024-08-05 00:00:00-04:00,198.16324716744046,212.506173331003,195.0876345333798,208.29586791992188,119548600,0.0,0.0
2024-08-06 00:00:00-04:00,204.3443568031922,209.0125278604179,200.13405118519225,206.26536560058594,69660500,0.0,0.0
2024-08-07 00:00:00-04:00,205.9369016050796,212.64553325809877,205.4292810556757,208.84332275390625,63516400,0.0,0.0
2024-08-08 00:00:00-04:00,212.1179811495676,213.20290359333654,207.85790561211314,212.31704711914062,47161100,0.0,0.0
2024-08-09 00:00:00-04:00,211.11270086651854,215.77090862412464,210.98330114399806,215.23342895507812,42201600,0.0,0.0
2024-08-12 00:00:00-04:00,215.31314332730477,218.7410807003227,214.84478845727688,216.7680206298828,38028100,0.25,0.0
2024-08-13 00:00:00-04:00,218.2428558389481,221.11277276612057,218.2428558389481,220.4949493408203,44155300,0.0,0.0
2024-08-14 00:00:00-04:00,219.7973785028084,222.24875291914373,218.9304156630747,220.94334411621094,41960600,0.0,0.0
2024-08-15 00:00:00-04:00,223.8132865248532,224.56065945598428,221.979720044419,223.932861328125,46414000,0.0,0.0
2024-08-16 00:00:00-04:00,223.1356500786779,226.03546056539557,222.86659157853387,225.25819396972656,44340200,0.0,0.0
2024-08-19 00:00:00-04:00,224.92935218120843,225.19841068626937,222.25873174304007,225.0987548828125,40687800,0.0,0.0
2024-08-20 00:00:00-04:00,224.9791698204466,226.3742597731608,224.66028342820331,225.71656799316406,30299000,0.0,0.0
2024-08-21 00:00:00-04:00,225.7265541171402,227.18143154067607,224.26170199000447,225.60696411132812,34765500,0.0,0.0
2024-08-22 00:00:00-04:00,226.9920749311584,227.54015139464096,223.11570169720306,223.74349975585938,43695300,0.0,0.0
2024-08-23 00:00:00-04:00,224.86956599566977,227.42059644239848,223.5442228703079,226.04542541503906,38677300,0.0,0.0
2024-08-26 00:00:00-04:00,225.9657045588355,226.48388737170686,223.1057623977585,226.3842315673828,30602200,0.0,0.0
2024-08-27 00:00:00-04:00,225.208374045966,228.0483972344343,224.10226151212836,227.23126220703125,35934600,0.0,0.0
2024-08-28 00:00:00-04:00,227.12163896438045,229.05484595642545,224.88947977262964,225.6966552734375,38052200,0.0,0.0
2024-08-29 00:00:00-04:00,229.29401907737392,232.10413336375854,228.07829123837303,228.98509216308594,51906300,0.0,0.0
2024-08-30 00:00:00-04:00,229.38367949051207,229.5929353752877,226.68316554604098,228.19784545898438,52990800,0.0,0.0
2024-09-03 00:00:00-04:00,227.74943764667495,228.1978583447122,220.39528345963856,221.98968505859375,50190600,0.0,0.0
2024-09-04 00:00:00-04:00,220.88357632692316,221.00315112701452,216.71821006143196,220.076416015625,43840200,0.0,0.0
2024-09-05 00:00:00-04:00,220.85368603716802,224.69019125096705,220.7440707336114,221.60105895996094,36615400,0.0,0.0
2024-09-06 00:00:00-04:00,223.16553454066073,224.4510243839852,219.00018373655976,220.0465087890625,48423000,0.0,0.0
2024-09-09 00:00:00-04:00,220.04651885251477,220.49493955114087,215.95091475509392,220.13619995117188,67180000,0.0,0.0
2024-09-10 00:00:00-04:00,218.15315521125123,220.70418549359823,215.97082401031443,219.3389892578125,51591000,0.0,0.0
2024-09-11 00:00:00-04:00,220.68428751867503,222.30856769538977,217.12678504013684,221.8800811767578,44587100,0.0,0.0
2024-09-12 00:00:00-04:00,221.7206265576352,222.76695165661573,219.0500213655269,221.98968505859375,37498200,0.0,0.0
2024-09-13 00:00:00-04:00,222.79683029802118,223.2552104631355,221.1326819144566,221.72061157226562,36766600,0.0,0.0
2024-09-16 00:00:00-04:00,215.78148650258865,216.45911247240775,213.17066883128115,215.56227111816406,59357400,0.0,0.0
2024-09-17 00:00:00-04:00,214.99427397716522,216.14023969143096,213.74865245933694,216.03062438964844,45519300,0.0,0.0
2024-09-18 00:00:00-04:00,216.7879611815548,221.9298901997397,216.777986478492,219.91696166992188,59894900,0.0,0.0
2024-09-19 00:00:00-04:00,224.20191472936153,229.01499812075548,223.84317512238368,228.0683135986328,66781300,0.0,0.0
2024-09-20 00:00:00-04:00,229.1644542640561,232.27352055331795,226.82267984404155,227.40065002441406,318679900,0.0,0.0
2024-09-23 00:00:00-04:00,226.54367501316779,228.64628476177805,225.01903547850176,225.67672729492188,54146000,0.0,0.0
2024-09-24 00:00:00-04:00,227.8490624720206,228.54662262661762,224.93929267987525,226.57354736328125,43556100,0.0,0.0
2024-09-25 00:00:00-04:00,224.1420985437932,226.49383244586693,223.2352976856936,225.57705688476562,42308700,0.0,0.0
2024-09-26 00:00:00-04:00,226.50380712846774,227.69960067739044,224.62042810744603,226.72303771972656,36636700,0.0,0.0
2024-09-27 00:00:00-04:00,227.6597471643239,228.71603171782343,226.50380681299467,226.99208068847656,34026000,0.0,0.0
2024-09-30 00:00:00-04:00,229.234199611622,232.183837890625,228.84556632808733,232.183837890625,54541900,0.0,0.0
2024-10-01 00:00:00-04:00,228.71605176109068,228.84558606321303,222.956298905669,225.4176483154297,63285000,0.0,0.0
2024-10-02 00:00:00-04:00,225.09875954956593,226.5735711981907,222.23881735408233,225.9856414794922,32880600,0.0,0.0
2024-10-03 00:00:00-04:00,224.35137431302277,226.01552277761738,222.53775735368686,224.8795166015625,34044200,0.0,0.0
2024-10-04 00:00:00-04:00,227.10169192907478,227.20134772512517,223.3449086623416,226.00555419921875,37245100,0.0,0.0
2024-10-07 00:00:00-04:00,223.7136221153256,224.8994562199718,220.55472780586587,220.91346740722656,39505400,0.0,0.0
2024-10-08 00:00:00-04:00,223.51431968732726,225.1884276449642,222.46799461113406,224.9791717529297,31855700,0.0,0.0
2024-10-09 00:00:00-04:00,224.44106139019914,228.94523301761674,224.0424685900414,228.7359619140625,33591100,0.0,0.0
2024-10-10 00:00:00-04:00,226.98212047614993,228.6960967971132,226.3742566041183,228.23770141601562,28183500,0.0,0.0
2024-10-11 00:00:00-04:00,228.4968150773993,228.60643037956845,226.54367384020586,226.75294494628906,31759200,0.0,0.0
2024-10-14 00:00:00-04:00,227.89890830734765,230.91829362955485,227.79926770980506,230.48980712890625,39882100,0.0,0.0
2024-10-15 00:00:00-04:00,232.79170373632726,236.65811760908664,231.5560417756155,233.03086853027344,64751400,0.0,0.0
2024-10-16 00:00:00-04:00,230.7887621886474,231.30692979509985,229.0349173503749,230.96812438964844,34082200,0.0,0.0
2024-10-17 00:00:00-04:00,232.6123377292532,233.0308799404877,229.71254238803704,231.33682250976562,32993800,0.0,0.0
2024-10-18 00:00:00-04:00,235.35269346424636,235.35269346424636,233.19029643777657,234.1768341064453,46431500,0.0,0.0
2024-10-21 00:00:00-04:00,233.6287538470191,236.0203561309456,233.6287538470191,235.65164184570312,36254500,0.0,0.0
2024-10-22 00:00:00-04:00,233.07072804715946,235.3925683333293,231.7852533575211,235.03382873535156,38846600,0.0,0.0
2024-10-23 00:00:00-04:00,233.26005323081202,234.31633777031985,226.96218398382533,229.95167541503906,52287000,0.0,0.0
2024-10-24 00:00:00-04:00,229.17442995295067,230.01149918679397,227.60993720006027,229.7623748779297,31109500,0.0,0.0
2024-10-25 00:00:00-04:00,228.93527772998817,232.4030838122294,228.7658750265385,230.59942626953125,38802300,0.0,0.0
2024-10-28 00:00:00-04:00,232.50273684103132,233.9077863541258,231.73542973016842,232.5824432373047,36087100,0.0,0.0
2024-10-29 00:00:00-04:00,232.28350596136286,233.50919327337175,231.50623935322642,232.85150146484375,35417200,0.0,0.0
2024-10-30 00:00:00-04:00,231.79520878623467,232.65219696606212,228.74592985962587,229.29400634765625,47070900,0.0,0.0
2024-10-31 00:00:00-04:00,228.53666090957242,229.02495000446748,224.5805658660821,225.11868286132812,64370100,0.0,0.0
2024-11-01 00:00:00-04:00,220.1959891516409,224.56065178607977,219.49844414747824,222.1291961669922,65276700,0.0,0.0
2024-11-04 00:00:00-05:00,220.21591416091667,222.0095968952219,218.94039900502227,221.23233032226562,44944500,0.0,0.0
2024-11-05 00:00:00-05:00,221.02308305755813,223.1655459656629,220.36539125313263,222.66729736328125,28111300,0.0,0.0
2024-11-06 00:00:00-05:00,221.83023455712816,225.27812143912794,220.41521040716108,221.93984985351562,54561100,0.0,0.0
2024-11-07 00:00:00-05:00,223.8431738287627,227.081789771112,223.7833864288354,226.6831817626953,42137700,0.0,0.0
2024-11-08 00:00:00-05:00,226.6233197345054,228.10973956989392,225.8651541338214,226.41383361816406,38328800,0.25,0.0
2024-11-11 00:00:00-05:00,224.4585504714927,225.15686291743452,220.96697301971395,223.69039916992188,42005600,0.0,0.0
2024-11-12 00:00:00-05:00,224.00963641496367,225.04712701721013,222.82249764582772,223.69039916992188,40398300,0.0,0.0
2024-11-13 00:00:00-05:00,223.4709176605461,226.10456392944064,222.2239257676591,224.5782470703125,48566200,0.0,0.0
2024-11-14 00:00:00-05:00,224.47849544461576,228.31922131738446,224.45853931227538,227.67079162597656,44923900,0.0,0.0
2024-11-15 00:00:00-05:00,225.8551667084814,226.3739196007606,223.73030286311794,224.4585418701172,47923700,0.0,0.0
2024-11-18 00:00:00-05:00,224.70792952115227,229.18712968944305,224.62812021676072,227.4712677001953,44686000,0.0,0.0
2024-11-19 00:00:00-05:00,226.43377721041003,229.60613257977118,226.11455519341968,227.73065185546875,36211800,0.0,0.0
2024-11-20 00:00:00-05:00,227.51117324017346,229.37666823104936,225.34639715216647,228.44891357421875,35169600,0.0,0.0
2024-11-21 00:00:00-05:00,228.3292117939797,229.60613029336434,225.16684213362325,227.97007751464844,42108300,0.0,0.0
2024-11-22 00:00:00-05:00,227.51117639639193,230.16477882059493,227.51117639639193,229.3168182373047,38168300,0.0,0.0
2024-11-25 00:00:00-05:00,230.9030055193102,232.68869124314412,229.1871434272115,232.30960083007812,90152800,0.0,0.0
2024-11-26 00:00:00-05:00,232.76849125195545,235.00310615337486,232.76849125195545,234.49432373046875,45986200,0.0,0.0
2024-11-27 00:00:00-05:00,233.9057547855541,235.12282010257627,233.24733940643014,234.36463928222656,33498400,0.0,0.0
2024-11-29 00:00:00-05:00,234.24492549364632,237.2377059705746,233.40695061340287,236.7588653564453,28481400,0.0,0.0
2024-12-02 00:00:00-05:00,236.69901868412032,240.21053691361496,236.58928278806928,239.013427734375,48137100,0.0,0.0
2024-12-03 00:00:00-05:00,239.232908507596,242.1758064568113,238.32509471728144,242.06607055664062,38861000,0.0,0.0
2024-12-04 00:00:00-05:00,242.28553892887177,243.5225604021956,240.66944226019712,242.42520141601562,44383900,0.0,0.0
2024-12-05 00:00:00-05:00,243.40284992887905,243.95151419061432,241.54732536132988,242.4551239013672,40033900,0.0,0.0
2024-12-06 00:00:00-05:00,242.32543882662802,244.04130085085734,241.49743440151175,242.25559997558594,36870600,0.0,0.0
2024-12-09 00:00:00-05:00,241.24804586880077,246.64503053466012,241.16823655952678,246.1562042236328,44649200,0.0,0.0
2024-12-10 00:00:00-05:00,246.2958646584201,247.612695417372,244.7495916510093,247.1737518310547,36914800,0.0,0.0
2024-12-11 00:00:00-05:00,247.3632990378159,250.19646101706442,245.66737785476369,245.89683532714844,45205800,0.0,0.0
2024-12-12 00:00:00-05:00,246.2958641332418,248.1414182384854,245.08876927344312,247.36329650878906,32777500,0.0,0.0
2024-12-13 00:00:00-05:00,247.223631137632,248.69007959411312,245.647431564018,247.5328826904297,33155300,0.0,0.0
2024-12-16 00:00:00-05:00,247.3932343641577,250.77507595019196,247.05404098232512,250.43588256835938,51694800,0.0,0.0
2024-12-17 00:00:00-05:00,249.47818331943677,253.21915892963332,249.1789022262073,252.8699951171875,51356400,0.0,0.0
2024-12-18 00:00:00-05:00,251.55318925842403,253.66808268004456,247.14382766353577,247.4530792236328,56774100,0.0,0.0
2024-12-19 00:00:00-05:00,246.90440599607692,251.3935770141874,246.49538898335234,249.1888885498047,60882300,0.0,0.0
2024-12-20 00:00:00-05:00,247.44310326755718,254.3863612366688,245.09876750312787,253.87759399414062,147495300,0.0,0.0
2024-12-23 00:00:00-05:00,254.15691915529422,255.03479114956258,252.8400883307868,254.6557159423828,40858800,0.0,0.0
2024-12-24 00:00:00-05:00,254.87518901917565,257.58862955018265,254.67565812568793,257.57867431640625,23234700,0.0,0.0
2024-12-26 00:00:00-05:00,257.56867823862046,259.47408555117545,257.0100282923795,258.39666748046875,27237100,0.0,0.0
2024-12-27 00:00:00-05:00,257.20952960207876,258.0774615569102,252.4510193654514,254.9749298095703,42355300,0.0,0.0
2024-12-30 00:00:00-05:00,251.62300520062965,252.88995321263158,250.14657107718884,251.59307861328125,35557500,0.0,0.0
2024-12-31 00:00:00-05:00,251.83251072711272,252.67048563095815,248.82974448856297,249.81736755371094,39480700,0.0,0.0
2025-01-02 00:00:00-05:00,248.3309608077005,248.5005651105234,241.23808511721737,243.26319885253906,55740700,0.0,0.0
2025-01-03 00:00:00-05:00,242.7743682861328,243.5923870862029,241.3079045417172,242.7743682861328,40244100,0.0,0.0
2025-01-06 00:00:00-05:00,243.72207367593157,246.73481040856498,242.61474424512696,244.41041564941406,45045600,0.0,0.0
2025-01-07 00:00:00-05:00,242.3952722906863,244.9590949760797,240.76920518354387,241.62713623046875,40856000,0.0,0.0
2025-01-08 00:00:00-05:00,241.33782978685954,243.12353076570005,239.47233471944105,242.11595153808594,37628900,0.0,0.0
2025-01-10 00:00:00-05:00,239.43242868693397,239.58207685657038,232.43930319937854,236.28004455566406,61710900,0.0,0.0
2025-01-13 00:00:00-05:00,232.96802072299363,234.10527676213235,229.16719172961072,233.83592224121094,49630700,0.0,0.0
2025-01-14 00:00:00-05:00,234.1850763475817,235.55177458449063,231.9105643637605,232.71861267089844,39435300,0.0,0.0
2025-01-15 00:00:00-05:00,234.07533889356793,238.38495013235746,233.86583756026477,237.2975616455078,39832000,0.0,0.0
2025-01-16 00:00:00-05:00,236.77883010316478,237.4372302632713,227.4812511099753,227.710693359375,71759100,0.0,0.0
2025-01-17 00:00:00-05:00,231.5614090278119,231.73099810398455,227.93016912923343,229.4265594482422,68488300,0.0,0.0
2025-01-21 00:00:00-05:00,223.46094530610958,223.87993275191027,218.85206818023312,222.10421752929688,98070400,0.0,0.0
2025-01-22 00:00:00-05:00,219.26108010259503,223.58066200952604,219.26108010259503,223.29136657714844,64126500,0.0,0.0
2025-01-23 00:00:00-05:00,224.19918327232872,226.4836658384098,221.76505253825962,223.1217803955078,60234800,0.0,0.0
2025-01-24 00:00:00-05:00,224.23906824814947,225.08702882156655,220.877182986192,222.24388122558594,54697900,0.0,0.0
2025-01-27 00:00:00-05:00,223.4809115633434,231.59133678218907,223.44099929694335,229.30685424804688,94863400,0.0,0.0
2025-01-28 00:00:00-05:00,230.2944737209622,239.61199368769647,230.25456145518996,237.68663024902344,75707600,0.0,0.0
2025-01-29 00:00:00-05:00,233.55658589116152,239.28277807440017,233.446849997024,238.7839813232422,45486100,0.0,0.0
2025-01-30 00:00:00-05:00,238.09563705158317,240.21053038482776,236.63915907674937,237.0182342529297,55658300,0.0,0.0
2025-01-31 00:00:00-05:00,246.59515764263173,246.59515764263173,232.87824601959832,235.4320831298828,101075100,0.0,0.0
2025-02-03 00:00:00-05:00,229.4365345420127,231.27210292869276,225.1568499027089,227.46128845214844,73063300,0.0,0.0
2025-02-04 00:00:00-05:00,226.70312948058964,232.5689843025687,226.10456727432145,232.23977661132812,45067300,0.0,0.0
2025-02-05 00:00:00-05:00,227.98006230899622,232.11009917003332,227.7206934550818,231.91058349609375,39620300,0.0,0.0
2025-02-06 00:00:00-05:00,230.7334042435517,233.23737378273856,229.875473186273,232.6587677001953,29925300,0.0,0.0
2025-02-07 00:00:00-05:00,232.04025529180169,233.43688010961284,226.71309440770742,227.08221435546875,39707200,0.0,0.0
2025-02-10 00:00:00-05:00,229.26935130196645,230.2880044885276,226.90244480659103,227.3518524169922,33115600,0.25,0.0
2025-02-11 00:00:00-05:00,227.90114370319637,234.92193591818142,227.83124330015124,232.3153533935547,53718400,0.0,0.0
2025-02-12 00:00:00-05:00,230.89721134547665,236.64967765066982,230.377888084301,236.55978393554688,45243300,0.0,0.0
2025-02-13 00:00:00-05:00,236.5997394445533,242.02262084431055,235.2614980047627,241.21368408203125,53614100,0.0,0.0
2025-02-14 00:00:00-05:00,240.93404435379279,245.22841586050225,240.67439035154717,244.2796630859375,40896200,0.0,0.0
2025-02-18 00:00:00-05:00,243.83025306858283,244.85890295305822,241.52328070167576,244.14984130859375,48822500,0.0,0.0
2025-02-19 00:00:00-05:00,244.33958470767533,245.68780753699892,242.84154918255663,244.54930114746094,32204200,0.0,0.0
2025-02-20 00:00:00-05:00,244.61922281669615,246.4568094488268,243.9700649298591,245.508056640625,32316900,0.0,0.0
2025-02-21 00:00:00-05:00,245.6278941258364,248.36431123309396,244.89885442060717,245.22842407226562,53197400,0.0,0.0
2025-02-24 00:00:00-05:00,244.609226181644,248.53408727873096,244.09989957647335,246.77639770507812,51326400,0.0,0.0
2025-02-25 00:00:00-05:00,247.67521063757022,249.67259136851834,244.58926106556868,246.71646118164062,48013300,0.0,0.0
2025-02-26 00:00:00-05:00,244.01001367840516,244.65915630674968,238.8168269352331,240.0452117919922,44433600,0.0,0.0
2025-02-27 00:00:00-05:00,239.09646458024955,242.14247324939222,236.74953612071198,236.98922729492188,41153600,0.0,0.0
2025-02-28 00:00:00-05:00,236.63967447024518,241.77294223985544,229.89851463379637,241.5232696533203,56833400,0.0,0.0
2025-03-03 00:00:00-05:00,241.47333193183624,243.71040379171194,235.80077808405883,237.71826171875,47184000,0.0,0.0
2025-03-04 00:00:00-05:00,237.39870037793833,239.75561031847352,234.3726544629493,235.6210174560547,53798100,0.0,0.0
2025-03-05 00:00:00-05:00,235.11168617953675,236.2402111793479,228.92979032203158,235.4312744140625,47227600,0.0,0.0
2025-03-06 00:00:00-05:00,234.13297099659667,237.54849020730907,232.8546485518437,235.0218048095703,45170400,0.0,0.0
2025-03-07 00:00:00-05:00,234.80209169163373,241.05388787370777,234.45254396930395,238.7569122314453,46273600,0.0,0.0
2025-03-10 00:00:00-04:00,235.23152514577004,235.85072354308846,223.92635798057333,227.1820831298828,72071200,0.0,0.0
2025-03-11 00:00:00-04:00,223.51689291637274,225.54423318142804,217.16522145004404,220.55078125,76137400,0.0,0.0
2025-03-12 00:00:00-04:00,219.85169651198805,221.4595886104368,214.6285501658544,216.69583129882812,62547500,0.0,0.0
2025-03-13 00:00:00-04:00,215.6671885752157,216.55602242060417,208.14705109128238,209.4053955078125,61368300,0.0,0.0
2025-03-14 00:00:00-04:00,210.97334672214788,213.66980775083542,209.30553558500114,213.21041870117188,60107600,0.0,0.0
2025-03-17 00:00:00-04:00,213.0306430192638,214.93814530685134,209.69502079955336,213.71974182128906,48073400,0.0,0.0
2025-03-18 00:00:00-04:00,213.87952928252258,214.8682229774316,211.21302787332291,212.4114532470703,42432400,0.0,0.0
2025-03-19 00:00:00-04:00,213.93944620866878,218.47349365471302,213.470060528986,214.95811462402344,54385400,0.0,0.0
2025-03-20 00:00:00-04:00,213.70975404736055,217.20517028159983,211.94206785632258,213.81961059570312,48862900,0.0,0.0
2025-03-21 00:00:00-04:00,211.2829271905112,218.5533916912833,211.0032951126973,217.98414611816406,94127800,0.0,0.0
2025-03-24 00:00:00-04:00,220.71056863168138,221.1899357355996,218.29373979930335,220.44091796875,44299500,0.0,0.0
2025-03-25 00:00:00-04:00,220.48087718007702,223.80651793975238,219.79177838679217,223.45697021484375,34493600,0.0,0.0
2025-03-26 00:00:00-04:00,223.21727075576553,224.7253029108424,220.18125884970436,221.2398681640625,34466100,0.0,0.0
2025-03-27 00:00:00-04:00,221.1000540446544,224.69534536875565,220.271139232742,223.5568389892578,37094800,0.0,0.0
2025-03-28 00:00:00-04:00,221.3796909591809,223.51688772665744,217.39491092445158,217.6146240234375,39818600,0.0,0.0
2025-03-31 00:00:00-04:00,216.72579102857173,225.32451569687797,215.9468137615173,221.83909606933594,65299300,0.0,0.0
2025-04-01 00:00:00-04:00,219.5221267668628,223.3870536043053,218.61331487709137,222.897705078125,36412700,0.0,0.0
2025-04-02 00:00:00-04:00,221.03016017035932,224.89508702876748,220.73055001137135,223.59678649902344,35905900,0.0,0.0
2025-04-03 00:00:00-04:00,205.27081771109022,207.2182761783418,200.9864426085102,202.9239044189453,103419000,0.0,0.0
2025-04-04 00:00:00-04:00,193.6360793511012,199.61824028069563,187.09465424061224,188.13330078125,125910900,0.0,0.0
2025-04-07 00:00:00-04:00,176.967935484531,193.89573468350994,174.39131242893686,181.2223663330078,160466300,0.0,0.0
2025-04-08 00:00:00-04:00,186.4554964395268,190.09072892121037,168.9884109270566,172.19419860839844,120859500,0.0,0.0
2025-04-09 00:00:00-04:00,171.72480450043201,200.3472738997123,171.6648855169899,198.58958435058594,184395900,0.0,0.0
2025-04-10 00:00:00-04:00,188.82240088513313,194.52491452460524,182.76034285398336,190.17062377929688,121880000,0.0,0.0
2025-04-11 00:00:00-04:00,185.856281088865,199.27866665425725,185.81632494094944,197.89048767089844,87435900,0.0,0.0
2025-04-14 00:00:00-04:00,211.1630921847052,212.6611277249045,200.8965565016436,202.25477600097656,101352900,0.0,0.0
2025-04-15 00:00:00-04:00,201.59564256833872,203.24347561495443,199.53834280484799,201.87527465820312,51343900,0.0,0.0
2025-04-16 00:00:00-04:00,198.10021911176236,200.4371508814261,192.11805840887246,194.0155792236328,59732400,0.0,0.0
2025-04-17 00:00:00-04:00,196.94174374665747,198.56961397436802,194.16538565496842,196.72203063964844,51334300,0.0,0.0
2025-04-21 00:00:00-04:00,193.01688474432112,193.54618940120912,189.56140949031536,192.9070281982422,46742500,0.0,0.0
2025-04-22 00:00:00-04:00,195.8631544964882,201.32599215129426,195.71335703344474,199.47842407226562,52976400,0.0,0.0
2025-04-23 00:00:00-04:00,205.7302222309065,207.7276030292648,202.5344160012944,204.33206176757812,52929200,0.0,0.0
2025-04-24 00:00:00-04:00,204.62166872266098,208.5565112075726,202.67422555441442,208.09710693359375,47311000,0.0,0.0
2025-04-25 00:00:00-04:00,206.0997277622984,209.47530610539675,205.92995222724628,209.00592041015625,38222300,0.0,0.0
2025-04-28 00:00:00-04:00,209.72497582911666,211.2230113707532,207.1883090170199,209.8647918701172,38743100,0.0,0.0
2025-04-29 00:00:00-04:00,208.41669143858087,211.96204522644123,208.09710321217068,210.9333953857422,36827600,0.0,0.0
2025-04-30 00:00:00-04:00,209.02590396975114,213.30029766677714,206.399343338795,212.22171020507812,52286500,0.0,0.0
2025-05-01 00:00:00-04:00,208.80618155790114,214.2790004444518,208.62640936955898,213.04063415527344,57365700,0.0,0.0
2025-05-02 00:00:00-04:00,205.82009105417706,206.71892151455646,201.89524528415058,205.08106994628906,101010600,0.0,0.0
2025-05-05 00:00:00-04:00,202.83402512431957,203.83271551835597,197.9504297070337,198.62953186035156,69018500,0.0,0.0
2025-05-06 00:00:00-04:00,197.9504203457911,200.38721199140494,196.7619763948813,198.25001525878906,51216500,0.0,0.0
2025-05-07 00:00:00-04:00,198.90915494694545,199.1788056079939,192.99690991055434,195.99298095703125,68536700,0.0,0.0
2025-05-08 00:00:00-04:00,197.46106353953903,199.78801395815432,194.42503624466005,197.2313690185547,50478900,0.0,0.0
2025-05-09 00:00:00-04:00,198.739389980464,200.2773664943336,197.28129528859796,198.27000427246094,36453900,0.0,0.0
2025-05-12 00:00:00-04:00,210.97000122070312,211.27000427246094,206.75,210.7899932861328,63775800,0.26,0.0
2025-05-13 00:00:00-04:00,210.42999267578125,213.39999389648438,209.0,212.92999267578125,51909300,0.0,0.0
2025-05-14 00:00:00-04:00,212.42999267578125,213.94000244140625,210.5800018310547,212.3300018310547,49325800,0.0,0.0
2025-05-15 00:00:00-04:00,210.9499969482422,212.9600067138672,209.5399932861328,211.4499969482422,45029500,0.0,0.0
2025-05-16 00:00:00-04:00,212.36000061035156,212.57000732421875,209.77000427246094,211.25999450683594,54737900,0.0,0.0
2025-05-19 00:00:00-04:00,207.91000366210938,209.47999572753906,204.25999450683594,208.77999877929688,46140500,0.0,0.0
2025-05-20 00:00:00-04:00,207.6699981689453,208.47000122070312,205.02999877929688,206.86000061035156,42496600,0.0,0.0
2025-05-21 00:00:00-04:00,205.1699981689453,207.0399932861328,200.7100067138672,202.08999633789062,59211800,0.0,0.0
2025-05-22 00:00:00-04:00,200.7100067138672,202.75,199.6999969482422,201.36000061035156,46742400,0.0,0.0
2025-05-23 00:00:00-04:00,193.6699981689453,197.6999969482422,193.4600067138672,195.27000427246094,78432900,0.0,0.0
2025-05-27 00:00:00-04:00,198.3000030517578,200.74000549316406,197.42999267578125,200.2100067138672,56288500,0.0,0.0
2025-05-28 00:00:00-04:00,200.58999633789062,202.72999572753906,199.89999389648438,200.4199981689453,45339700,0.0,0.0
2025-05-29 00:00:00-04:00,203.5800018310547,203.80999755859375,198.50999450683594,199.9499969482422,51396800,0.0,0.0
2025-05-30 00:00:00-04:00,199.3699951171875,201.9600067138672,196.77999877929688,200.85000610351562,70819900,0.0,0.0
2025-06-02 00:00:00-04:00,200.27999877929688,202.1300048828125,200.1199951171875,201.6999969482422,35423300,0.0,0.0
2025-06-03 00:00:00-04:00,201.35000610351562,203.77000427246094,200.9600067138672,203.27000427246094,46381600,0.0,0.0
2025-06-04 00:00:00-04:00,202.91000366210938,206.24000549316406,202.10000610351562,202.82000732421875,43604000,0.0,0.0
2025-06-05 00:00:00-04:00,203.5,204.75,200.14999389648438,200.6300048828125,55126100,0.0,0.0
2025-06-06 00:00:00-04:00,203.0,205.6999969482422,202.0500030517578,203.9199981689453,46607700,0.0,0.0
2025-06-09 00:00:00-04:00,204.38999938964844,206.0,200.02000427246094,201.4499969482422,72862600,0.0,0.0
2025-06-10 00:00:00-04:00,200.60000610351562,204.35000610351562,200.57000732421875,202.6699981689453,54672600,0.0,0.0
2025-06-11 00:00:00-04:00,203.5,204.5,198.41000366210938,198.77999877929688,60989900,0.0,0.0
2025-06-12 00:00:00-04:00,199.0800018310547,199.67999267578125,197.36000061035156,199.1999969482422,43904600,0.0,0.0
2025-06-13 00:00:00-04:00,199.72999572753906,200.3699951171875,195.6999969482422,196.4499969482422,51447300,0.0,0.0
2025-06-16 00:00:00-04:00,197.3000030517578,198.69000244140625,196.55999755859375,198.4199981689453,42886800,0.0,0.0
