Date,Open,High,Low,Close,Volume,Dividends,Stock Splits
2020-06-17 00:00:00-04:00,72.21390814658389,72.67414536068073,71.32871407168385,72.19402313232422,30610000,0.0,0.0
2020-06-18 00:00:00-04:00,72.06033661951213,72.2154048668083,70.88687034219107,71.27852630615234,34862000,0.0,0.0
2020-06-19 00:00:00-04:00,71.57076945470374,71.79442659246736,70.527026033258,70.8073501586914,52784000,0.0,0.0
2020-06-22 00:00:00-04:00,70.82573053858148,72.1149953219477,70.53646502465703,72.10057830810547,29442000,0.0,0.0
2020-06-23 00:00:00-04:00,72.16718338256317,73.3202715198547,71.81927147352204,72.76261138916016,37752000,0.0,0.0
2020-06-24 00:00:00-04:00,72.7278309061588,73.34959789417282,71.07374946255558,71.20794677734375,31592000,0.0,0.0
2020-06-25 00:00:00-04:00,71.13438422276865,71.68607587886741,70.55386611832522,71.62544250488281,23958000,0.0,0.0
2020-06-26 00:00:00-04:00,71.20445673894217,71.422645846442,67.3460967259015,67.7208480834961,97640000,0.0,0.0
2020-06-29 00:00:00-04:00,67.61150331573306,69.48328070456722,67.17959202371577,69.44202423095703,45074000,0.0,0.0
2020-06-30 00:00:00-04:00,69.4276207314357,70.77553202748788,68.93308146352109,70.47980499267578,40286000,0.0,0.0
2020-07-01 00:00:00-04:00,70.53546890868623,71.99223188495623,70.28745229314445,71.67015838623047,42182000,0.0,0.0
2020-07-02 00:00:00-04:00,72.1592465077185,73.98231277452349,72.12097050392227,73.058349609375,57218000,0.0,0.0
2020-07-06 00:00:00-04:00,73.96391525367935,75.04990101856858,73.4087426096603,74.53548431396484,44712000,0.0,0.0
2020-07-07 00:00:00-04:00,74.36054519152535,75.61253530139979,74.04095914052067,74.05189514160156,42364000,0.0,0.0
2020-07-08 00:00:00-04:00,74.59263913094078,75.10804929253142,74.17016979615217,74.73180389404297,31766000,0.0,0.0
2020-07-09 00:00:00-04:00,75.04641785636663,76.0011943442537,74.33369705904624,75.48031616210938,41836000,0.0,0.0
2020-07-10 00:00:00-04:00,75.21142915914302,76.60755894787303,74.58866871060751,76.49175262451172,35918000,0.0,0.0
2020-07-13 00:00:00-04:00,77.03500131604395,78.3481252917943,74.87893313840226,75.1607437133789,42954000,0.0,0.0
2020-07-14 00:00:00-04:00,74.1945319489751,75.6860824898082,73.8535744753271,75.58966064453125,38108000,0.0,0.0
2020-07-15 00:00:00-04:00,75.70745014622172,76.35854404622746,74.44502478992416,75.391845703125,31026000,0.0,0.0
2020-07-16 00:00:00-04:00,74.62743618238423,75.34364564275172,73.9698806956977,75.29444122314453,26484000,0.0,0.0
2020-07-17 00:00:00-04:00,75.39333844833905,75.71739897892151,74.45844694853817,75.3903579711914,34264000,0.0,0.0
2020-07-20 00:00:00-04:00,75.2984098256749,77.9828110468107,74.68707832484279,77.7258529663086,30166000,0.0,0.0
2020-07-21 00:00:00-04:00,78.77903491380007,78.87943072642386,77.16818948482822,77.33220672607422,27486000,0.0,0.0
2020-07-22 00:00:00-04:00,77.32176290912874,77.88190292448506,76.70148248675669,77.77603912353516,24482000,0.0,0.0
2020-07-23 00:00:00-04:00,77.82972350310989,78.049406642117,74.97981123367747,75.38538360595703,33910000,0.0,0.0
2020-07-24 00:00:00-04:00,74.5126221465709,75.31977778186261,73.93607807341346,74.96092987060547,29902000,0.0,0.0
2020-07-27 00:00:00-04:00,75.21193503499865,76.4196881402229,75.16571109321869,76.01560974121094,27124000,0.0,0.0
2020-07-28 00:00:00-04:00,75.79542428646276,75.84562219179145,74.57872231521475,74.73429107666016,30910000,0.0,0.0
2020-07-29 00:00:00-04:00,74.80138542587366,76.20943703995182,74.70247606239894,75.72136688232422,22676000,0.0,0.0
2020-07-30 00:00:00-04:00,74.4519838580106,76.58519397142551,74.31281908832774,76.45994567871094,36042000,0.0,0.0
2020-07-31 00:00:00-04:00,74.40626116049008,74.80238401164732,72.26658953456065,73.95397186279297,91468000,0.0,0.0
2020-08-03 00:00:00-04:00,74.10556841740734,74.44005682994376,73.14731087568586,73.6960220336914,45482000,0.0,0.0
2020-08-04 00:00:00-04:00,73.8923344370333,74.21042638011383,72.76509236918598,73.225830078125,37212000,0.0,0.0
2020-08-05 00:00:00-04:00,73.40079257831415,74.05586048352254,73.12245545701828,73.51361083984375,29134000,0.0,0.0
2020-08-06 00:00:00-04:00,73.36749423519043,74.86451283620934,73.15625955179489,74.79890441894531,33306000,0.0,0.0
2020-08-07 00:00:00-04:00,75.00219827241234,75.55140243416874,73.87048140700423,74.47187805175781,27718000,0.0,0.0
2020-08-10 00:00:00-04:00,74.09562835921085,74.90825207707984,73.43409132935585,74.39483642578125,20546000,0.0,0.0
2020-08-11 00:00:00-04:00,74.25467015735923,75.07177596247018,73.46888590721392,73.58568572998047,31098000,0.0,0.0
2020-08-12 00:00:00-04:00,73.91272792250739,75.1329110653364,73.80735705287225,74.91272735595703,22512000,0.0,0.0
2020-08-13 00:00:00-04:00,74.96093555951427,76.39036635907057,74.96093555951427,75.38041687011719,22388000,0.0,0.0
2020-08-14 00:00:00-04:00,75.22931787656705,75.5364814391722,74.5031735678337,74.78299713134766,21942000,0.0,0.0
2020-08-17 00:00:00-04:00,75.34662281797921,75.7347977413456,74.80139267251226,75.36003875732422,19990000,0.0,0.0
2020-08-18 00:00:00-04:00,75.85109566745963,77.40428070349351,75.6299260619623,77.32525634765625,28378000,0.0,0.0
2020-08-19 00:00:00-04:00,77.16172889820545,77.97535362188799,76.54095544731099,76.77008056640625,30472000,0.0,0.0
2020-08-20 00:00:00-04:00,76.53946273744957,78.53748204410786,76.26560770655841,78.3426513671875,26382000,0.0,0.0
2020-08-21 00:00:00-04:00,78.12146988353578,79.1194897815358,77.64980372460877,78.30885314941406,34838000,0.0,0.0
2020-08-24 00:00:00-04:00,79.14881140764089,79.95945564648534,78.282508846513,78.78499603271484,25638000,0.0,0.0
2020-08-25 00:00:00-04:00,78.5339970725306,79.96442123036304,78.42365875506411,79.81382751464844,25150000,0.0,0.0
2020-08-26 00:00:00-04:00,79.83619697866935,82.14684028407368,79.5717839155142,81.71641540527344,52188000,0.0,0.0
2020-08-27 00:00:00-04:00,81.83967766198782,81.9082665554594,80.45796486880047,80.9405746459961,31350000,0.0,0.0
2020-08-28 00:00:00-04:00,80.9878015351671,81.578254599489,80.79595130951779,81.48282623291016,22418000,0.0,0.0
2020-08-31 00:00:00-04:00,81.68858693545364,81.73481087660946,80.78202889543032,80.99077606201172,26422000,0.0,0.0
2020-09-01 00:00:00-04:00,81.12148652427162,82.46641730928312,80.9907702334717,82.26065063476562,22652000,0.0,0.0
2020-09-02 00:00:00-04:00,82.90329204153242,85.79047925211977,82.5146242032786,85.35757446289062,49522000,0.0,0.0
2020-09-03 00:00:00-04:00,84.46941187762093,84.49327086398299,79.90627835306806,80.98978424072266,63726000,0.0,0.0
2020-09-04 00:00:00-04:00,79.97040009236323,81.2621527314446,76.44007368098255,78.58918762207031,55850000,0.0,0.0
2020-09-08 00:00:00-04:00,75.79542772130176,77.31381773144133,75.37295836929073,75.72584533691406,54032000,0.0,0.0
2020-09-09 00:00:00-04:00,76.98330502665233,77.47137522065788,75.80387789691835,76.90030670166016,39242000,0.0,0.0
2020-09-10 00:00:00-04:00,77.04692255801713,78.2139195980951,75.54691599071744,75.84761047363281,33024000,0.0,0.0
2020-09-11 00:00:00-04:00,75.95198761927614,76.47633921675812,74.20595898773026,75.336181640625,30706000,0.0,0.0
2020-09-14 00:00:00-04:00,76.12594164505171,77.385887124181,74.80685682751938,74.99174499511719,42660000,0.0,0.0
2020-09-15 00:00:00-04:00,75.93906003587539,77.08717306497414,75.65128855538055,76.29840087890625,23042000,0.0,0.0
2020-09-16 00:00:00-04:00,76.66422019413555,77.25517373350996,75.12892559871327,75.15377807617188,22128000,0.0,0.0
2020-09-17 00:00:00-04:00,73.84761090080998,74.48628243014171,72.6870752482164,73.90874481201172,40008000,0.0,0.0
2020-09-18 00:00:00-04:00,73.97137626531904,74.31432076299625,71.1542715059607,72.12196350097656,63056000,0.0,0.0
2020-09-21 00:00:00-04:00,71.15426772268764,71.5737490373038,69.71589547776034,71.0807113647461,56908000,0.0,0.0
2020-09-22 00:00:00-04:00,72.08368807015958,72.76212201409479,71.04889372299635,72.55585479736328,33950000,0.0,0.0
2020-09-23 00:00:00-04:00,72.17165912823069,72.22086354249963,69.71589017051375,70.04938507080078,37726000,0.0,0.0
2020-09-24 00:00:00-04:00,69.71589223307419,71.47086236710574,69.68954572564085,70.7188720703125,34552000,0.0,0.0
2020-09-25 00:00:00-04:00,70.82772346753602,71.8659912364517,69.96440136049542,71.5240478515625,30326000,0.0,0.0
2020-09-28 00:00:00-04:00,73.16072992273372,73.2104272911329,71.8828940164798,72.49819946289062,30784000,0.0,0.0
2020-09-29 00:00:00-04:00,72.7591433452389,73.16122715906542,72.26659105249696,72.864013671875,31816000,0.0,0.0
2020-09-30 00:00:00-04:00,72.6115193753347,73.8669903475037,72.35406834665217,72.84313201904297,40924000,0.0,0.0
2020-10-01 00:00:00-04:00,73.74075814562246,74.30786033648612,73.39980062797869,73.95149230957031,32884000,0.0,0.0
2020-10-02 00:00:00-04:00,72.54641379359045,73.51063227599069,71.93607578016741,72.34611511230469,31222000,0.0,0.0
2020-10-05 00:00:00-04:00,72.69652113934576,73.7924495083504,72.569285847998,73.69950866699219,21602000,0.0,0.0
2020-10-06 00:00:00-04:00,73.33517880442524,73.7834865085433,71.81976938299223,72.11847686767578,26096000,0.0,0.0
2020-10-07 00:00:00-04:00,72.5305126864444,73.01063495847261,71.23428569316523,72.52206420898438,36108000,0.0,0.0
2020-10-08 00:00:00-04:00,72.83568170788425,73.95794893824119,72.83568170788425,73.72932434082031,26076000,0.0,0.0
2020-10-09 00:00:00-04:00,74.19799995975423,75.14184037454105,73.9067474605017,75.07225799560547,32966000,0.0,0.0
2020-10-12 00:00:00-04:00,76.44154277746095,78.94750931736213,76.00913098258168,77.76311492919922,55344000,0.0,0.0
2020-10-13 00:00:00-04:00,78.38043710290792,78.7855090172623,77.46691696804017,77.88639831542969,39072000,0.0,0.0
2020-10-14 00:00:00-04:00,78.26064278428443,78.72037945492295,76.83419259220712,77.70596313476562,33174000,0.0,0.0
2020-10-15 00:00:00-04:00,76.76461484111238,78.10159771852481,76.59712416174149,77.30984497070312,31210000,0.0,0.0
2020-10-16 00:00:00-04:00,77.62594866135858,78.41521387294846,77.41869553894861,77.9177017211914,34194000,0.0,0.0
2020-10-19 00:00:00-04:00,78.32674837441711,78.72436525341296,75.6920521287433,76.04145050048828,29734000,0.0,0.0
2020-10-20 00:00:00-04:00,75.70149821624656,78.22287579830359,75.57177540854082,77.09165954589844,41670000,0.0,0.0
2020-10-21 00:00:00-04:00,78.02456346725268,80.27556699921308,77.88987319853932,78.82675170898438,60322000,0.0,0.0
2020-10-22 00:00:00-04:00,78.77754404877692,80.19007026421569,78.40378615239152,79.85408782958984,30512000,0.0,0.0
2020-10-23 00:00:00-04:00,80.27109915170388,81.21891374121289,80.11502982344743,81.1622543334961,30548000,0.0,0.0
2020-10-26 00:00:00-04:00,80.26859394327332,80.9932441740234,77.92166942068168,78.74224853515625,35826000,0.0,0.0
2020-10-27 00:00:00-04:00,78.97287554235537,79.62247545970848,78.37943448774232,79.4674072265625,25902000,0.0,0.0
2020-10-28 00:00:00-04:00,77.03848333800511,77.22734549361562,74.97436247888493,75.08966827392578,45174000,0.0,0.0
2020-10-29 00:00:00-04:00,75.39879875984231,78.96341872929054,75.37544031536734,77.37992095947266,55406000,0.0,0.0
2020-10-30 00:00:00-04:00,82.8749736467606,83.56483656005452,79.60110528578043,80.32376861572266,99878000,0.0,0.0
2020-11-02 00:00:00-05:00,80.69305782818417,82.41771507364238,80.23082602459841,80.73182678222656,44228000,0.0,0.0
2020-11-03 00:00:00-05:00,81.05190383745204,82.45548100134074,80.12496031324108,81.7924575805664,31432000,0.0,0.0
2020-11-04 00:00:00-05:00,84.77060198741863,87.97389444504971,84.64237321504866,86.77210235595703,71342000,0.0,0.0
2020-11-05 00:00:00-05:00,87.99476927308801,89.0569036825963,86.5325380209437,87.59963989257812,39758000,0.0,0.0
2020-11-06 00:00:00-05:00,87.04495850154653,87.89784511416963,86.3163266840614,87.46195983886719,28622000,0.0,0.0
2020-11-09 00:00:00-05:00,89.26366234310566,90.3029236573716,87.35361630884837,87.54595947265625,53440000,0.0,0.0
2020-11-10 00:00:00-05:00,85.9728897633216,87.44456283712213,85.29445584786093,86.3680191040039,43022000,0.0,0.0
2020-11-11 00:00:00-05:00,86.89883646035322,87.6195127947876,86.63342990221854,86.84069061279297,31838000,0.0,0.0
2020-11-12 00:00:00-05:00,86.58074216993116,87.72289434177947,86.38044349520781,86.62149810791016,26474000,0.0,0.0
2020-11-13 00:00:00-05:00,86.87895086047061,88.32676488559935,86.28153589176617,88.084716796875,29744000,0.0,0.0
2020-11-16 00:00:00-05:00,87.68114776395682,89.18214790375693,87.54148245352901,88.17269897460938,25468000,0.0,0.0
2020-11-17 00:00:00-05:00,87.8660413484603,88.32727969406685,87.45004103652047,87.55789184570312,21314000,0.0,0.0
2020-11-18 00:00:00-05:00,87.30837917941595,87.72388649162679,86.41026211105688,86.51314544677734,20108000,0.0,0.0
2020-11-19 00:00:00-05:00,86.1448670450726,87.64884779051145,85.98532428950664,87.40431213378906,20106000,0.0,0.0
2020-11-20 00:00:00-05:00,87.57478357997911,87.89088858732984,86.2328332252446,86.30142211914062,27694000,0.0,0.0
2020-11-23 00:00:00-05:00,86.49228192825137,86.77905996083152,84.99923725500729,85.86305236816406,22530000,0.0,0.0
2020-11-24 00:00:00-05:00,85.86007031205733,87.79744874538184,85.52358732915306,87.66921997070312,27984000,0.0,0.0
2020-11-25 00:00:00-05:00,87.86355757964036,87.99128581598679,86.89685155716043,87.68064880371094,19600000,0.0,0.0
2020-11-27 00:00:00-05:00,87.7010215428724,89.31484746381066,87.7010215428724,88.81832122802734,14790000,0.0,0.0
2020-11-30 00:00:00-05:00,88.25321783030253,88.48631692913746,86.87100448577954,87.19705200195312,32418000,0.0,0.0
2020-12-01 00:00:00-05:00,87.80639874029217,90.5429849598302,87.62597748505007,89.23284149169922,37350000,0.0,0.0
2020-12-02 00:00:00-05:00,89.23284036857012,91.09070148775342,88.72637917921868,90.70451354980469,29424000,0.0,0.0
2020-12-03 00:00:00-05:00,90.48433527145409,91.64189039742604,90.30838853043117,90.5489501953125,24728000,0.0,0.0
2020-12-04 00:00:00-05:00,90.46842430628462,90.92965499858234,90.13889580584842,90.64437103271484,20544000,0.0,0.0
2020-12-07 00:00:00-05:00,90.23631917808771,90.91922763871526,89.61455221034254,90.30988311767578,22288000,0.0,0.0
2020-12-08 00:00:00-05:00,89.88691546289782,90.25719232611036,89.03005487971733,90.02657318115234,19936000,0.0,0.0
2020-12-09 00:00:00-05:00,89.97836475211025,90.87350135813091,87.57478065285379,88.36305236816406,31728000,0.0,0.0
2020-12-10 00:00:00-05:00,87.60460893483888,88.22041498744301,86.15977514994289,87.85560607910156,28688000,0.0,0.0
2020-12-11 00:00:00-05:00,87.47537413824337,88.3357157190994,87.11453925133496,88.2109603881836,18628000,0.0,0.0
2020-12-14 00:00:00-05:00,88.00818452775862,88.9564919183181,86.93511421848308,87.09068298339844,33050000,0.0,0.0
2020-12-15 00:00:00-05:00,87.46841940879914,87.6741860909223,86.56434892342321,87.52906036376953,21352000,0.0,0.0
2020-12-16 00:00:00-05:00,87.92816381731794,87.92816381731794,86.9316454515067,87.3357162475586,24676000,0.0,0.0
2020-12-17 00:00:00-05:00,87.67070749496848,87.80887876729494,86.04147867230672,86.50668334960938,34880000,0.0,0.0
2020-12-18 00:00:00-05:00,86.78800624252257,86.89685053812563,85.23879516890149,85.79644775390625,85256000,0.0,0.0
2020-12-21 00:00:00-05:00,84.94703339165423,86.3322270726525,84.19504315555623,86.21095275878906,33974000,0.0,0.0
2020-12-22 00:00:00-05:00,85.95102752184029,86.11405128859225,84.78054933570338,85.49824523925781,20370000,0.0,0.0
2020-12-23 00:00:00-05:00,85.68263243312403,86.68561225051326,85.54694109700763,85.89634704589844,22974000,0.0,0.0
2020-12-24 00:00:00-05:00,85.93462068061169,86.60112515789665,85.70350856190086,86.19108581542969,9312000,0.0,0.0
2020-12-28 00:00:00-05:00,86.72536472848893,88.81731808998305,86.5717905478187,88.16920471191406,27650000,0.0,0.0
2020-12-29 00:00:00-05:00,88.82877056982713,88.89039743482031,87.232342027519,87.36405181884766,19726000,0.0,0.0
2020-12-30 00:00:00-05:00,87.72389024551863,87.86106803234938,85.88492069199823,86.29496002197266,21026000,0.0,0.0
2020-12-31 00:00:00-05:00,86.34565361015774,87.35112092422652,86.28699964379047,87.10957336425781,21070000,0.0,0.0
2021-01-04 00:00:00-05:00,87.4753776530922,87.59913191276897,84.84813645318982,85.79197692871094,37324000,0.0,0.0
2021-01-05 00:00:00-05:00,85.74029145480254,86.82080925579612,85.33323258517258,86.48383331298828,20360000,0.0,0.0
2021-01-06 00:00:00-05:00,84.50619315150125,86.67866532532295,84.29943296719883,85.63044738769531,46588000,0.0,0.0
2021-01-07 00:00:00-05:00,85.82329494882039,88.36107667864226,85.82329494882039,88.18811798095703,41936000,0.0,0.0
2021-01-08 00:00:00-05:00,88.32826671520765,89.4316499567786,87.53601343092207,89.35560607910156,35484000,0.0,0.0
2021-01-11 00:00:00-05:00,88.32130495153285,88.68711490972898,87.08472547368993,87.29098510742188,34796000,0.0,0.0
2021-01-12 00:00:00-05:00,86.74774304931569,87.86802326248193,85.30738385866071,86.35360717773438,29528000,0.0,0.0
2021-01-13 00:00:00-05:00,85.85112501139443,87.29596637857081,85.85112501139443,86.84169006347656,23432000,0.0,0.0
2021-01-14 00:00:00-05:00,86.9221931049846,87.85063066888812,85.78898994155325,86.03004455566406,29212000,0.0,0.0
2021-01-15 00:00:00-05:00,85.93561021673791,86.86006623293285,85.07527616922907,85.86602783203125,31444000,0.0,0.0
2021-01-19 00:00:00-05:00,86.6304491305438,89.65431379811183,86.1249814473934,88.69158935546875,41660000,0.0,0.0
2021-01-20 00:00:00-05:00,90.77408662421261,94.41972556300965,90.43313675293656,93.44308471679688,64152000,0.0,0.0
2021-01-21 00:00:00-05:00,94.11805602259298,96.02809463039536,93.41029500615272,93.64588165283203,58634000,0.0,0.0
2021-01-22 00:00:00-05:00,94.00919324534367,94.65183871774157,93.26565141753518,94.0638656616211,32744000,0.0,0.0
2021-01-25 00:00:00-05:00,95.06685462644022,95.51815044109912,92.4038248156456,94.14935302734375,50586000,0.0,0.0
2021-01-26 00:00:00-05:00,93.737327345991,95.21645551264548,93.2472701569076,94.82878112792969,31462000,0.0,0.0
2021-01-27 00:00:00-05:00,93.18662453904426,93.46296709007444,89.32826428623379,90.4048080444336,82512000,0.0,0.0
2021-01-28 00:00:00-05:00,91.00422171146778,93.83672919484056,91.00422171146778,92.10760498046875,55278000,0.0,0.0
2021-01-29 00:00:00-05:00,91.15431055818837,91.82628299540802,89.54099274771156,90.82329559326172,44530000,0.0,0.0
2021-02-01 00:00:00-05:00,91.6796728856243,95.20602504154273,91.6796728856243,94.08922576904297,40252000,0.0,0.0
2021-02-02 00:00:00-05:00,95.08623526655502,96.88742931511274,94.75024525412037,95.38394927978516,66332000,0.0,0.0
2021-02-03 00:00:00-05:00,102.66478774049807,104.70306249720146,100.07730129419846,102.33029174804688,97882000,0.0,0.0
2021-02-04 00:00:00-05:00,102.41677021614385,102.84818100761127,101.14837622737096,102.0693588256836,48596000,0.0,0.0
2021-02-05 00:00:00-05:00,102.36408669621515,104.17224285025218,101.88893947969503,103.81886291503906,29866000,0.0,0.0
2021-02-08 00:00:00-05:00,104.37403256397174,105.1195613680001,102.55246052305,103.60464477539062,28828000,0.0,0.0
2021-02-09 00:00:00-05:00,103.12155191893422,104.29998565336668,102.88298480230826,103.15087890625,21892000,0.0,0.0
2021-02-10 00:00:00-05:00,103.53606027543401,104.31837108184618,102.00027269411578,103.70206451416016,25102000,0.0,0.0
2021-02-11 00:00:00-05:00,103.92671271924092,104.07581240488946,102.82631001890793,103.81488037109375,20480000,0.0,0.0
2021-02-12 00:00:00-05:00,103.36856996594558,104.34918489370936,103.06041288902624,104.12702178955078,18990000,0.0,0.0
2021-02-16 00:00:00-05:00,103.96399970035972,106.61758763326795,103.96399970035972,104.90585327148438,31004000,0.0,0.0
2021-02-17 00:00:00-05:00,104.0748342080274,105.4893551162404,103.79501819530233,105.29949188232422,20294000,0.0,0.0
2021-02-18 00:00:00-05:00,104.62254062059169,105.46697878168075,104.04251551867287,104.66279602050781,22546000,0.0,0.0
2021-02-19 00:00:00-05:00,104.76121867913992,105.29749981402172,103.55047754159321,103.81787109375,37938000,0.0,0.0
2021-02-22 00:00:00-05:00,102.06786944318905,103.39640390867552,101.78953988763212,102.10066986083984,29466000,0.0,0.0
2021-02-23 00:00:00-05:00,100.09917660429801,103.00723507803231,98.91825539877483,102.39192199707031,34658000,0.0,0.0
2021-02-24 00:00:00-05:00,100.89688706756169,103.79351649255214,100.77213931026829,103.5693588256836,22608000,0.0,0.0
2021-02-25 00:00:00-05:00,102.18366992402821,103.52910126753403,99.72640686861114,100.19658660888672,41548000,0.0,0.0
2021-02-26 00:00:00-05:00,100.89241699926697,102.21299595151596,99.45404473122147,100.49281311035156,40042000,0.0,0.0
2021-03-01 00:00:00-05:00,101.7895298793469,103.19261405786179,101.11457698152915,102.86607360839844,26060000,0.0,0.0
2021-03-02 00:00:00-05:00,102.62651013645349,104.11260028710367,102.22045236318077,102.6086196899414,25564000,0.0,0.0
2021-03-03 00:00:00-05:00,101.98585584761308,103.18068584904677,99.10562298141046,99.97093963623047,33892000,0.0,0.0
2021-03-04 00:00:00-05:00,100.14291130389655,103.11111014541319,99.6737250390312,101.0902328491211,49216000,0.0,0.0
2021-03-05 00:00:00-05:00,102.44311066187204,104.68217690297463,100.7845548730647,104.22840118408203,53100000,0.0,0.0
2021-03-08 00:00:00-05:00,103.58178557940802,105.05693212348346,99.66179086889777,99.77660369873047,36868000,0.0,0.0
2021-03-09 00:00:00-05:00,101.87651926059269,102.58079162348288,101.17323280620501,101.4098129272461,33920000,0.0,0.0
2021-03-10 00:00:00-05:00,102.45553624069301,102.45553624069301,100.36457612969325,101.20255279541016,27100000,0.0,0.0
2021-03-11 00:00:00-05:00,102.29748869571223,104.93417190677165,102.2095153267272,104.40087127685547,27702000,0.0,0.0
2021-03-12 00:00:00-05:00,103.20156986399655,103.26120974284471,101.01518130947314,101.8889389038086,33818000,0.0,0.0
2021-03-15 00:00:00-04:00,101.63943177795537,102.13694392664934,100.7850586948733,102.10961151123047,26168000,0.0,0.0
2021-03-16 00:00:00-04:00,102.68367272423777,105.05395597459317,102.35067075892808,103.5733413696289,31900000,0.0,0.0
2021-03-17 00:00:00-04:00,102.80693972535195,104.32433638453885,101.59669907844872,103.49034118652344,26382000,0.0,0.0
2021-03-18 00:00:00-04:00,101.79848003344068,102.82085197489947,100.35712731726652,100.46448516845703,31700000,0.0,0.0
2021-03-19 00:00:00-04:00,100.88148325652291,101.2447981089968,99.54946783582494,100.74380493164062,46072000,0.0,0.0
2021-03-22 00:00:00-04:00,100.77711145408435,101.80643786573516,100.09967096009193,100.92919921875,33536000,0.0,0.0
2021-03-23 00:00:00-04:00,101.38943417569008,102.59023280291949,100.79550014662847,101.45802307128906,28510000,0.0,0.0
2021-03-24 00:00:00-04:00,101.97641523149667,102.76369351169588,100.84519897592622,101.0206527709961,25218000,0.0,0.0
2021-03-25 00:00:00-04:00,100.84767327389312,101.67222637151875,99.20949549383704,101.01715850830078,35616000,0.0,0.0
2021-03-26 00:00:00-04:00,100.98385746386866,101.3615892994859,99.59518276038922,100.63296508789062,27978000,0.0,0.0
2021-03-29 00:00:00-04:00,100.50523544739357,101.84967328278017,99.67471376192738,101.6796875,26492000,0.0,0.0
2021-03-30 00:00:00-04:00,102.03704568935827,102.51865436260793,101.20056307671311,101.71348571777344,27312000,0.0,0.0
2021-03-31 00:00:00-04:00,102.10762973353887,103.691135273399,101.7398327806629,102.5112075805664,42570000,0.0,0.0
2021-04-01 00:00:00-04:00,103.98884799656209,106.15087702532409,103.94809205702012,105.85415649414062,39880000,0.0,0.0
2021-04-05 00:00:00-04:00,106.71748040638636,110.78508856982437,106.62105855599854,110.28657531738281,48510000,0.0,0.0
2021-04-06 00:00:00-04:00,109.88695635028755,110.73586894766598,109.4331806538937,109.80445098876953,35240000,0.0,0.0
2021-04-07 00:00:00-04:00,109.99531621658699,111.55595617679857,109.99531621658699,111.28408813476562,24134000,0.0,0.0
2021-04-08 00:00:00-04:00,112.52515281704925,112.9123342629792,111.48190991845124,111.85070037841797,28664000,0.0,0.0
2021-04-09 00:00:00-04:00,111.60268953073938,113.02068382149089,111.19612361284226,112.8566665649414,26146000,0.0,0.0
2021-04-12 00:00:00-04:00,112.03408686258977,112.17175759361518,110.72692401349936,111.56192016601562,25024000,0.0,0.0
2021-04-13 00:00:00-04:00,111.87852781394703,112.49880834043081,111.4838914022522,112.04949951171875,25682000,0.0,0.0
2021-04-14 00:00:00-04:00,112.69563254560549,112.69563254560549,111.13449946875461,111.42723846435547,21002000,0.0,0.0
2021-04-15 00:00:00-04:00,112.4232659794818,114.11561581493157,111.88747780482413,113.58131408691406,29174000,0.0,0.0
2021-04-16 00:00:00-04:00,113.77962062838189,114.02813022683058,112.86908109563818,113.4570541381836,26282000,0.0,0.0
2021-04-19 00:00:00-04:00,112.83230581935418,114.517693534385,112.83230581935418,113.80546569824219,30290000,0.0,0.0
2021-04-20 00:00:00-04:00,114.18966672528495,114.2647171138404,112.18320641815687,113.27117919921875,22288000,0.0,0.0
2021-04-21 00:00:00-04:00,112.92524827978932,113.32037763383796,111.57186141817913,113.23837280273438,23204000,0.0,0.0
2021-04-22 00:00:00-04:00,113.09174408070866,113.76172953391477,111.3482029320938,111.9545669555664,24146000,0.0,0.0
2021-04-23 00:00:00-04:00,112.67425209838376,114.61859249970858,112.3884675726926,114.3109359741211,29066000,0.0,0.0
2021-04-26 00:00:00-04:00,114.5390729262254,115.53361191915532,114.18121847579614,114.8079605102539,32038000,0.0,0.0
2021-04-27 00:00:00-04:00,115.1906569089524,115.23141284590002,113.62653596590245,113.86610412597656,44386000,0.0,0.0
2021-04-28 00:00:00-04:00,118.91184791857546,120.84425888104087,116.95955952430907,117.24882507324219,81106000,0.0,0.0
2021-04-29 00:00:00-04:00,118.74932034044583,119.49136812496106,117.9849000180971,118.92476654052734,41234000,0.0,0.0
2021-04-30 00:00:00-04:00,117.69513473951937,118.38251006906592,116.62853353969344,116.97346496582031,44856000,0.0,0.0
2021-05-03 00:00:00-04:00,117.54056628176185,118.36760695854225,116.07883566624513,116.45557403564453,28242000,0.0,0.0
2021-05-04 00:00:00-04:00,114.98787269821628,115.55646125672638,112.16132632122203,114.65387725830078,44818000,0.0,0.0
2021-05-05 00:00:00-04:00,115.73738471660089,116.05398266930352,114.72594882908734,115.04851531982422,26636000,0.0,0.0
2021-05-06 00:00:00-04:00,114.62902793763689,116.17078399658203,113.96849202412317,116.17078399658203,25190000,0.0,0.0
2021-05-07 00:00:00-04:00,117.4898659636751,117.85566830378066,116.60864589669112,116.89542388916016,28898000,0.0,0.0
2021-05-10 00:00:00-04:00,115.71302215975435,115.85517498565,113.54601821113368,113.90437316894531,30914000,0.0,0.0
2021-05-11 00:00:00-04:00,111.48488992655474,113.3342949253357,111.03011310816011,112.82633972167969,34186000,0.0,0.0
2021-05-12 00:00:00-04:00,110.64592383993578,111.72892914956265,109.027130352788,109.35665130615234,46376000,0.0,0.0
2021-05-13 00:00:00-04:00,110.64243383666337,111.30446375073194,109.67821541071568,110.78756713867188,33204000,0.0,0.0
2021-05-14 00:00:00-04:00,112.25377764595912,113.55497204590715,111.82932130273325,113.23986053466797,31996000,0.0,0.0
2021-05-17 00:00:00-04:00,112.50377970662561,113.80646820668797,112.10318232669725,113.76372528076172,21598000,0.0,0.0
2021-05-18 00:00:00-04:00,114.43122023142439,114.69613384142806,112.43518783161626,112.44910430908203,22204000,0.0,0.0
2021-05-19 00:00:00-04:00,110.75725351012498,113.07137029154796,110.60864676775854,112.89791107177734,23684000,0.0,0.0
2021-05-20 00:00:00-04:00,113.86710482214232,114.91084061992304,113.49533390448195,114.65985107421875,32352000,0.0,0.0
2021-05-21 00:00:00-04:00,115.17972141856211,115.25328535420394,113.78259818641695,114.02265930175781,40632000,0.0,0.0
2021-05-24 00:00:00-04:00,115.05448201246665,117.57237854218607,114.90885574429697,117.34822845458984,31832000,0.0,0.0
2021-05-25 00:00:00-04:00,117.89295421124507,118.48937574199078,117.0480230773627,117.43917846679688,22440000,0.0,0.0
2021-05-26 00:00:00-04:00,117.62058850301132,118.7373952978675,117.61760802582553,118.30598449707031,21572000,0.0,0.0
2021-05-27 00:00:00-04:00,118.74036189656472,118.74036189656472,117.11064019542631,117.42972564697266,35224000,0.0,0.0
2021-05-28 00:00:00-04:00,118.0132334867845,118.09523831781704,116.94116422574763,117.13996887207031,21482000,0.0,0.0
2021-06-01 00:00:00-04:00,118.01422371728603,118.57436379384441,117.0122298227712,118.34921264648438,23354000,0.0,0.0
2021-06-02 00:00:00-04:00,118.74533741226914,118.96850157859683,116.91680337261806,117.8228759765625,21158000,0.0,0.0
2021-06-03 00:00:00-04:00,116.58729002226555,117.14842363678153,115.78162076419702,116.67923736572266,18696000,0.0,0.0
2021-06-04 00:00:00-04:00,117.75726623835926,119.23639431184648,117.41630876955705,118.96501922607422,24458000,0.0,0.0
2021-06-07 00:00:00-04:00,118.75976130550544,119.50877115514723,118.34027999364383,119.39892578125,24120000,0.0,0.0
2021-06-08 00:00:00-04:00,119.88153703437219,120.25479441030667,119.02516932335472,119.20707702636719,24240000,0.0,0.0
2021-06-09 00:00:00-04:00,119.85271185186217,119.92477418039854,119.13054144852099,119.67925262451172,17942000,0.0,0.0
2021-06-10 00:00:00-04:00,119.62854887569071,121.07388311077301,119.47248714858792,121.0306396484375,25904000,0.0,0.0
2021-06-11 00:00:00-04:00,121.27269072999384,121.358176580463,120.22696034057846,120.78561401367188,21958000,0.0,0.0
2021-06-14 00:00:00-04:00,120.88798919226126,121.71602334972445,120.17924237131325,121.71553039550781,22098000,0.0,0.0
2021-06-15 00:00:00-04:00,121.71999948988918,122.04355947563829,120.3343127461201,120.69564819335938,21562000,0.0,0.0
2021-06-16 00:00:00-04:00,120.84723105344682,121.15936207382573,118.75776501321896,120.05249786376953,26472000,0.0,0.0
2021-06-17 00:00:00-04:00,119.97796120272139,121.79207838970467,119.78163648001613,121.0177230834961,25842000,0.0,0.0
2021-06-18 00:00:00-04:00,120.64345215918732,120.87804527619555,119.29951488598687,119.39494323730469,46116000,0.0,0.0
2021-06-21 00:00:00-04:00,119.78212883710678,121.27268591264752,119.18371273977075,121.0863037109375,27414000,0.0,0.0
2021-06-22 00:00:00-04:00,121.0241820979945,121.67030861160389,120.3422746896211,121.6012191772461,22390000,0.0,0.0
2021-06-23 00:00:00-04:00,121.36561720038452,122.36164251591335,121.10816618704251,121.39891815185547,19148000,0.0,0.0
2021-06-24 00:00:00-04:00,121.96850373510993,122.32188364402485,121.57089445824943,121.76969909667969,21362000,0.0,0.0
2021-06-25 00:00:00-04:00,121.27268478886478,121.90191431158532,120.84028051175603,121.77815246582031,34594000,0.0,0.0
2021-06-28 00:00:00-04:00,121.94713329012949,122.05300468616224,120.68172742238959,121.80548858642578,28526000,0.0,0.0
2021-06-29 00:00:00-04:00,121.9391860952217,122.28759854757165,120.96552568959387,121.5435562133789,23108000,0.0,0.0
2021-06-30 00:00:00-04:00,121.26722132401612,121.5281609640973,120.6310373309958,121.36165618896484,24474000,0.0,0.0
2021-07-01 00:00:00-04:00,120.99933025190973,121.85619092065409,120.80698708579156,121.71454620361328,18110000,0.0,0.0
2021-07-02 00:00:00-04:00,122.41582345853287,124.65638369951239,122.32586310983298,124.51075744628906,25982000,0.0,0.0
2021-07-06 00:00:00-04:00,124.89943792288206,125.67429374120853,123.83979106120867,125.43771362304688,26404000,0.0,0.0
2021-07-07 00:00:00-04:00,126.40391844400294,126.5251851876935,125.4009309901841,125.72001647949219,24060000,0.0,0.0
2021-07-08 00:00:00-04:00,123.28660934705252,124.84674881606003,123.28263537756162,124.29853820800781,23790000,0.0,0.0
2021-07-09 00:00:00-04:00,124.27965255807754,124.98491837433478,123.80897228113392,124.77021026611328,18632000,0.0,0.0
2021-07-12 00:00:00-04:00,125.42578249243745,126.311970119503,124.86216136751547,126.2185287475586,17668000,0.0,0.0
2021-07-13 00:00:00-04:00,126.2811566267138,127.29407905696515,125.91932819387142,126.58235168457031,19240000,0.0,0.0
2021-07-14 00:00:00-04:00,127.19516761187582,128.555516523209,127.15192414997006,127.47250366210938,23742000,0.0,0.0
2021-07-15 00:00:00-04:00,127.88205248837417,127.93274335209193,125.77568177163334,126.24784851074219,24218000,0.0,0.0
2021-07-16 00:00:00-04:00,126.90192788039519,127.04954112856754,125.40142829189114,126.21305847167969,20424000,0.0,0.0
2021-07-19 00:00:00-04:00,125.33780608296746,125.4526189143596,122.76871066642249,123.83531951904297,27968000,0.0,0.0
2021-07-20 00:00:00-04:00,124.77915889103869,126.285627086296,123.6091812684524,125.45709991455078,26312000,0.0,0.0
2021-07-21 00:00:00-04:00,125.38155407181512,126.83533689231359,125.27220923029276,126.78861999511719,20746000,0.0,0.0
2021-07-22 00:00:00-04:00,127.081850048565,127.7170405408859,126.73890557882885,127.65589904785156,14302000,0.0,0.0
2021-07-23 00:00:00-04:00,129.65292001590177,132.60372879083306,129.02668614649133,132.22201538085938,41506000,0.0,0.0
2021-07-26 00:00:00-04:00,132.53366128455258,133.436738295575,131.512775792625,133.23594665527344,30572000,0.0,0.0
2021-07-27 00:00:00-04:00,133.4501596331863,133.5977728837838,129.32837965131034,131.11366271972656,54710000,0.0,0.0
2021-07-28 00:00:00-04:00,135.49934119826446,137.4725077717567,134.47100848617464,135.2826385498047,95130000,0.0,0.0
2021-07-29 00:00:00-04:00,135.33830968010196,135.84626483336757,134.734933765715,134.96803283691406,31716000,0.0,0.0
2021-07-30 00:00:00-04:00,134.22997234156227,134.49786640516032,133.45462364135818,133.92330932617188,25576000,0.0,0.0
2021-08-02 00:00:00-04:00,134.3114844020513,134.52967351484955,132.99637360357664,134.05055236816406,21634000,0.0,0.0
2021-08-03 00:00:00-04:00,134.32936709376798,134.9228081106213,132.52469968967313,134.82142639160156,20762000,0.0,0.0
2021-08-04 00:00:00-04:00,134.5426099314445,134.84082450044127,133.68524873351242,134.3199462890625,19676000,0.0,0.0
2021-08-05 00:00:00-04:00,134.87162914186996,135.5371477079019,134.04210090666044,135.43922424316406,17870000,0.0,0.0
2021-08-06 00:00:00-04:00,135.2309786637054,135.658908430909,134.4039379914428,134.9292755126953,20488000,0.0,0.0
2021-08-09 00:00:00-04:00,135.13208257781875,136.3661822152669,134.5326653541137,136.09678649902344,17760000,0.0,0.0
2021-08-10 00:00:00-04:00,136.5232236019377,136.95116855940614,135.55155769421862,135.99142456054688,19414000,0.0,0.0
2021-08-11 00:00:00-04:00,136.3636993817259,136.8617045534844,135.4591206824497,135.46658325195312,15352000,0.0,0.0
2021-08-12 00:00:00-04:00,135.1648721932766,136.48148476014325,134.6181631698541,136.37611389160156,16506000,0.0,0.0
2021-08-13 00:00:00-04:00,136.4317863876893,137.03467705775282,136.21608476197298,136.90643310546875,15948000,0.0,0.0
2021-08-16 00:00:00-04:00,136.70511637762723,137.5376325864639,134.49238909987994,137.4849395751953,22384000,0.0,0.0
2021-08-17 00:00:00-04:00,136.9287983372055,137.4412280773247,135.27074290826312,135.84678649902344,21716000,0.0,0.0
2021-08-18 00:00:00-04:00,135.68625463089907,136.28715830330532,134.51478293353117,134.6415252685547,19258000,0.0,0.0
2021-08-19 00:00:00-04:00,133.63405183824344,135.53961570540923,133.44965662099676,134.87112426757812,21782000,0.0,0.0
2021-08-20 00:00:00-04:00,135.18921677262625,136.73395323132323,134.44368800365956,136.61019897460938,31194000,0.0,0.0
2021-08-23 00:00:00-04:00,137.1469807379569,140.03466111895068,136.7871393172412,139.20663452148438,28454000,0.0,0.0
2021-08-24 00:00:00-04:00,139.77323844258805,141.23298978239387,139.50187091120333,140.41937255859375,19268000,0.0,0.0
2021-08-25 00:00:00-04:00,140.7806911454472,141.341824741107,140.53318261688992,141.2319793701172,15848000,0.0,0.0
2021-08-26 00:00:00-04:00,140.90495426101563,141.56847069811133,140.51429180007526,140.59730529785156,20610000,0.0,0.0
2021-08-27 00:00:00-04:00,140.80802498950226,143.65097550448485,140.6534497082114,143.1455078125,28780000,0.0,0.0
2021-08-30 00:00:00-04:00,143.53916059417236,145.10030893688764,143.30357394312495,143.72853088378906,24434000,0.0,0.0
2021-08-31 00:00:00-04:00,144.28169827164098,144.30604262696312,143.42086366606293,143.83486938476562,22448000,0.0,0.0
2021-09-01 00:00:00-04:00,144.1355620766256,145.38208399483233,144.01975575838674,144.3497772216797,21936000,0.0,0.0
2021-09-02 00:00:00-04:00,144.35028598767278,144.65197397733397,142.33138814072143,142.4327850341797,32342000,0.0,0.0
2021-09-03 00:00:00-04:00,142.2275309032074,143.29561871869382,141.5515768361059,142.88259887695312,19850000,0.0,0.0
2021-09-07 00:00:00-04:00,142.97700887672127,143.70315314642218,142.76279373862988,143.42034912109375,20124000,0.0,0.0
2021-09-08 00:00:00-04:00,143.24093932002557,143.53913870537824,142.14749101432494,142.83436584472656,18344000,0.0,0.0
2021-09-09 00:00:00-04:00,142.98297095386516,143.45017018457634,142.32392911975052,142.6852569580078,15314000,0.0,0.0
2021-09-10 00:00:00-04:00,143.3527437893561,143.855739066053,139.89897029906643,140.03614807128906,36840000,0.0,0.0
2021-09-13 00:00:00-04:00,141.10325075549363,142.09778971792528,140.40792743020592,141.48397827148438,22094000,0.0,0.0
2021-09-14 00:00:00-04:00,142.1430174736064,142.50833447488165,140.90494397437067,141.6947021484375,19674000,0.0,0.0
2021-09-15 00:00:00-04:00,141.92034587047308,143.5893371089034,140.50483926490185,143.56846618652344,27408000,0.0,0.0
2021-09-16 00:00:00-04:00,143.0923151449535,143.43973408957208,141.55255377569102,142.75384521484375,26190000,0.0,0.0
2021-09-17 00:00:00-04:00,142.17781910440596,142.59481289591724,139.63258255615375,139.9606170654297,53384000,0.0,0.0
2021-09-20 00:00:00-04:00,137.3378449589307,138.1713471858971,135.50931835448534,137.89251708984375,46518000,0.0,0.0
2021-09-21 00:00:00-04:00,138.9163829475588,139.17682965571487,137.45365865964666,138.20416259765625,25332000,0.0,0.0
2021-09-22 00:00:00-04:00,138.4735364118355,140.0470919140563,137.72552003340496,139.4471893310547,25056000,0.0,0.0
2021-09-23 00:00:00-04:00,140.14700734444057,140.85178028341065,139.56450223418108,140.3741455078125,20952000,0.0,0.0
2021-09-24 00:00:00-04:00,139.7006683841793,141.48199265968105,139.40494134337192,141.36717224121094,22984000,0.0,0.0
2021-09-27 00:00:00-04:00,139.96508046390346,141.0923226484583,139.23247466834925,140.23098754882812,21882000,0.0,0.0
2021-09-28 00:00:00-04:00,137.82838850635423,138.26725426103818,134.553033908573,135.02023315429688,45772000,0.0,0.0
2021-09-29 00:00:00-04:00,136.1633887649954,136.33337456533042,133.06696856123062,133.55255126953125,30848000,0.0,0.0
2021-09-30 00:00:00-04:00,133.46109378156822,134.73444764808755,132.75979434055637,132.8790740966797,37996000,0.0,0.0
2021-10-01 00:00:00-04:00,133.64599140921987,136.09432095768756,133.2737274941926,135.72900390625,35360000,0.0,0.0
2021-10-04 00:00:00-04:00,135.14996360019026,135.14996360019026,130.2687456594356,132.86268615722656,51202000,0.0,0.0
2021-10-05 00:00:00-04:00,133.2419181525774,136.40644197773338,133.2419181525774,135.21209716796875,32404000,0.0,0.0
2021-10-06 00:00:00-04:00,133.94668286476787,136.9287982532228,133.74787820576884,136.74490356445312,24364000,0.0,0.0
2021-10-07 00:00:00-04:00,138.06398171463513,139.20713499156227,137.82442112636986,138.39500427246094,25110000,0.0,0.0
2021-10-08 00:00:00-04:00,138.74488016635505,139.49438286305153,138.3875263084571,138.9521484375,26526000,0.0,0.0
2021-10-11 00:00:00-04:00,138.46161369276228,139.87314649724678,138.03118120304413,138.0858612060547,17954000,0.0,0.0
2021-10-12 00:00:00-04:00,138.64848031440195,138.67532736146367,134.950656025493,135.63555908203125,36332000,0.0,0.0
2021-10-13 00:00:00-04:00,136.58337601756116,137.1773176818601,135.70514382223524,136.76181030273438,19654000,0.0,0.0
2021-10-14 00:00:00-04:00,138.6425050090624,140.4948903932898,137.99737205172863,140.30950927734375,31894000,0.0,0.0
2021-10-15 00:00:00-04:00,140.77024367210296,140.8731270037584,139.9158706357638,140.52520751953125,30274000,0.0,0.0
2021-10-18 00:00:00-04:00,140.23547010346928,141.94471687847118,140.2285080728387,141.92681884765625,20396000,0.0,0.0
2021-10-19 00:00:00-04:00,142.53268739902532,142.80605707765642,141.74989120835383,142.38308715820312,20164000,0.0,0.0
2021-10-20 00:00:00-04:00,142.4834746282006,142.6902423827727,140.5336662301307,140.923828125,23288000,0.0,0.0
2021-10-21 00:00:00-04:00,140.92382375689263,141.3085252237838,139.66239184844324,141.04013061523438,26292000,0.0,0.0
2021-10-22 00:00:00-04:00,138.32043961687634,139.74489533324115,135.24489058004593,136.7463836669922,50588000,0.0,0.0
2021-10-25 00:00:00-04:00,136.72999205854282,137.17730632822241,134.61665927245699,136.6276092529297,34412000,0.0,0.0
2021-10-26 00:00:00-04:00,138.43328217339973,139.24788530337835,137.47999963297542,138.47801208496094,49236000,0.0,0.0
2021-10-27 00:00:00-04:00,138.57393781924924,147.76381902671324,138.57393781924924,145.3458251953125,85782000,0.0,0.0
2021-10-28 00:00:00-04:00,146.2573509847023,146.28070943128387,143.76479238493584,144.97950744628906,36206000,0.0,0.0
2021-10-29 00:00:00-04:00,144.21309825197625,147.3582370387298,143.78715548972383,147.1634063720703,43320000,0.0,0.0
2021-11-01 00:00:00-04:00,147.1634172065415,147.1634172065415,142.37164420143966,142.6415252685547,46924000,0.0,0.0
2021-11-02 00:00:00-04:00,143.71759425664996,145.73499075331205,143.47504557518593,144.5655059814453,33482000,0.0,0.0
2021-11-03 00:00:00-04:00,145.0306933261105,145.79462067500373,143.7290060203492,145.7240447998047,27494000,0.0,0.0
2021-11-04 00:00:00-04:00,146.24739946483808,148.84085439424976,145.4357692931681,147.3835906982422,38412000,0.0,0.0
2021-11-05 00:00:00-04:00,148.28021175879195,149.4313130048457,147.31352090329204,147.96461486816406,38354000,0.0,0.0
2021-11-08 00:00:00-05:00,148.93178992552942,149.717088701089,147.5456027447361,148.1425323486328,23052000,0.0,0.0
2021-11-09 00:00:00-05:00,148.34332464808358,148.94124016310897,146.36716988424288,148.03070068359375,19530000,0.0,0.0
2021-11-10 00:00:00-05:00,146.62067175971072,147.18728095825247,143.67583891098815,145.02374267578125,29970000,0.0,0.0
2021-11-11 00:00:00-05:00,145.61621903770308,146.65598862818968,144.73251120147998,144.89752197265625,16518000,0.0,0.0
2021-11-12 00:00:00-05:00,145.7414219023862,147.96261282646918,144.54410442186324,147.7916259765625,22360000,0.0,0.0
2021-11-15 00:00:00-05:00,148.01279858394264,148.657931508884,146.69520032085742,147.5669708251953,23508000,0.0,0.0
2021-11-16 00:00:00-05:00,147.26629859025232,147.87563551854703,146.43428286166153,146.9944305419922,18904000,0.0,0.0
2021-11-17 00:00:00-05:00,147.1449984599749,147.67382452160967,146.36220241193504,147.1643829345703,19594000,0.0,0.0
2021-11-18 00:00:00-05:00,147.357741531199,149.68280179442445,147.00287516819563,148.94522094726562,35608000,0.0,0.0
2021-11-19 00:00:00-05:00,149.081392735842,150.06649723737237,148.011318098392,148.0386505126953,33682000,0.0,0.0
2021-11-22 00:00:00-05:00,148.44222970596752,148.9362607986905,145.27622012547388,145.42979431152344,30594000,0.0,0.0
2021-11-23 00:00:00-05:00,145.28167796270816,145.78565913696107,143.25583351104024,144.9128875732422,27218000,0.0,0.0
2021-11-24 00:00:00-05:00,144.60624064702924,145.3776154159261,143.51230696993352,145.24888610839844,18040000,0.0,0.0
2021-11-26 00:00:00-05:00,143.48794462326128,143.6956982806789,140.9968877189269,141.33535766601562,30470000,0.0,0.0
2021-11-29 00:00:00-05:00,143.14150970795558,145.42531322129358,143.0356383232542,144.6628875732422,32596000,0.0,0.0
2021-11-30 00:00:00-05:00,144.14402073759763,145.12961068972766,140.75733411420325,141.05157470703125,42068000,0.0,0.0
2021-12-01 00:00:00-05:00,143.141525523015,145.08039785236195,140.07193757943773,140.21060180664062,34020000,0.0,0.0
2021-12-02 00:00:00-05:00,140.4079199939804,143.00683525811124,139.37858610093653,142.1136932373047,29194000,0.0,0.0
2021-12-03 00:00:00-05:00,142.82444502676393,143.5391528815725,139.46459005362397,141.1549530029297,41230000,0.0,0.0
2021-12-06 00:00:00-05:00,142.1877401151522,142.9948957402033,139.31446933877936,142.3015594482422,30618000,0.0,0.0
2021-12-07 00:00:00-05:00,144.72852522519318,146.65150195414674,144.3617217369751,146.3915557861328,32240000,0.0,0.0
2021-12-08 00:00:00-05:00,146.71657583172777,147.50833610285437,145.53318241499792,147.3030548095703,24270000,0.0,0.0
2021-12-09 00:00:00-05:00,146.7111291255418,148.21113578396324,146.2379688963119,146.7583465576172,23270000,0.0,0.0
2021-12-10 00:00:00-05:00,147.81350854949207,148.08935056801965,145.82940569875012,147.11917114257812,24458000,0.0,0.0
2021-12-13 00:00:00-05:00,146.90048511245746,147.0878683952673,144.64998974089033,144.9571533203125,27070000,0.0,0.0
2021-12-14 00:00:00-05:00,143.1097284802912,143.6186696092313,140.37313470832677,143.04908752441406,38446000,0.0,0.0
2021-12-15 00:00:00-05:00,142.55404070922006,145.8462921678794,140.83335755414558,145.56796264648438,36370000,0.0,0.0
2021-12-16 00:00:00-05:00,146.29313906676535,146.79661979009626,142.75087597207178,143.58389282226562,33650000,0.0,0.0
2021-12-17 00:00:00-05:00,141.65047011818362,142.97701750026755,140.4576270875949,140.88009643554688,50416000,0.0,0.0
2021-12-20 00:00:00-05:00,139.16537253527775,140.92929921392084,138.49041962908362,140.76278686523438,27192000,0.0,0.0
2021-12-21 00:00:00-05:00,141.20664060647124,143.01132338786985,139.66489204159078,142.6171875,28756000,0.0,0.0
2021-12-22 00:00:00-05:00,142.21459741202227,145.6266294566812,142.21459741202227,145.54212951660156,26322000,0.0,0.0
2021-12-23 00:00:00-05:00,145.62661331364143,147.35971887513602,145.57889534881969,146.04063415527344,26384000,0.0,0.0
2021-12-27 00:00:00-05:00,146.37811506733146,147.45962629621818,146.29212868307613,147.0247344970703,15976000,0.0,0.0
2021-12-28 00:00:00-05:00,147.35227682053048,147.4149047621,145.18379382357512,145.81251525878906,18200000,0.0,0.0
2021-12-29 00:00:00-05:00,145.77026522185028,146.53816656150948,144.7792148804911,145.78070068359375,17788000,0.0,0.0
2021-12-30 00:00:00-05:00,145.819460877649,146.42185090416686,145.12413760947243,145.3289031982422,15688000,0.0,0.0
2021-12-31 00:00:00-05:00,145.17930510716133,145.8239375257148,143.9884490966797,143.9884490966797,18136000,0.0,0.0
2022-01-03 00:00:00-05:00,144.19024954623222,144.9815094220873,142.85625459115374,144.12713623046875,28646000,0.0,0.0
2022-01-04 00:00:00-05:00,144.52920029280338,145.61171257737956,142.8597236345001,143.5386505126953,28400000,0.0,0.0
2022-01-05 00:00:00-05:00,143.55900167318583,143.6380260149503,136.86714153990656,136.95361328125,54618000,0.0,0.0
2022-01-06 00:00:00-05:00,136.18178751194694,139.10574956390758,135.7444081468337,136.9263153076172,37348000,0.0,0.0
2022-01-07 00:00:00-05:00,137.3219160997479,137.62311869612512,134.9571010729995,136.2001495361328,29760000,0.0,0.0
2022-01-10 00:00:00-05:00,134.27272325689333,137.99191881727012,132.3706328222007,137.84280395507812,44408000,0.0,0.0
2022-01-11 00:00:00-05:00,137.1842728472831,139.38010349479987,135.87761035191718,138.9029541015625,28730000,0.0,0.0
2022-01-12 00:00:00-05:00,140.30851123755903,141.7578269611901,139.85573658432193,140.58734130859375,26108000,0.0,0.0
2022-01-13 00:00:00-05:00,140.69618631751152,141.9983893426326,137.5838554108027,137.76080322265625,31436000,0.0,0.0
2022-01-14 00:00:00-05:00,136.26179885959323,139.90297148547612,136.18178858877843,138.64898681640625,29662000,0.0,0.0
2022-01-18 00:00:00-05:00,135.36318734561587,136.3139823208057,134.63108204024,135.18724060058594,34872000,0.0,0.0
2022-01-19 00:00:00-05:00,135.70961451103514,137.13705841659865,134.21060881239492,134.31100463867188,28648000,0.0,0.0
2022-01-20 00:00:00-05:00,135.43773450627486,136.8055384078556,132.1718141234269,132.5127716064453,29908000,0.0,0.0
2022-01-21 00:00:00-05:00,131.80304038371057,134.0614836836018,129.31098227824953,129.57440185546875,55652000,0.0,0.0
2022-01-24 00:00:00-05:00,125.22698178613166,130.4208391313966,123.75779600532923,130.0242156982422,76622000,0.0,0.0
2022-01-25 00:00:00-05:00,127.97251572510314,128.62758366714436,125.74636467116437,126.17826843261719,46960000,0.0,0.0
2022-01-26 00:00:00-05:00,130.3373437293204,132.20712696297525,126.38404744651642,128.46258544921875,49130000,0.0,0.0
2022-01-27 00:00:00-05:00,130.52122172280093,131.86167804427959,128.163853903532,128.23593139648438,31950000,0.0,0.0
2022-01-28 00:00:00-05:00,128.88600900432954,132.56147533916607,127.71901204024903,132.55599975585938,34362000,0.0,0.0
2022-01-31 00:00:00-05:00,133.36219746273952,134.6653865636506,131.42133787378867,134.49688720703125,39986000,0.0,0.0
2022-02-01 00:00:00-05:00,136.77422087518204,136.97153908448766,133.56745490599226,136.82342529296875,68644000,0.0,0.0
2022-02-02 00:00:00-05:00,150.34830041833825,150.64302635791938,144.65495244328034,147.11767578125,123200000,0.0,0.0
2022-02-03 00:00:00-05:00,144.83685466191287,148.7826874373517,141.81496969833225,142.2369384765625,71518000,0.0,0.0
2022-02-04 00:00:00-05:00,142.58935253590573,144.01132078033405,139.67731252149167,142.43875122070312,57998000,0.0,0.0
2022-02-07 00:00:00-05:00,143.39005107820873,143.39005107820873,138.0719391305357,138.37115478515625,54974000,0.0,0.0
2022-02-08 00:00:00-05:00,138.19768576489463,139.16537766922627,136.19718649446398,138.56796264648438,54284000,0.0,0.0
2022-02-09 00:00:00-05:00,140.123131603112,141.67483014140282,139.35125630336145,140.7478790283203,40144000,0.0,0.0
2022-02-10 00:00:00-05:00,138.87066160001436,140.64103479433624,137.13456768686495,137.79360961914062,39330000,0.0,0.0
2022-02-11 00:00:00-05:00,137.77374555304485,138.32691610031569,132.60473309175262,133.4819793701172,39958000,0.0,0.0
2022-02-14 00:00:00-05:00,132.4620772368233,135.48743587399645,132.4620772368233,134.71804809570312,34302000,0.0,0.0
2022-02-15 00:00:00-05:00,136.75036860669405,137.28517090384545,135.01180231428398,135.7941131591797,26680000,0.0,0.0
2022-02-16 00:00:00-05:00,135.83187026783972,137.26278747790528,134.11963545323007,136.9168701171875,25022000,0.0,0.0
2022-02-17 00:00:00-05:00,135.4307685686015,136.29607765208186,131.68871517615923,131.7488555908203,38950000,0.0,0.0
2022-02-18 00:00:00-05:00,132.67130865688407,133.27072578097733,129.4203137103387,129.62557983398438,45620000,0.0,0.0
2022-02-22 00:00:00-05:00,129.0639409096522,131.39247438984478,127.45906414945327,129.0395965576172,44990000,0.0,0.0
2022-02-23 00:00:00-05:00,130.86367160476112,131.26376844726155,126.76723690002764,126.82737731933594,32786000,0.0,0.0
2022-02-24 00:00:00-05:00,124.20856591969482,132.2070964049486,124.20856591969482,131.89993286132812,54456000,0.0,0.0
2022-02-25 00:00:00-05:00,132.75582212087886,134.46506889287124,130.9660493781838,133.6579132080078,36406000,0.0,0.0
2022-02-28 00:00:00-05:00,132.25680755246233,134.9421945520576,131.8020307532934,134.25184631347656,38864000,0.0,0.0
2022-03-01 00:00:00-05:00,134.0744141022468,135.44320400407258,132.42432174461547,133.2622833251953,26496000,0.0,0.0
2022-03-02 00:00:00-05:00,133.82542304410276,134.45613150205136,132.2781988204011,133.76925659179688,23520000,0.0,0.0
2022-03-03 00:00:00-05:00,135.19916443560246,135.62610831919423,132.23245958696376,133.10125732421875,24604000,0.0,0.0
2022-03-04 00:00:00-05:00,132.13502627711011,133.0535136251189,129.56045565596136,131.12010192871094,30430000,0.0,0.0
2022-03-07 00:00:00-05:00,130.70412780420082,130.94964934342582,125.54207801591977,125.62508392333984,45112000,0.0,0.0
2022-03-08 00:00:00-05:00,125.49735033485614,130.46754242732567,124.92528073964256,126.34675598144531,40428000,0.0,0.0
2022-03-09 00:00:00-05:00,130.46754173493875,132.93822833664126,129.1260843481061,132.62460327148438,37026000,0.0,0.0
2022-03-10 00:00:00-05:00,130.4834530154013,132.47749079965467,130.13206007166875,131.6400146484375,27102000,0.0,0.0
2022-03-11 00:00:00-05:00,132.69267932540822,132.9978558851597,128.85867886012454,129.09625244140625,31526000,0.0,0.0
2022-03-14 00:00:00-04:00,129.47349340942435,129.63154210743392,124.5281541990519,125.20011901855469,38812000,0.0,0.0
2022-03-15 00:00:00-04:00,126.21902655233679,129.08037574951774,124.97101046602354,128.4277801513672,30920000,0.0,0.0
2022-03-16 00:00:00-04:00,129.95361807816508,132.53810870276232,127.96702781291948,132.48593139648438,35576000,0.0,0.0
2022-03-17 00:00:00-04:00,132.35521826895487,133.2811682958072,131.3969607813396,133.04110717773438,28264000,0.0,0.0
2022-03-18 00:00:00-04:00,132.62907833291945,135.43177341231217,131.4700291742391,135.31398010253906,44566000,0.0,0.0
2022-03-21 00:00:00-04:00,135.35175748250273,136.23297769775175,133.29310462500897,135.29013061523438,26832000,0.0,0.0
2022-03-22 00:00:00-04:00,135.29012387121904,140.20912465713957,135.29012387121904,139.03416442871094,35496000,0.0,0.0
2022-03-23 00:00:00-04:00,137.8756282677668,138.7563479806744,137.01330712562918,137.451171875,25154000,0.0,0.0
2022-03-24 00:00:00-04:00,138.37014375246187,140.77472897804753,136.92929162847878,140.72801208496094,26396000,0.0,0.0
2022-03-25 00:00:00-04:00,141.06994721627316,141.18824105648594,138.90443733459907,140.82839965820312,24126000,0.0,0.0
2022-03-28 00:00:00-04:00,140.0605139005608,141.1559492617767,138.9780015247336,140.61221313476562,35050000,0.0,0.0
2022-03-29 00:00:00-04:00,141.7970964844151,142.93626058492885,141.19171837433169,141.6559295654297,34318000,0.0,0.0
2022-03-30 00:00:00-04:00,141.61070629571088,141.86965133760404,140.7558327304496,141.09231567382812,19884000,0.0,0.0
2022-03-31 00:00:00-04:00,141.20613989201064,141.26081989485832,138.19570617073663,138.2384490966797,37524000,0.0,0.0
2022-04-01 00:00:00-04:00,138.6683677007803,139.63357214652848,137.4829719618927,139.3149871826172,25942000,0.0,0.0
2022-04-04 00:00:00-04:00,139.5217571731668,142.85526562671214,139.47403919980835,142.11917114257812,25942000,0.0,0.0
2022-04-05 00:00:00-04:00,142.0172882097169,142.1380544214497,139.54561551027928,139.75286865234375,21418000,0.0,0.0
2022-04-06 00:00:00-04:00,137.9228159945289,138.5296805105521,134.70908842827123,135.73394775390625,32468000,0.0,0.0
2022-04-07 00:00:00-04:00,135.19918113914426,136.34680910956257,133.42730616559976,135.0784149169922,26234000,0.0,0.0
2022-04-08 00:00:00-04:00,134.77520697165542,134.86119335955522,132.17281809687512,132.49290466308594,25142000,0.0,0.0
2022-04-11 00:00:00-04:00,131.03762676950097,131.3050203167302,127.90143673113246,128.05551147460938,36884000,0.0,0.0
2022-04-12 00:00:00-04:00,130.81546706889182,130.81546706889182,126.03314343903256,126.953125,32710000,0.0,0.0
2022-04-13 00:00:00-04:00,127.23689278167188,129.55697763446003,126.97943421189773,129.11959838867188,27928000,0.0,0.0
2022-04-14 00:00:00-04:00,129.70164613267772,129.70164613267772,125.8462585754794,125.97449493408203,31598000,0.0,0.0
2022-04-18 00:00:00-04:00,126.24289400527546,127.4481596624087,125.42976969453036,126.91535949707031,20808000,0.0,0.0
2022-04-19 00:00:00-04:00,126.9302438012896,129.55599084405083,126.24236793907092,129.2339324951172,26490000,0.0,0.0
2022-04-20 00:00:00-04:00,130.11167490638292,130.61565614591467,126.73989829141833,127.27667236328125,31696000,0.0,0.0
2022-04-21 00:00:00-04:00,128.4794624420053,129.32289952975387,123.78411899307085,124.07040405273438,36446000,0.0,0.0
2022-04-22 00:00:00-04:00,124.25480828097227,124.65441216910293,118.21602763208168,118.92228698730469,56884000,0.0,0.0
2022-04-25 00:00:00-04:00,118.39095713385636,122.54255664358891,117.80447815915926,122.34027099609375,46128000,0.0,0.0
2022-04-26 00:00:00-04:00,121.56543114122859,121.77964629471171,117.80448619401584,117.94265747070312,73054000,0.0,0.0
2022-04-27 00:00:00-04:00,113.78708083866559,116.5430515019605,112.06441810822078,113.61312866210938,91820000,0.0,0.0
2022-04-28 00:00:00-04:00,115.7209763206604,118.93619047639,113.4346850644069,117.81591033935547,48884000,0.0,0.0
2022-04-29 00:00:00-04:00,116.03857291186468,117.21700652937484,113.13598259851811,113.4292221069336,42676000,0.0,0.0
2022-05-02 00:00:00-04:00,112.72892220677952,116.04950732140709,111.92872100087676,115.88797760009766,35534000,0.0,0.0
2022-05-03 00:00:00-04:00,115.7363890953695,117.73590251845792,115.34275375517872,116.63450622558594,24968000,0.0,0.0
2022-05-04 00:00:00-04:00,116.33380387873802,122.12208739664607,114.42971894184117,121.5321273803711,49916000,0.0,0.0
2022-05-05 00:00:00-04:00,119.48739626697366,120.31741743526412,114.31988597771957,115.81094360351562,45840000,0.0,0.0
2022-05-06 00:00:00-04:00,114.49782667278782,116.87059755047028,113.33579696645342,115.05647277832031,39710000,0.0,0.0
2022-05-09 00:00:00-04:00,112.57484853572669,114.39096014652678,111.3328010767772,111.84025573730469,40802000,0.0,0.0
2022-05-10 00:00:00-04:00,114.81889108696211,115.5569649081188,112.2274307129591,113.71302032470703,39900000,0.0,0.0
2022-05-11 00:00:00-04:00,112.56143181091423,115.6707822589766,112.56143181091423,112.92524719238281,37534000,0.0,0.0
2022-05-12 00:00:00-04:00,110.71351561460774,113.61361843345463,109.1697725659564,112.17127227783203,53836000,0.0,0.0
2022-05-13 00:00:00-04:00,113.85020267247533,117.17228201605276,112.92774118153335,115.35865783691406,35038000,0.0,0.0
2022-05-16 00:00:00-04:00,114.27018816167096,115.47744831947287,113.21054884584493,113.76273345947266,25990000,0.0,0.0
2022-05-17 00:00:00-04:00,116.14395018327838,116.20309710957926,114.1852002558248,115.77864074707031,23054000,0.0,0.0
2022-05-18 00:00:00-04:00,114.31441707721152,114.71203395774059,110.89044801452674,111.2323989868164,35126000,0.0,0.0
2022-05-19 00:00:00-04:00,110.76719271537465,112.33628116950564,109.34422347633978,109.72593688964844,34144000,0.0,0.0
2022-05-20 00:00:00-04:00,111.28358606140381,111.51470574636961,105.16578164113857,108.25872802734375,48962000,0.0,0.0
2022-05-23 00:00:00-04:00,108.9341891203505,111.47892510130204,108.09273139410739,110.82335662841797,37184000,0.0,0.0
2022-05-24 00:00:00-04:00,105.14143916230839,105.8238471112457,101.27711009811304,105.3382568359375,76780000,0.0,0.0
2022-05-25 00:00:00-04:00,104.35960668786164,105.86508118323289,103.23733960765351,105.17422485351562,40258000,0.0,0.0
2022-05-26 00:00:00-04:00,105.04699746381934,108.00177265083983,104.59768865078523,107.14988708496094,37948000,0.0,0.0
2022-05-27 00:00:00-04:00,108.83030770139854,111.64840565158494,108.48785619465139,111.64691162109375,37914000,0.0,0.0
2022-05-31 00:00:00-04:00,112.0743447671006,115.0450309118303,111.41032786657507,113.08379364013672,50012000,0.0,0.0
2022-06-01 00:00:00-04:00,114.17028434444956,116.4033897404966,112.57484936748612,113.21302032470703,36606000,0.0,0.0
2022-06-02 00:00:00-04:00,113.32037081624615,117.1966213228477,112.27315409407294,116.92127227783203,37992000,0.0,0.0
2022-06-03 00:00:00-04:00,115.37058337914883,115.62804199780953,112.84175092903219,113.858154296875,26136000,0.0,0.0
2022-06-06 00:00:00-04:00,116.00876346384166,118.6355119984797,115.47148881394793,116.12407684326172,33542000,0.0,0.0
2022-06-07 00:00:00-04:00,114.79204682193456,116.98937123932387,114.36610405154696,116.45109558105469,31590000,0.0,0.0
2022-06-08 00:00:00-04:00,116.0654140945456,117.8636352933108,115.90487786100226,116.4953384399414,26108000,0.0,0.0
2022-06-09 00:00:00-04:00,115.63399617564801,117.5937469795458,114.09174724477081,114.15089416503906,25798000,0.0,0.0
2022-06-10 00:00:00-04:00,111.77465117988051,112.6036788681185,109.7080429136277,110.4988021850586,41452000,0.0,0.0
2022-06-13 00:00:00-04:00,106.14988045477023,108.14292471325601,105.48636407086114,105.75823211669922,47252000,0.0,0.0
2022-06-14 00:00:00-04:00,105.89988738183253,107.28109964947232,105.1692685318189,106.07930755615234,33706000,0.0,0.0
2022-06-15 00:00:00-04:00,107.89789521513327,110.7592366013652,107.02761866972331,109.1101303100586,39698000,0.0,0.0
2022-06-16 00:00:00-04:00,106.5817954556789,108.00078319480663,104.51121321843314,105.40137481689453,51684000,0.0,0.0
2022-06-17 00:00:00-04:00,105.40137744768128,108.05148433932787,104.41976143736362,106.5047607421875,51376000,0.0,0.0
2022-06-21 00:00:00-04:00,108.2800978393595,111.81887954230933,107.95256389998953,110.87901306152344,47416000,0.0,0.0
2022-06-22 00:00:00-04:00,109.89741119699634,112.67077169829913,109.72444493334895,110.82286071777344,30774000,0.0,0.0
2022-06-23 00:00:00-04:00,111.56242525550843,112.07038048195209,109.84174948806732,111.57286071777344,28362000,0.0,0.0
2022-06-24 00:00:00-04:00,112.32137558472176,117.37506661936075,112.27912561435399,117.27168273925781,41164000,0.0,0.0
2022-06-27 00:00:00-04:00,117.56790757654245,117.87257604180955,114.49284392810239,115.14295196533203,36420000,0.0,0.0
2022-06-28 00:00:00-04:00,115.11213387147164,116.61015355627484,111.18121057476169,111.33975982666016,35792000,0.0,0.0
2022-06-29 00:00:00-04:00,110.88698437232142,112.48589292876002,110.21153084519447,111.03559112548828,24716000,0.0,0.0
2022-06-30 00:00:00-04:00,109.34422830755192,110.22693492689595,106.11360338028334,108.31340789794922,43170000,0.0,0.0
2022-07-01 00:00:00-04:00,107.28954043231975,108.59869028058489,106.09420991717995,108.08924865722656,35476000,0.0,0.0
2022-07-05 00:00:00-04:00,106.46201582149232,112.70109498865659,105.10117392246606,112.58777618408203,39342000,0.0,0.0
2022-07-06 00:00:00-04:00,112.62655149908483,114.90041303955668,110.8114332029559,113.88897705078125,37432000,0.0,0.0
2022-07-07 00:00:00-04:00,114.39394012046061,118.47893798548219,114.14891153732349,118.07485961914062,40936000,0.0,0.0
2022-07-08 00:00:00-04:00,116.55100004781416,118.9714810761134,116.20457457816983,118.64196014404297,38238000,0.0,0.0
2022-07-11 00:00:00-04:00,117.29454795960358,117.29454795960358,114.64294710603728,114.98688507080078,31196000,0.0,0.0
2022-07-12 00:00:00-04:00,115.52217279522108,116.27665063504178,113.01223182023313,113.34075927734375,29960000,0.0,0.0
2022-07-13 00:00:00-04:00,111.03508353081534,113.51521215372361,110.53856485199321,110.68965911865234,43722000,0.0,0.0
2022-07-14 00:00:00-04:00,109.55347958626427,110.43071823411985,107.7269323778648,109.70954132080078,37004000,0.0,0.0
2022-07-15 00:00:00-04:00,111.33280749541423,112.46601072737333,110.23886617356108,111.11112976074219,46770000,0.0,0.0
2022-07-18 00:00:00-04:00,111.96848409181302,113.00228493162726,107.72394348641585,108.3800048828125,43164600,0.0,20.0
2022-07-19 00:00:00-04:00,110.18915511969847,113.34025502745915,108.90684467367008,113.13150787353516,36530900,0.0,0.0
2022-07-20 00:00:00-04:00,112.49532639821818,114.71203541621131,111.8094450440941,113.22097778320312,35600400,0.0,0.0
2022-07-21 00:00:00-04:00,113.59870820578736,113.86710282329905,110.44760826832274,113.6583480834961,32676200,0.0,0.0
2022-07-22 00:00:00-04:00,110.33826974243688,111.67027764679771,105.86509664477052,107.25675201416016,48901200,0.0,0.0
2022-07-25 00:00:00-04:00,107.7637080493946,109.21500322305656,105.66628639016591,106.86907196044922,34690900,0.0,0.0
2022-07-26 00:00:00-04:00,105.9644880747459,106.56090957630254,103.44957222750966,104.39390563964844,47991000,0.0,0.0
2022-07-27 00:00:00-04:00,108.60864471476322,113.23092508976809,107.36609663459588,112.385986328125,59858500,0.0,0.0
2022-07-28 00:00:00-04:00,111.70010055972485,113.65834988670439,110.79552195259807,113.53907012939453,32816600,0.0,0.0
2022-07-29 00:00:00-04:00,112.40586640822389,116.01422314436486,112.38598139282392,115.62654876708984,37223400,0.0,0.0
2022-08-01 00:00:00-04:00,114.61262649976445,116.02415915770047,113.65834299567526,114.17524719238281,26034300,0.0,0.0
2022-08-02 00:00:00-04:00,113.32037341291459,115.6563620498197,113.0420438846244,114.44363403320312,20236000,0.0,0.0
2022-08-03 00:00:00-04:00,115.02019413570888,117.91284981628748,114.79156952728057,117.37606811523438,28499000,0.0,0.0
2022-08-04 00:00:00-04:00,116.7796385900292,118.07188400417878,116.19315197020073,117.48540496826172,21602900,0.0,0.0
2022-08-05 00:00:00-04:00,115.53707843219229,117.40586776237431,115.30844627937287,116.76968383789062,19159500,0.0,0.0
2022-08-08 00:00:00-04:00,117.68421392990444,119.43372376168966,116.18321371577406,116.60071563720703,19138300,0.0,0.0
2022-08-09 00:00:00-04:00,116.44165407509466,116.62058128508184,115.02017890239398,115.9346923828125,19086500,0.0,0.0
2022-08-10 00:00:00-04:00,118.07187568523868,120.19911717789559,117.70408634419078,118.98638916015625,30930400,0.0,0.0
2022-08-11 00:00:00-04:00,120.55697153723173,120.76571868354137,117.85318597451685,118.13151550292969,24293700,0.0,0.0
2022-08-12 00:00:00-04:00,119.54306471092711,120.95459747314453,118.74783092673934,120.95459747314453,19096300,0.0,0.0
2022-08-15 00:00:00-04:00,120.40786995802233,121.57090066231521,119.89097332137867,121.35221099853516,19494800,0.0,0.0
2022-08-16 00:00:00-04:00,120.7955448278805,121.70012342561321,119.92079375307682,120.97447204589844,19041200,0.0,0.0
2022-08-17 00:00:00-04:00,119.40389712535055,120.56692025061909,118.66830323792476,118.83729553222656,22847000,0.0,0.0
2022-08-18 00:00:00-04:00,118.71801927964243,120.09973219865198,118.01225284923491,119.45360565185547,17987700,0.0,0.0
2022-08-19 00:00:00-04:00,118.35020759207129,118.43967499028004,116.06392385883379,116.51123809814453,21809500,0.0,0.0
2022-08-22 00:00:00-04:00,114.51322065616014,114.94065747155288,113.17127033282841,113.55894470214844,21456600,0.0,0.0
2022-08-23 00:00:00-04:00,112.80348151528472,114.32435906122531,112.75377656147951,113.18121337890625,15870400,0.0,0.0
2022-08-24 00:00:00-04:00,112.82336019357952,114.09572815238087,112.19711872183203,113.0122299194336,17734600,0.0,0.0
2022-08-25 00:00:00-04:00,113.55893853067342,116.02415696582888,113.42971627589316,115.95457458496094,16956800,0.0,0.0
2022-08-26 00:00:00-04:00,114.03609078144194,114.43370767328705,109.53309787228136,109.68219757080078,37245700,0.0,0.0
2022-08-29 00:00:00-04:00,109.33428654736271,110.28856254541247,108.15138595373318,108.76768493652344,21191200,0.0,0.0
2022-08-30 00:00:00-04:00,109.5132132678535,109.84124777365112,107.15734701546133,108.2905502319336,27513300,0.0,0.0
2022-08-31 00:00:00-04:00,109.99035034338391,110.18915498957834,107.48536933143176,107.57483673095703,28627000,0.0,0.0
2022-09-01 00:00:00-04:00,107.63448205707193,109.79154367151925,106.71996850402212,109.08577728271484,28360900,0.0,0.0
2022-09-02 00:00:00-04:00,109.93070976860459,110.07981705454625,106.62056745703987,107.20704650878906,24160700,0.0,0.0
2022-09-06 00:00:00-04:00,106.66032494530609,107.38596874114498,105.14938230776735,106.1732406616211,25068300,0.0,0.0
2022-09-07 00:00:00-04:00,106.42174942438324,109.32434733653615,106.26270722290033,108.79750061035156,23167000,0.0,0.0
2022-09-08 00:00:00-04:00,107.39591727900688,108.94661486636787,106.52116615504382,107.73388671875,24238300,0.0,0.0
2022-09-09 00:00:00-04:00,108.41976634749524,110.32831822653726,108.37006139468133,109.99034881591797,23197700,0.0,0.0
2022-09-12 00:00:00-04:00,110.3283189403643,110.95456798066284,109.27464067230916,110.1990966796875,22966800,0.0,0.0
2022-09-13 00:00:00-04:00,107.15733881856228,107.65435800123852,103.469449809263,103.69808197021484,38172900,0.0,0.0
2022-09-14 00:00:00-04:00,103.94659425535939,104.65236060298048,103.04202326308005,104.37403106689453,26395100,0.0,0.0
2022-09-15 00:00:00-04:00,103.40981937681985,104.64242493891439,101.73983446718047,102.29650115966797,34188300,0.0,0.0
2022-09-16 00:00:00-04:00,101.46149768962303,102.51517595124567,100.33823704438211,102.18714904785156,42797200,0.0,0.0
2022-09-19 00:00:00-04:00,101.14340552574834,102.71398799188877,100.94460088260365,102.45553588867188,23036800,0.0,0.0
2022-09-20 00:00:00-04:00,101.47144691075083,101.75971897164582,99.92074176993948,100.53704833984375,26517100,0.0,0.0
2022-09-21 00:00:00-04:00,101.0638844596154,102.2666700391546,98.6781907320393,98.6881332397461,31487300,0.0,0.0
2022-09-22 00:00:00-04:00,98.23087648428292,100.63644764356222,98.20105654507131,99.54300689697266,34298600,0.0,0.0
2022-09-23 00:00:00-04:00,99.03604551995694,99.06587304318265,96.88892646629729,98.15135192871094,31625400,0.0,0.0
2022-09-26 00:00:00-04:00,97.5151649302327,99.28455205804735,97.21695796239275,97.58474731445312,27072700,0.0,0.0
2022-09-27 00:00:00-04:00,98.83724142195872,99.40384302383815,96.2925054674001,96.91874694824219,30072800,0.0,0.0
2022-09-28 00:00:00-04:00,97.06785839437818,100.09967118634215,96.5310767089488,99.45355224609375,32466300,0.0,0.0
2022-09-29 00:00:00-04:00,98.05195391388744,98.05195391388744,95.38793051528353,96.83922576904297,31047200,0.0,0.0
2022-09-30 00:00:00-04:00,96.47142820364247,98.31039769731512,94.99030555102236,95.07977294921875,32941500,0.0,0.0
2022-10-03 00:00:00-04:00,96.18316654329084,98.69808271289597,95.94459184495832,98.05195617675781,27982000,0.0,0.0
2022-10-04 00:00:00-04:00,99.84122216617615,101.23286989867923,99.7815747034179,101.03406524658203,28850800,0.0,0.0
2022-10-05 00:00:00-04:00,99.23485742540439,101.322336593497,98.21099906482014,100.8253173828125,22176900,0.0,0.0
2022-10-06 00:00:00-04:00,100.07978238942943,102.31636869945787,99.99031499339465,100.81536865234375,22324000,0.0,0.0
2022-10-07 00:00:00-04:00,99.25474381893068,99.93069030985136,97.71398867703596,98.09172058105469,27502800,0.0,0.0
2022-10-10 00:00:00-04:00,98.40980692938624,98.50920925798714,96.43167252975542,97.27660369873047,18225100,0.0,0.0
2022-10-11 00:00:00-04:00,96.84916420870518,98.65831384179268,95.73583844068543,96.60065460205078,26507100,0.0,0.0
2022-10-12 00:00:00-04:00,96.71994900531315,98.16130179558228,96.16328228870344,96.9783935546875,21876400,0.0,0.0
2022-10-13 00:00:00-04:00,94.58275063585123,99.1851454718156,93.81733685841787,98.46943664550781,34574500,0.0,0.0
2022-10-14 00:00:00-04:00,99.39390436284926,100.08973584129348,95.79548995982137,95.9843521118164,25410700,0.0,0.0
2022-10-17 00:00:00-04:00,98.27064016930143,100.32829942385068,98.24082022971412,99.3740234375,28419200,0.0,0.0
2022-10-18 00:00:00-04:00,102.51518181869643,102.85315883269428,99.37402428483074,100.16925048828125,24060700,0.0,0.0
2022-10-19 00:00:00-04:00,99.41378069859553,100.41775400391155,98.33027491867685,99.03604125976562,23811100,0.0,0.0
2022-10-20 00:00:00-04:00,99.40384337708731,101.71001224007928,98.79747932577416,99.3740234375,25323200,0.0,0.0
2022-10-21 00:00:00-04:00,97.26665490493433,100.70602682285825,97.13743264449516,100.527099609375,32458700,0.0,0.0
2022-10-24 00:00:00-04:00,101.19311219872841,102.13744564558543,99.38396261327742,101.9088134765625,27176400,0.0,0.0
2022-10-25 00:00:00-04:00,102.28654951745078,104.19510136263077,102.10762230797071,103.85713195800781,40611400,0.0,0.0
2022-10-26 00:00:00-04:00,95.85512470074238,97.72391419149342,94.12549998143496,94.36406707763672,88114100,0.0,0.0
2022-10-27 00:00:00-04:00,93.95651093489452,94.86108956445847,91.25273272201859,91.67022705078125,60710900,0.0,0.0
2022-10-28 00:00:00-04:00,91.719919060197,95.97440974692447,91.58075429207953,95.71595764160156,43697300,0.0,0.0
2022-10-31 00:00:00-04:00,94.85113464801938,95.45749862976447,93.41972462467456,93.94656372070312,31675000,0.0,0.0
2022-11-01 00:00:00-04:00,94.88097153197215,95.45751568053437,89.83126172955421,89.9306640625,47161400,0.0,0.0
2022-11-02 00:00:00-04:00,90.39785657830541,90.6364236762348,86.36205542548035,86.45152282714844,57038300,0.0,0.0
2022-11-03 00:00:00-04:00,85.80539521394677,86.00419986230375,82.84315741639604,82.93262481689453,61288000,0.0,0.0
2022-11-04 00:00:00-04:00,84.89088473417668,86.12349028269047,83.21095733499016,86.06385040283203,51124900,0.0,0.0
2022-11-07 00:00:00-05:00,86.75967772260765,88.37002279787059,86.33224087087247,87.96246337890625,34078900,0.0,0.0
2022-11-08 00:00:00-05:00,88.37001037597656,89.78154300555741,87.06781498713387,88.37001037597656,30429000,0.0,0.0
2022-11-09 00:00:00-05:00,87.92269148388733,88.90679493833689,86.75966840198619,86.79943084716797,31769100,0.0,0.0
2022-11-10 00:00:00-05:00,91.70004695886526,93.82728863390814,91.06386295795029,93.37997436523438,51620100,0.0,0.0
2022-11-11 00:00:00-05:00,94.12551099589375,96.35215518346239,93.36009707947468,95.83525848388672,33090500,0.0,0.0
2022-11-14 00:00:00-05:00,94.52310680099191,96.21297661319738,93.94657029895365,95.12947082519531,30179500,0.0,0.0
2022-11-15 00:00:00-05:00,97.67422218610528,99.54301177950492,96.13345952403415,97.8531494140625,41640800,0.0,0.0
2022-11-16 00:00:00-05:00,97.31636294463138,99.04598767388859,97.05791083164448,98.26069641113281,29105200,0.0,0.0
2022-11-17 00:00:00-05:00,96.39190779414312,98.6881341411541,96.21298057334282,97.77362060546875,26052600,0.0,0.0
2022-11-18 00:00:00-05:00,98.18116702378596,98.31039686632052,95.79548098940924,96.84915924072266,28342300,0.0,0.0
2022-11-21 00:00:00-05:00,96.71000249420625,97.81338578935984,94.79150796680432,95.03007507324219,21647400,0.0,0.0
2022-11-22 00:00:00-05:00,95.37797963116253,96.64041262212561,93.48931277423732,96.47142791748047,23438500,0.0,0.0
2022-11-23 00:00:00-05:00,96.51118859249358,98.17123855266888,96.51118859249358,97.8730239868164,18868100,0.0,0.0
2022-11-25 00:00:00-05:00,97.65433129044288,98.0519481712884,96.81934266618741,96.87898254394531,9701400,0.0,0.0
2022-11-28 00:00:00-05:00,96.46149002485787,96.9982716863904,95.04001476855265,95.4773941040039,26237500,0.0,0.0
2022-11-29 00:00:00-05:00,95.15929443562403,95.54696878481313,93.54894958090036,94.62251281738281,20061700,0.0,0.0
2022-11-30 00:00:00-05:00,94.25471696445149,100.43763677528035,93.85710010378487,100.38793182373047,43647500,0.0,0.0
2022-12-01 00:00:00-05:00,100.41775176109607,101.64042228046151,99.65234556103928,100.38793182373047,28687100,0.0,0.0
2022-12-02 00:00:00-05:00,98.45950430330707,100.16924394174623,98.31039702993264,99.84121704101562,21480700,0.0,0.0
2022-12-05 00:00:00-05:00,98.80741511301005,100.77560683101525,98.4097982497642,98.8869400024414,24405100,0.0,0.0
2022-12-06 00:00:00-05:00,98.70801663525297,99.18515082259113,95.8451811755794,96.40184783935547,24910700,0.0,0.0
2022-12-07 00:00:00-05:00,95.83525358852569,96.30244530408564,94.15532612887091,94.37401580810547,31045400,0.0,0.0
2022-12-08 00:00:00-05:00,94.81137119667201,95.0101834088486,92.89287695665301,93.15132904052734,32213300,0.0,0.0
2022-12-09 00:00:00-05:00,93.21097939860525,93.6980636853028,92.1970635461241,92.2765884399414,28225400,0.0,0.0
2022-12-12 00:00:00-05:00,92.15729402511153,93.00222510130644,91.06385336274687,92.75371551513672,29420000,0.0,0.0
2022-12-13 00:00:00-05:00,97.17719742140095,98.93664207626901,94.46346921578849,95.05989074707031,40593700,0.0,0.0
2022-12-14 00:00:00-05:00,94.63244949137042,96.29249932779648,93.0419896211789,94.50322723388672,28733600,0.0,0.0
2022-12-15 00:00:00-05:00,92.57479266918149,93.08175437233609,89.47339774143826,90.31832885742188,40107000,0.0,0.0
2022-12-16 00:00:00-05:00,90.21892777189433,90.78552935945446,88.98631468913348,89.72190856933594,58011800,0.0,0.0
2022-12-19 00:00:00-05:00,89.72190744481648,90.02011441226728,87.68412570630292,87.91275787353516,29493000,0.0,0.0
2022-12-20 00:00:00-05:00,87.58472494961606,88.64834574541868,86.91872103476729,88.48929595947266,23453800,0.0,0.0
2022-12-21 00:00:00-05:00,88.54894028504452,89.68214342608638,87.79346899637963,89.04595947265625,24745600,0.0,0.0
2022-12-22 00:00:00-05:00,87.63442563845696,88.01215748582743,85.80539110865442,87.23680877685547,27658300,0.0,0.0
2022-12-23 00:00:00-05:00,86.59068727442555,89.01614344331847,86.55092482760142,88.69805145263672,23003000,0.0,0.0
2022-12-27 00:00:00-05:00,88.27061639358696,88.40978116829751,86.4912866781748,86.8690185546875,20097300,0.0,0.0
2022-12-28 00:00:00-05:00,86.46146279172514,87.51514106183947,85.42766195255722,85.5071792602539,19523200,0.0,0.0
2022-12-29 00:00:00-05:00,86.10361435200618,88.32031587639192,86.09367184388593,87.92269897460938,23333500,0.0,0.0
2022-12-30 00:00:00-05:00,86.46146955032644,87.77360002877838,86.05391013691137,87.70401763916016,23986300,0.0,0.0
2023-01-03 00:00:00-05:00,89.05589098881593,90.50719363495864,87.99227027137619,88.58869934082031,28131200,0.0,0.0
2023-01-04 00:00:00-05:00,89.81136487760658,90.10957942105821,86.7497248892918,87.55490112304688,34854800,0.0,0.0
2023-01-05 00:00:00-05:00,86.94854453006714,87.04794685839362,85.38790446521591,85.68611145019531,27194400,0.0,0.0
2023-01-06 00:00:00-05:00,86.27258888046856,87.16722490783211,84.35409457108759,86.81930541992188,41381500,0.0,0.0
2023-01-09 00:00:00-05:00,87.83323150806754,89.51315879032069,87.33621232007889,87.49525451660156,29003900,0.0,0.0
2023-01-10 00:00:00-05:00,85.46742707274271,88.1413852775039,85.31831979229013,87.89287567138672,30467800,0.0,0.0
2023-01-11 00:00:00-05:00,88.6483419812014,91.0539130121548,88.47935727874264,90.9743881225586,26862000,0.0,0.0
2023-01-12 00:00:00-05:00,90.93462754297335,91.32230187548615,89.21493793718011,90.58670806884766,30258100,0.0,0.0
2023-01-13 00:00:00-05:00,90.30839060576042,91.64040605676044,89.59268171673492,91.5708236694336,26329200,0.0,0.0
2023-01-17 00:00:00-05:00,91.51117191070365,91.70004163197335,89.51316020385387,90.74576568603516,32602400,0.0,0.0
2023-01-18 00:00:00-05:00,91.59069806310823,92.24676705092286,90.09964045506904,90.5767822265625,29116700,0.0,0.0
2023-01-19 00:00:00-05:00,90.17916608131551,93.05193648946374,90.08969868047147,92.49527740478516,37000400,0.0,0.0
2023-01-20 00:00:00-05:00,94.53305558762652,97.71398319511445,94.45353069105923,97.4356460571289,63191100,0.0,0.0
2023-01-23 00:00:00-05:00,97.36606416611731,99.44360849206205,96.91874989248586,99.19509887695312,40005100,0.0,0.0
2023-01-24 00:00:00-05:00,97.51517060845472,99.01617079422424,96.62053448501887,97.1175537109375,33078500,0.0,0.0
2023-01-25 00:00:00-05:00,95.00025569559745,95.58674233295737,93.20104850271382,94.65234375,42330000,0.0,0.0
2023-01-26 00:00:00-05:00,95.92470568897652,96.98832647460665,94.81137994973582,96.9386215209961,30114000,0.0,0.0
2023-01-27 00:00:00-05:00,96.72987132152899,99.7219289376006,96.72987132152899,98.77759552001953,33879800,0.0,0.0
2023-01-30 00:00:00-05:00,96.89887274473404,97.7040414731996,95.8253093841722,96.36209106445312,27226200,0.0,0.0
2023-01-31 00:00:00-05:00,96.29250596289785,98.2905177575421,96.24280100756562,98.2507553100586,29870700,0.0,0.0
2023-02-01 00:00:00-05:00,98.121536192239,100.58675492794167,96.998275454454,99.83128356933594,35531100,0.0,0.0
2023-02-02 00:00:00-05:00,105.16925757853852,107.20703158979141,104.98038787036819,107.09768676757812,69883800,0.0,0.0
2023-02-03 00:00:00-05:00,102.31637258300907,107.16727723378527,101.96846066058136,104.15534210205078,65309300,0.0,0.0
2023-02-06 00:00:00-05:00,101.78952563905142,103.73783983913496,101.27262146487813,102.28654479980469,31999600,0.0,0.0
2023-02-07 00:00:00-05:00,102.60464317977393,107.53507265289669,102.50524085818532,106.998291015625,49010200,0.0,0.0
2023-02-08 00:00:00-05:00,101.4416186539757,102.52511683659164,97.45552266827733,98.77759552001953,94743500,0.0,0.0
2023-02-09 00:00:00-05:00,99.40383763113448,99.43365756899807,93.07181044382328,94.44358825683594,119455000,0.0,0.0
2023-02-10 00:00:00-05:00,94.88095368057328,96.17320651747302,93.68811074182773,94.0062026977539,54980700,0.0,0.0
2023-02-13 00:00:00-05:00,94.17518935487217,94.63244607706012,93.2805533401955,94.04596710205078,50076100,0.0,0.0
2023-02-14 00:00:00-05:00,93.86705282200347,94.28454715835977,91.70999116691762,94.11556243896484,54726100,0.0,0.0
2023-02-15 00:00:00-05:00,93.92669227888722,96.54101829121342,93.5887228416242,96.36209106445312,50169000,0.0,0.0
2023-02-16 00:00:00-05:00,94.80144040094763,97.09766656819714,94.1751913852172,94.94060516357422,42462600,0.0,0.0
2023-02-17 00:00:00-05:00,94.28453289162607,94.9902991869334,92.65431065775073,93.78751373291016,34284100,0.0,0.0
2023-02-21 00:00:00-05:00,92.44556810645479,92.54497042634621,91.17320021045835,91.24278259277344,33629300,0.0,0.0
2023-02-22 00:00:00-05:00,91.1533121734712,91.56087153059548,90.06981402993513,91.1036148071289,30884000,0.0,0.0
2023-02-23 00:00:00-05:00,91.37201052858497,91.39189554414554,89.22489146663528,90.34815216064453,41206400,0.0,0.0
2023-02-24 00:00:00-05:00,88.9068128168328,89.35412714323527,88.05193903329307,88.5986557006836,36585100,0.0,0.0
2023-02-27 00:00:00-05:00,89.33424377441406,89.62251585286917,88.80739699274041,89.33424377441406,27502300,0.0,0.0
2023-02-28 00:00:00-05:00,88.79745797356841,90.68613257544551,88.78751546541476,89.52310180664062,30142000,0.0,0.0
2023-03-01 00:00:00-05:00,89.44358008249957,90.48731586981515,89.1354230162253,89.8213119506836,31111200,0.0,0.0
2023-03-02 00:00:00-05:00,89.12549173576838,91.72986764059928,89.05590176319137,91.4515380859375,32204400,0.0,0.0
2023-03-03 00:00:00-05:00,91.9286670507306,93.17121494911146,91.89883953068463,93.09169006347656,35160100,0.0,0.0
2023-03-06 00:00:00-05:00,93.45948302749099,95.39786237480197,93.4396055972634,94.5628662109375,32639300,0.0,0.0
2023-03-07 00:00:00-05:00,94.41377902394467,95.09966042430774,92.97241866452005,93.30045318603516,27835500,0.0,0.0
2023-03-08 00:00:00-05:00,93.55888810197499,95.38791494495396,93.43960077503316,93.6881103515625,34103300,0.0,0.0
2023-03-09 00:00:00-05:00,93.4893203068792,94.96049298242464,91.35213609857506,91.7696304321289,28813500,0.0,0.0
2023-03-10 00:00:00-05:00,91.62051886016795,92.23682540747255,89.86107420311967,90.0896987915039,35941000,0.0,0.0
2023-03-13 00:00:00-04:00,89.55291768928547,92.01813630978192,88.88691376749047,90.56684112548828,37335600,0.0,0.0
2023-03-14 00:00:00-04:00,92.008184734202,93.79745674885844,91.88890498916527,93.40978240966797,36050200,0.0,0.0
2023-03-15 00:00:00-04:00,92.66427005610923,96.35215197597282,92.08772590676253,95.53704071044922,50622100,0.0,0.0
2023-03-16 00:00:00-04:00,95.62649054095976,100.58674759115617,94.9306666982023,99.72193145751953,65492000,0.0,0.0
2023-03-17 00:00:00-04:00,99.66229776635429,102.22691122020146,99.50324797304604,101.01419067382812,61028500,0.0,0.0
2023-03-20 00:00:00-04:00,99.52312877998469,101.14340866524942,99.27461917638456,100.61656951904297,32960400,0.0,0.0
2023-03-21 00:00:00-04:00,100.64639068259812,104.47343710782083,100.6165707432291,104.29450988769531,42110300,0.0,0.0
2023-03-22 00:00:00-04:00,103.64838216824836,105.95455098709382,102.71399121545033,102.75375366210938,43427400,0.0,0.0
2023-03-23 00:00:00-04:00,104.43366971999873,105.66628277095427,103.83724820910045,104.97045135498047,40797800,0.0,0.0
2023-03-24 00:00:00-04:00,104.36409477299682,104.86111399814442,103.22094903837505,104.81141662597656,30393300,0.0,0.0
2023-03-27 00:00:00-04:00,103.99630110372327,104.1354658743024,101.32233535604627,101.84917449951172,31120900,0.0,0.0
2023-03-28 00:00:00-04:00,101.8292939828493,101.83922890622448,99.14538580890651,100.42769622802734,32057900,0.0,0.0
2023-03-29 00:00:00-04:00,101.67024654963934,101.87899370400336,100.04996668448369,100.78555297851562,28779600,0.0,0.0
2023-03-30 00:00:00-04:00,100.30841345635649,100.5569230436523,99.18514526807657,100.28852844238281,33086200,0.0,0.0
2023-03-31 00:00:00-04:00,100.69609670719845,103.27065261889246,100.43764459006906,103.11161041259766,36863400,0.0,0.0
2023-04-03 00:00:00-04:00,101.77958954435002,103.90683107967517,101.32233279771957,103.73784637451172,25035400,0.0,0.0
2023-04-04 00:00:00-04:00,103.70802875324159,104.95057676116241,103.41975670533462,104.095703125,24420100,0.0,0.0
2023-04-05 00:00:00-04:00,105.14938643400981,105.46747843588288,103.04202976556758,103.84719848632812,28290500,0.0,0.0
2023-04-06 00:00:00-04:00,104.63248603540852,108.51917230738914,103.70803000301844,107.77364349365234,48711500,0.0,0.0
2023-04-10 00:00:00-04:00,106.34223975725864,106.94859625189015,104.49332758070248,105.80545806884766,27067400,0.0,0.0
2023-04-11 00:00:00-04:00,105.91479737847038,106.0937245985991,104.05594279068394,104.7219467163086,26311800,0.0,0.0
2023-04-12 00:00:00-04:00,105.94461117895013,106.11359588152682,103.71795977216782,104.01617431640625,24370300,0.0,0.0
2023-04-13 00:00:00-04:00,105.20902570515906,106.84919066128349,105.20902570515906,106.78955078125,24843600,0.0,0.0
2023-04-14 00:00:00-04:00,106.25276317029352,108.29054490853437,106.20305821710284,108.22096252441406,26578000,0.0,0.0
2023-04-17 00:00:00-04:00,104.03606887998757,105.52712657021846,103.89689651836736,105.3382568359375,37571200,0.0,0.0
2023-04-18 00:00:00-04:00,105.85514070388123,105.90484565444586,103.44956974120215,103.87700653076172,26596400,0.0,0.0
2023-04-19 00:00:00-04:00,102.96250028499584,104.35415557519765,102.45553857261214,103.55892181396484,20905700,0.0,0.0
2023-04-20 00:00:00-04:00,103.29053742906055,105.61658372686173,103.25077498158814,104.66230773925781,27820800,0.0,0.0
2023-04-21 00:00:00-04:00,104.84123320100569,105.36807234932652,104.15534426546508,104.7815933227539,25800100,0.0,0.0
2023-04-24 00:00:00-04:00,104.86111503814251,105.99431827600507,104.07582374455153,105.3382568359375,23542800,0.0,0.0
2023-04-25 00:00:00-04:00,105.19908777458112,106.05396142221645,103.22094585900729,103.23088836669922,46664100,0.0,0.0
2023-04-26 00:00:00-04:00,104.29450612363466,105.71598132557666,102.01815729904722,103.09172058105469,53347600,0.0,0.0
2023-04-27 00:00:00-04:00,103.82731301498328,107.72394950073121,102.9227419695873,106.94859313964844,50089200,0.0,0.0
2023-04-28 00:00:00-04:00,106.40186628643428,106.71001574921917,104.46348694643991,106.7000732421875,36139800,0.0,0.0
2023-05-01 00:00:00-04:00,106.20305105266186,107.3461966437315,106.18317362307316,106.56090545654297,26681700,0.0,0.0
2023-05-02 00:00:00-04:00,106.5012729878526,106.56091286467543,103.09172099111031,104.69212341308594,30997200,0.0,0.0
2023-05-03 00:00:00-04:00,104.90087307925748,106.84918746923228,104.3342714841317,104.7815933227539,21795400,0.0,0.0
2023-05-04 00:00:00-04:00,104.86111365848528,104.97045849437649,103.35017855585177,104.06588745117188,23419500,0.0,0.0
2023-05-05 00:00:00-04:00,104.19510686625813,105.248785164457,103.48934049822763,104.94063568115234,26625100,0.0,0.0
2023-05-08 00:00:00-04:00,104.55296182032677,107.31638742775263,104.53308438875243,107.12751770019531,26511400,0.0,0.0
2023-05-09 00:00:00-04:00,107.74383053413777,109.49334038720126,106.55098738845143,106.71002960205078,36360100,0.0,0.0
2023-05-10 00:00:00-04:00,107.32632224769718,112.26669407833442,107.28655980348533,111.08378601074219,63153400,0.0,0.0
2023-05-11 00:00:00-04:00,114.7120303237843,117.21700369911343,113.72793445318118,115.87505340576172,78900000,0.0,0.0
2023-05-12 00:00:00-04:00,115.98439459430223,117.32634484554183,115.41779304004947,116.8094482421875,41073800,0.0,0.0
2023-05-15 00:00:00-04:00,115.41779755769231,117.77367126175112,115.3183952359154,115.81541442871094,36266800,0.0,0.0
2023-05-16 00:00:00-04:00,115.79553091747705,120.03013661857146,115.73589104041876,118.79753112792969,45035600,0.0,0.0
2023-05-17 00:00:00-04:00,118.89693538561576,120.94465209298824,118.18122651362621,120.11959838867188,33323600,0.0,0.0
2023-05-18 00:00:00-04:00,120.22895061452563,122.57488202412814,120.10967085113305,122.09774780273438,35234200,0.0,0.0
2023-05-19 00:00:00-04:00,122.81344368845429,125.21901472452637,121.42178845320309,122.02815246582031,41330300,0.0,0.0
2023-05-22 00:00:00-04:00,122.20708277325107,125.676274650154,122.0082705437985,124.30450439453125,35253000,0.0,0.0
2023-05-23 00:00:00-04:00,123.41980550509645,123.88699716035613,121.4814261670857,121.82933807373047,34046300,0.0,0.0
2023-05-24 00:00:00-04:00,120.39793465821407,121.18322591028411,119.14544414114819,120.17924499511719,34182600,0.0,0.0
2023-05-25 00:00:00-04:00,123.77765154370749,124.57288525430762,121.23291580404424,122.74385833740234,42317000,0.0,0.0
2023-05-26 00:00:00-04:00,122.43570873235292,124.51325294597704,121.7199998661075,123.86712646484375,35635900,0.0,0.0
2023-05-30 00:00:00-04:00,124.89098856185396,124.91087357757542,121.27268925951256,122.93273162841797,35076700,0.0,0.0
2023-05-31 00:00:00-04:00,122.01822485781739,123.32041285511012,121.76971523488903,122.13751220703125,37325800,0.0,0.0
2023-06-01 00:00:00-04:00,122.08779344621344,123.67825333636262,121.8889888039114,122.98242950439453,30772700,0.0,0.0
2023-06-02 00:00:00-04:00,123.25081902689789,125.39794561003231,123.02219444200982,123.92676544189453,26963100,0.0,0.0
2023-06-05 00:00:00-04:00,123.27070462476311,126.67031414688987,123.10171233228152,125.25878143310547,32305500,0.0,0.0
2023-06-06 00:00:00-04:00,125.258787581513,127.52518645693398,124.61266107030399,126.55103302001953,26638300,0.0,0.0
2023-06-07 00:00:00-04:00,126.21305177918425,128.2707032970609,121.39196725009788,121.76969909667969,52539000,0.0,0.0
2023-06-08 00:00:00-04:00,121.50131737551912,122.49535577884562,120.51721389580985,121.41184997558594,29389200,0.0,0.0
2023-06-09 00:00:00-04:00,121.52119731681012,123.02219746033296,121.18322789297535,121.5013198852539,23762500,0.0,0.0
2023-06-12 00:00:00-04:00,122.05796961708683,123.31046005861134,120.93470901445872,122.90290069580078,28306400,0.0,0.0
2023-06-13 00:00:00-04:00,124.23493503711357,124.41386227042713,122.44566270397812,123.09178924560547,22278300,0.0,0.0
2023-06-14 00:00:00-04:00,122.366130022939,123.31047108801155,120.72596508584364,122.93273162841797,30592300,0.0,0.0
2023-06-15 00:00:00-04:00,122.40588930189539,124.71205811164573,121.67030300138232,124.3442611694336,35246300,0.0,0.0
2023-06-16 00:00:00-04:00,125.17925754877999,125.35818476632826,122.54505423972924,122.79356384277344,45514000,0.0,0.0
2023-06-20 00:00:00-04:00,122.19713468538134,123.82735697288895,121.41184347870586,122.36611938476562,26097500,0.0,0.0
2023-06-21 00:00:00-04:00,121.67029882583057,121.9287509272697,119.384007525838,119.83132934570312,30306300,0.0,0.0
2023-06-22 00:00:00-04:00,119.28460999049842,122.50529233674672,118.12158686322977,122.41583251953125,26952200,0.0,0.0
2023-06-23 00:00:00-04:00,120.65636562550243,122.05796326299105,120.3382736741725,121.61064147949219,34885300,0.0,0.0
2023-06-26 00:00:00-04:00,120.04007724666526,121.27268271800895,117.56491621274243,117.6344985961914,33969900,0.0,0.0
2023-06-27 00:00:00-04:00,116.38200958170788,118.37008624316277,115.40784868067432,117.62455749511719,39535900,0.0,0.0
2023-06-28 00:00:00-04:00,116.39194899018476,119.67227864156895,116.15338190511109,119.46353149414062,27091400,0.0,0.0
2023-06-29 00:00:00-04:00,118.52913363777087,119.34424480140737,117.59474272291158,118.38996887207031,24090900,0.0,0.0
2023-06-30 00:00:00-04:00,119.45358840475198,120.35816695644344,118.97645423693015,118.98638916015625,29519700,0.0,0.0
2023-07-03 00:00:00-04:00,118.52913457966352,119.47347559317684,118.11164027924423,119.1852035522461,14467900,0.0,0.0
2023-07-05 00:00:00-04:00,118.52914646740723,121.87905888187697,118.51921154300393,121.02418518066406,27584800,0.0,0.0
2023-07-06 00:00:00-04:00,119.0858095522219,119.58282877809276,117.6941542030012,119.39395904541016,24745200,0.0,0.0
2023-07-07 00:00:00-04:00,119.38400676061259,120.32834776277866,118.68818293494151,118.76770782470703,21692600,0.0,0.0
2023-07-10 00:00:00-04:00,117.5947449163012,117.60467983981444,115.44761834731118,115.75576782226562,35315200,0.0,0.0
2023-07-11 00:00:00-04:00,115.59673446756477,117.00826727337527,114.66233587987337,116.44166564941406,23078800,0.0,0.0
2023-07-12 00:00:00-04:00,118.09177077383134,119.61264838736349,117.70409638543734,118.22099304199219,30404400,0.0,0.0
2023-07-13 00:00:00-04:00,120.20907447321262,124.0858260872615,119.73193266278172,123.79755401611328,44297900,0.0,0.0
2023-07-14 00:00:00-04:00,124.05599566087564,126.024187450761,122.75380019659028,124.67229461669922,33266800,0.0,0.0
2023-07-17 00:00:00-04:00,125.18920134410803,126.34228197046,123.45956902871312,123.90689086914062,25716200,0.0,0.0
2023-07-18 00:00:00-04:00,123.85718252034981,123.9367074121014,122.22696015899771,123.0221939086914,26226400,0.0,0.0
2023-07-19 00:00:00-04:00,123.85718389369957,124.43372798942477,121.07388090673209,121.30250549316406,37224000,0.0,0.0
2023-07-20 00:00:00-04:00,120.69613867772544,123.35021934094455,117.51521888479368,118.48937225341797,37906800,0.0,0.0
2023-07-21 00:00:00-04:00,119.90091059385597,120.26869993605376,118.02217868637307,119.30448150634766,72937900,0.0,0.0
2023-07-24 00:00:00-04:00,120.9347184353893,122.26672628471773,120.25877200297913,120.80548858642578,29686100,0.0,0.0
2023-07-25 00:00:00-04:00,120.63650652003999,122.41583625002411,120.29852950446688,121.48143768310547,52509600,0.0,0.0
2023-07-26 00:00:00-04:00,129.29457759875808,130.19914098464145,127.55501045755061,128.4993438720703,61682100,0.0,0.0
2023-07-27 00:00:00-04:00,130.88502657960586,132.44567405601035,128.02219130294213,128.62855529785156,44952100,0.0,0.0
2023-07-28 00:00:00-04:00,130.00033967744673,132.9426999912715,129.79160010913102,131.78961181640625,36591200,0.0,0.0
2023-07-31 00:00:00-04:00,131.93870689581183,132.7339406150858,130.99437349009594,131.92877197265625,28055500,0.0,0.0
2023-08-01 00:00:00-04:00,130.00034846859862,131.839325685076,129.90093855555864,130.76576232910156,23166800,0.0,0.0
2023-08-02 00:00:00-04:00,128.67827543385778,129.31445944065703,126.79954335379257,127.61466217041016,26273300,0.0,0.0
2023-08-03 00:00:00-04:00,127.20710041480135,128.61863317984626,126.66037623908817,127.68423461914062,20089500,0.0,0.0
2023-08-04 00:00:00-04:00,128.50928317902822,130.7259845647358,127.14745542430265,127.34626007080078,26130000,0.0,0.0
2023-08-07 00:00:00-04:00,128.38999879802174,130.825389757462,128.2508340337058,130.74586486816406,22746300,0.0,0.0
2023-08-08 00:00:00-04:00,129.8412742857668,130.7259677414803,128.7677111314481,130.6166229248047,23535200,0.0,0.0
2023-08-09 00:00:00-04:00,130.87511624062913,131.25284056715984,128.2309701157931,128.8870391845703,24912900,0.0,0.0
2023-08-10 00:00:00-04:00,130.5371424591405,131.2627863135843,128.67828015915416,128.91685485839844,20857800,0.0,0.0
2023-08-11 00:00:00-04:00,127.8929692677222,129.15538696765046,127.40588504811633,128.78759765625,19569200,0.0,0.0
2023-08-14 00:00:00-04:00,128.61862128286964,130.58681296556023,128.19119207364483,130.54705810546875,24695600,0.0,0.0
2023-08-15 00:00:00-04:00,130.3184398437721,130.63652424337354,128.50928268165,129.0063018798828,19770700,0.0,0.0
2023-08-16 00:00:00-04:00,127.93275451660156,129.50333719866168,127.10770830860596,127.93275451660156,25216100,0.0,0.0
2023-08-17 00:00:00-04:00,129.0261670418243,131.20311322197355,128.51919783022686,129.14544677734375,33446300,0.0,0.0
2023-08-18 00:00:00-04:00,127.74387005295644,128.47946393357242,125.62657097907541,126.70013427734375,30491300,0.0,0.0
2023-08-21 00:00:00-04:00,126.42180525996095,127.96256024478278,125.8054987156855,127.60470581054688,25248700,0.0,0.0
2023-08-22 00:00:00-04:00,127.74386144743474,129.50331355394454,127.5550069040494,128.3104705810547,22067500,0.0,0.0
2023-08-23 00:00:00-04:00,129.40392483702382,132.61468011751114,129.09577532842894,131.58087158203125,27819700,0.0,0.0
2023-08-24 00:00:00-04:00,133.1514401730058,133.44965472550993,128.79756231060549,129.0063018798828,28500700,0.0,0.0
2023-08-25 00:00:00-04:00,128.76772830539176,129.98045637287547,126.49138703186253,129.105712890625,26762900,0.0,0.0
2023-08-28 00:00:00-04:00,130.52717266697422,131.74983558444546,129.36414962335698,130.2289581298828,20543300,0.0,0.0
2023-08-29 00:00:00-04:00,131.45166482103772,135.75585361207422,131.45166482103772,133.7677764892578,43075600,0.0,0.0
2023-08-30 00:00:00-04:00,133.97648281717633,135.46754028895185,133.27072410784902,135.06993103027344,28315800,0.0,0.0
2023-08-31 00:00:00-04:00,135.19916553809026,137.17730753469533,134.98047586337722,135.35821533203125,30053800,0.0,0.0
2023-09-01 00:00:00-04:00,136.64052953536765,136.64052953536765,134.04608862115742,134.85125732421875,21524600,0.0,0.0
2023-09-05 00:00:00-04:00,134.632582526501,135.60673605046156,133.7777087738511,134.9606170654297,19403100,0.0,0.0
2023-09-06 00:00:00-04:00,135.20909886838623,135.71605295992552,132.8731027089163,133.6584014892578,18684500,0.0,0.0
2023-09-07 00:00:00-04:00,132.79358623197456,134.7717281086327,132.1574022626096,134.45362854003906,18844300,0.0,0.0
2023-09-08 00:00:00-04:00,134.10573306698214,135.84530038220512,134.04609318588336,135.5669708251953,23558300,0.0,0.0
2023-09-11 00:00:00-04:00,135.72598982082727,136.66038829795693,134.9804610573074,136.10372924804688,20763400,0.0,0.0
2023-09-12 00:00:00-04:00,135.44767088322882,136.054034931668,134.38405765140297,134.5331573486328,18405500,0.0,0.0
2023-09-13 00:00:00-04:00,134.28465165631675,136.08385883851705,133.35025307890763,135.89500427246094,20749500,0.0,0.0
2023-09-14 00:00:00-04:00,136.7796989069456,137.87313211819787,135.427805987281,137.27671813964844,24751000,0.0,0.0
2023-09-15 00:00:00-04:00,137.15741568045607,137.69420491628924,135.66635806419885,136.58087158203125,38908400,0.0,0.0
2023-09-18 00:00:00-04:00,135.7955799322636,138.33038076452607,135.7955799322636,137.38604736328125,21861300,0.0,0.0
2023-09-19 00:00:00-04:00,136.60074211992554,137.58484550277345,135.80550844197154,137.217041015625,20353700,0.0,0.0
2023-09-20 00:00:00-04:00,137.25682633323285,137.25682633323285,132.82340832300335,132.9427032470703,29927500,0.0,0.0
2023-09-21 00:00:00-04:00,130.6563917791084,131.4416753334194,129.2945642118386,129.662353515625,31488700,0.0,0.0
2023-09-22 00:00:00-04:00,129.98044958303285,131.24288253838307,128.82737662105137,129.47349548339844,26397300,0.0,0.0
2023-09-25 00:00:00-04:00,129.056001261507,130.38800901498652,128.19119274762159,130.328369140625,20094600,0.0,0.0
2023-09-26 00:00:00-04:00,128.99636321019003,129.58284220679568,126.46156233925063,127.80352020263672,25718700,0.0,0.0
2023-09-27 00:00:00-04:00,127.80353788445824,130.11963425371414,127.80353788445824,129.76177978515625,22746500,0.0,0.0
2023-09-28 00:00:00-04:00,129.0659338151782,132.50531312916033,129.0162288648489,131.52120971679688,22513100,0.0,0.0
2023-09-29 00:00:00-04:00,132.4854511299106,133.25086502804453,129.5828605067531,130.0798797607422,30848100,0.0,0.0
2023-10-02 00:00:00-04:00,130.42778722909262,133.61864205027362,130.38801719847447,133.37013244628906,22288000,0.0,0.0
2023-10-03 00:00:00-04:00,133.1415106769451,133.4595950895132,131.0540238921424,131.6405029296875,22989400,0.0,0.0
2023-10-04 00:00:00-04:00,131.9983553295183,134.76179609594416,131.7399108003202,134.4337615966797,26752300,0.0,0.0
2023-10-05 00:00:00-04:00,134.26475524902344,134.68224949867667,132.6544029514237,134.26475524902344,19832600,0.0,0.0
2023-10-06 00:00:00-04:00,133.21108686390718,137.33635552094708,133.21108686390718,136.7598114013672,27583200,0.0,0.0
2023-10-09 00:00:00-04:00,136.12363017147987,138.11170710655549,134.8015571895158,137.5948028564453,19278100,0.0,0.0
2023-10-10 00:00:00-04:00,137.67433310491938,138.88706129587598,136.51130987283616,137.23695373535156,27786600,0.0,0.0
2023-10-11 00:00:00-04:00,137.75385539330637,140.2687715528067,137.75385539330637,139.7121124267578,25884300,0.0,0.0
2023-10-12 00:00:00-04:00,140.20911158737982,140.37809628588107,137.43573611101667,138.14151000976562,24765500,0.0,0.0
2023-10-13 00:00:00-04:00,138.5490688742982,139.16536779224674,135.80551334470252,136.54110717773438,23420500,0.0,0.0
2023-10-16 00:00:00-04:00,137.34630348090238,138.79760642556744,137.16738382395945,138.27076721191406,28501900,0.0,0.0
2023-10-17 00:00:00-04:00,137.80355616536733,139.06597408508733,136.36218826827314,138.88705444335938,23515800,0.0,0.0
2023-10-18 00:00:00-04:00,138.61865021577995,139.88108321591943,136.56099863925294,137.13754272460938,23375000,0.0,0.0
2023-10-19 00:00:00-04:00,137.67431601854938,138.8274041828809,136.56099788351034,136.9287872314453,26066000,0.0,0.0
2023-10-20 00:00:00-04:00,136.5112928722996,137.04806692494282,134.274706511946,134.79161071777344,26315200,0.0,0.0
2023-10-23 00:00:00-04:00,134.23494596466517,136.8393370245853,133.15144769161353,135.68624877929688,26317900,0.0,0.0
2023-10-24 00:00:00-04:00,137.00831426795142,138.52919180403703,136.60075488434097,137.9824676513672,44814300,0.0,0.0
2023-10-25 00:00:00-04:00,127.39596115570761,127.54506084409789,124.32437864838262,124.86116027832031,84366200,0.0,0.0
2023-10-26 00:00:00-04:00,122.53510599028242,123.58879181487515,120.54702925908742,121.55101013183594,57061100,0.0,0.0
2023-10-27 00:00:00-04:00,122.14743965465438,122.57487648328338,119.49335886437983,121.4416732788086,44566500,0.0,0.0
2023-10-30 00:00:00-04:00,122.47546958591673,124.65241609511718,122.0182128348534,123.718017578125,28940100,0.0,0.0
2023-10-31 00:00:00-04:00,124.31443963801871,124.62259669848551,121.95857348825355,123.34028625488281,26292300,0.0,0.0
2023-11-01 00:00:00-04:00,123.33035057458807,125.73592181098695,122.98243863278022,125.69615936279297,30082400,0.0,0.0
2023-11-02 00:00:00-04:00,127.6544059406954,128.2110650022886,126.17329088957868,126.72994995117188,27124600,0.0,0.0
2023-11-03 00:00:00-04:00,127.25680471191657,128.75779728854175,127.09775492201882,128.3303680419922,26380100,0.0,0.0
2023-11-06 00:00:00-05:00,128.28065249331533,129.56295529489483,127.9029130654574,129.47349548339844,19052700,0.0,0.0
2023-11-07 00:00:00-05:00,129.93074923522502,131.12359212832044,129.10569564914712,130.18919372558594,29757300,0.0,0.0
2023-11-08 00:00:00-05:00,130.1892075781372,131.42182062725465,130.00033785946852,131.05401611328125,26425800,0.0,0.0
2023-11-09 00:00:00-05:00,131.17330921154067,131.75978820613193,129.2945773099461,129.46356201171875,23747800,0.0,0.0
2023-11-10 00:00:00-05:00,129.32439942696027,132.00830002192427,128.6385105172626,131.79954528808594,26913300,0.0,0.0
2023-11-13 00:00:00-05:00,130.99438651623862,131.79955523873454,130.4675473479926,131.3025360107422,18324800,0.0,0.0
2023-11-14 00:00:00-05:00,133.3900192192855,134.89101178671473,132.52521063972685,132.8234100341797,32395200,0.0,0.0
2023-11-15 00:00:00-05:00,134.06595344634397,134.22500322978144,132.77371566742562,133.81744384765625,23861500,0.0,0.0
2023-11-16 00:00:00-05:00,134.38406077910298,136.4019576236331,133.51925217939663,136.11367797851562,28013200,0.0,0.0
2023-11-17 00:00:00-05:00,135.1892153028595,135.248855176877,132.85321911836533,134.50332641601562,37240600,0.0,0.0
2023-11-20 00:00:00-05:00,132.8930080353667,135.84530356143594,132.82341806057397,135.437744140625,27815500,0.0,0.0
2023-11-21 00:00:00-05:00,135.47748837599178,136.3621819551645,135.14946904801005,136.1534423828125,22635300,0.0,0.0
2023-11-22 00:00:00-05:00,136.65045952357087,138.58883136237702,136.65045952357087,137.6643829345703,17813900,0.0,0.0
2023-11-24 00:00:00-05:00,137.20711458302074,137.30652448684904,135.17928298819064,135.87510681152344,12514300,0.0,0.0
2023-11-27 00:00:00-05:00,135.21904704018618,137.59479829207896,135.18922710057512,135.59678649902344,23436500,0.0,0.0
2023-11-28 00:00:00-05:00,135.26874667015824,136.43176977267186,134.61267768889755,136.38206481933594,18730000,0.0,0.0
2023-11-29 00:00:00-05:00,136.74986245036044,137.46555610461678,134.0361268467234,134.18524169921875,23967200,0.0,0.0
2023-11-30 00:00:00-05:00,134.24489506954276,134.74191429218615,130.49736588382123,131.7399139404297,38988300,0.0,0.0
2023-12-01 00:00:00-05:00,131.07391357421875,131.32242319231275,129.89100536523952,131.07391357421875,31431200,0.0,0.0
2023-12-04 00:00:00-05:00,129.1057078822898,129.25480757012173,127.13750857988855,128.4993438720703,36669900,0.0,0.0
2023-12-05 00:00:00-05:00,128.18125944450495,131.35224463448228,127.48543553945275,130.2091064453125,27384800,0.0,0.0
2023-12-06 00:00:00-05:00,130.6564365622713,131.05404593681922,129.1057387665788,129.24490356445312,23576200,0.0,0.0
2023-12-07 00:00:00-05:00,134.23494591057988,137.73396550929698,133.89697647711108,136.11367797851562,56767100,0.0,0.0
2023-12-08 00:00:00-05:00,133.3999429124122,135.58682423861802,133.23095821384126,134.18524169921875,32233900,0.0,0.0
2023-12-11 00:00:00-05:00,131.5908282914523,132.54509680683933,130.5769047220071,132.49539184570312,31138000,0.0,0.0
2023-12-12 00:00:00-05:00,131.0241913139364,132.2070993667004,130.47746719276546,131.72996520996094,29032800,0.0,0.0
2023-12-13 00:00:00-05:00,132.58486237619306,132.70414214464185,130.78565508557824,131.77969360351562,30104800,0.0,0.0
2023-12-14 00:00:00-05:00,132.58484482724248,132.92281423832972,128.91684075469922,131.15342712402344,38722400,0.0,0.0
2023-12-15 00:00:00-05:00,130.83532549446207,132.7140574083238,130.39794618451384,131.8094940185547,50815200,0.0,0.0
2023-12-18 00:00:00-05:00,131.8393026763813,136.33234480658354,131.64048288499953,134.9904022216797,32258000,0.0,0.0
2023-12-19 00:00:00-05:00,136.02421213162756,136.65046118246826,135.26874840184595,135.83534240722656,25476800,0.0,0.0
2023-12-20 00:00:00-05:00,138.14153844657088,140.85525943989435,137.24690981909157,137.51528930664062,49107200,0.0,0.0
2023-12-21 00:00:00-05:00,138.65840689305946,139.851249810597,138.3502422813889,139.58285522460938,27488300,0.0,0.0
2023-12-22 00:00:00-05:00,139.9307907674915,141.14351883717225,139.8711508899371,140.64649963378906,26514600,0.0,0.0
2023-12-26 00:00:00-05:00,140.74589010671386,141.82938829696292,140.34828082319078,140.6763153076172,16780300,0.0,0.0
2023-12-27 00:00:00-05:00,140.74588534047876,141.2329695889485,139.05602319099845,139.5331573486328,19628600,0.0,0.0
2023-12-28 00:00:00-05:00,139.9407366512772,140.2985911124531,138.91687822554522,139.39401245117188,16045700,0.0,0.0
2023-12-29 00:00:00-05:00,138.79758363488747,139.52322740415647,137.95264494608708,138.8572235107422,18727200,0.0,0.0
2024-01-02 00:00:00-05:00,137.72400710132297,138.61863548862266,135.66634057558502,137.3462677001953,23711200,0.0,0.0
2024-01-03 00:00:00-05:00,136.43176983282882,138.79758606869683,136.26278512567,138.09181213378906,24212100,0.0,0.0
2024-01-04 00:00:00-05:00,137.59478566159066,138.3303794960598,135.53713417819472,135.57688903808594,27137700,0.0,0.0
2024-01-05 00:00:00-05:00,135.9347608896078,136.34232030293649,134.34429326910825,134.92083740234375,22506000,0.0,0.0
2024-01-08 00:00:00-05:00,135.47748245410608,138.18126802755836,135.4476625165021,138.0122833251953,21404000,0.0,0.0
2024-01-09 00:00:00-05:00,137.67433461881012,140.64651524536572,137.32641507069434,140.10972595214844,24759600,0.0,0.0
2024-01-10 00:00:00-05:00,140.1594251764874,142.14750212934536,140.0699653538864,141.43179321289062,21320200,0.0,0.0
2024-01-11 00:00:00-05:00,142.6345843213877,144.3542666130374,139.8015686385795,141.2329864501953,24008700,0.0,0.0
2024-01-12 00:00:00-05:00,141.8194455603022,142.34628465746482,140.9745220874098,141.799560546875,18768600,0.0,0.0
2024-01-16 00:00:00-05:00,141.1534491833298,143.4894454306052,140.60672504377365,141.64053344726562,22670500,0.0,0.0
2024-01-17 00:00:00-05:00,140.50735291999237,140.99442209449427,138.0719463761856,140.6266326904297,20968600,0.0,0.0
2024-01-18 00:00:00-05:00,141.20316607385823,143.35029278465348,141.14352619319556,142.6246337890625,25746400,0.0,0.0
2024-01-19 00:00:00-05:00,143.877132267433,145.57692954131164,143.51927781485492,145.50735473632812,33300700,0.0,0.0
2024-01-22 00:00:00-05:00,146.22305793770767,147.50536082819642,144.97055981862937,145.1196746826172,32200400,0.0,0.0
2024-01-23 00:00:00-05:00,145.02026822672127,146.30257114774605,144.63259383963722,146.1634063720703,21636100,0.0,0.0
2024-01-24 00:00:00-05:00,147.6544572957646,148.95666034103166,147.21709314063574,147.81350708007812,25233500,0.0,0.0
2024-01-25 00:00:00-05:00,149.17535778862543,152.13758812892124,148.6485034546102,150.96461486816406,29149100,0.0,0.0
2024-01-26 00:00:00-05:00,150.19921656843243,151.63061920219218,150.1097415799662,151.28271484375,26115500,0.0,0.0
2024-01-29 00:00:00-05:00,151.153480689329,152.86322799613788,150.52723162700286,152.59483337402344,27784300,0.0,0.0
2024-01-30 00:00:00-05:00,151.88906033844475,152.70416388435834,150.28865801536503,150.5570526123047,36331800,0.0,0.0
2024-01-31 00:00:00-05:00,142.7637900102388,143.14152945556077,139.03614601400025,139.26478576660156,71910000,0.0,0.0
2024-02-01 00:00:00-05:00,141.2727345701597,142.2071331063445,139.950661659156,140.31846618652344,40466500,0.0,0.0
2024-02-02 00:00:00-05:00,138.42977891461894,141.7697484679074,135.68623845463344,141.53118896484375,62470600,0.0,0.0
2024-02-05 00:00:00-05:00,141.96856685843989,144.60276246391584,141.9287968297789,142.82342529296875,38505400,0.0,0.0
2024-02-06 00:00:00-05:00,143.78766056974678,144.49343456686728,142.33637287783208,143.24095153808594,29128200,0.0,0.0
2024-02-07 00:00:00-05:00,143.8969992519434,144.75187291787591,143.07194552581365,144.67234802246094,25208900,0.0,0.0
2024-02-08 00:00:00-05:00,144.9606209822742,145.45764017984033,144.23497720081787,145.04014587402344,22563800,0.0,0.0
2024-02-09 00:00:00-05:00,145.805548434302,148.54910418597495,145.30852922338417,148.11172485351562,26829500,0.0,0.0
2024-02-12 00:00:00-05:00,147.53516038555867,148.44967378728546,146.4914171531266,146.6504669189453,21564100,0.0,0.0
2024-02-13 00:00:00-05:00,144.05606006868558,145.7956274734982,142.83339693972232,144.27474975585938,27837700,0.0,0.0
2024-02-14 00:00:00-05:00,145.2091415857929,145.64652093964963,143.23099956914945,145.06997680664062,22704200,0.0,0.0
2024-02-15 00:00:00-05:00,142.28664308074758,142.6643824922345,139.6226276906128,141.91885375976562,37590700,0.0,0.0
2024-02-16 00:00:00-05:00,142.13755757805077,142.33636222630687,139.30454204497832,139.68228149414062,31451100,0.0,0.0
2024-02-20 00:00:00-05:00,138.8274141332904,141.2329853719594,138.6584294162402,140.27870178222656,25144700,0.0,0.0
2024-02-21 00:00:00-05:00,140.60673172265933,141.83934482604272,139.84131789092322,141.70018005371094,23315700,0.0,0.0
2024-02-22 00:00:00-05:00,144.0659761536674,144.13556612131504,141.94868470338366,143.23098754882812,27191900,0.0,0.0
2024-02-23 00:00:00-05:00,142.8134812622258,143.8174544884755,142.57490660893936,143.1017608642578,19493800,0.0,0.0
2024-02-26 00:00:00-05:00,141.29262579488392,141.59084036580944,136.5709431200029,136.7498779296875,53641800,0.0,0.0
2024-02-27 00:00:00-05:00,137.19718932572346,138.41985235627865,136.27272569201867,138.05206298828125,33099200,0.0,0.0
2024-02-28 00:00:00-05:00,137.07789837244195,137.18724321039747,134.602752299903,135.5669708251953,37328600,0.0,0.0
2024-02-29 00:00:00-05:00,136.46159402974666,138.03217656436829,135.58683536038203,137.6345672607422,42133000,0.0,0.0
2024-03-01 00:00:00-05:00,137.60473640817094,138.0421157563767,136.1037437975768,136.3224334716797,31119500,0.0,0.0
2024-03-04 00:00:00-05:00,134.85124940963942,134.85124940963942,131.12360550845185,132.55502319335938,55999400,0.0,0.0
2024-03-05 00:00:00-05:00,131.09379042625164,132.44568327120132,129.89099727574325,131.8790740966797,40194800,0.0,0.0
2024-03-06 00:00:00-05:00,132.32636996673963,132.78363424587957,130.06991400924693,130.6166229248047,35318600,0.0,0.0
2024-03-07 00:00:00-05:00,131.99835532166875,134.1355470286606,130.82539726481338,133.57888793945312,37738200,0.0,0.0
2024-03-08 00:00:00-05:00,133.4099095566839,137.26676850108,133.20115480441683,134.60275268554688,39343100,0.0,0.0
2024-03-11 00:00:00-04:00,135.31844603099825,138.27074115683538,135.31844603099825,136.84925842285156,32437800,0.0,0.0
2024-03-12 00:00:00-04:00,136.21309386282178,138.54909039502593,136.21309386282178,137.67433166503906,27563400,0.0,0.0
2024-03-13 00:00:00-04:00,138.17133561183664,140.24887219766538,138.16140068839562,138.9566192626953,23347200,0.0,0.0
2024-03-14 00:00:00-04:00,140.34828546340808,142.73397157906638,139.6226416714672,142.2469024658203,42753400,0.0,0.0
2024-03-15 00:00:00-04:00,141.65047109000807,142.326409917111,139.19519504435547,140.3383331298828,49460600,0.0,0.0
2024-03-18 00:00:00-04:00,147.72403935564915,151.24292843021786,146.29262170910545,146.79957580566406,69273700,0.0,0.0
2024-03-19 00:00:00-04:00,147.27674120882173,147.90297512167407,145.20913940121957,146.15347290039062,24070400,0.0,0.0
2024-03-20 00:00:00-04:00,147.1176776357803,147.97255123416053,145.86519475956715,147.853271484375,21311500,0.0,0.0
2024-03-21 00:00:00-04:00,148.5789245146502,149.47355302951823,146.0242384832815,146.72007751464844,24755600,0.0,0.0
2024-03-22 00:00:00-04:00,148.2310127163205,150.67635404159964,148.0918479363663,149.87118530273438,29175700,0.0,0.0
2024-03-25 00:00:00-04:00,149.04610890913688,149.48348819908153,146.93875251339023,149.1753387451172,19229300,0.0,0.0
2024-03-26 00:00:00-04:00,149.32444480132642,151.35227639748427,149.08587013267535,149.77175903320312,22149100,0.0,0.0
2024-03-27 00:00:00-04:00,150.2787152673791,150.73597959681047,148.01230897049075,149.97056579589844,22879200,0.0,0.0
2024-03-28 00:00:00-04:00,149.95070267592294,150.52723161549852,149.27474865876468,150.03021240234375,24485400,0.0,0.0
2024-04-01 00:00:00-04:00,149.79164677254744,154.81154365404976,149.71212188155036,154.5630340576172,31730800,0.0,0.0
2024-04-02 00:00:00-04:00,152.58490199268573,153.77774509847762,151.24294401878046,153.63858032226562,24586000,0.0,0.0
2024-04-03 00:00:00-04:00,152.6843217515043,154.1554945045974,151.81949793057797,153.99644470214844,24705000,0.0,0.0
2024-04-04 00:00:00-04:00,152.5849096930665,153.84734283458613,149.553089235633,149.6326141357422,34724700,0.0,0.0
2024-04-05 00:00:00-04:00,149.13557485238817,152.5053643067505,148.70814563552008,151.59085083007812,23449300,0.0,0.0
2024-04-08 00:00:00-04:00,151.8691826360064,154.34434366511644,151.70019793137476,153.92684936523438,20702000,0.0,0.0
2024-04-09 00:00:00-04:00,155.15945829450177,157.61473448376785,154.2648297550495,155.6664276123047,31113000,0.0,0.0
2024-04-10 00:00:00-04:00,155.27872692328225,155.67633616951284,153.75783439529002,155.20913696289062,22838600,0.0,0.0
2024-04-11 00:00:00-04:00,155.97457492584263,158.72805047789922,155.52726066236747,158.4596710205078,27166400,0.0,0.0
2024-04-12 00:00:00-04:00,157.01831260478323,159.26483393218646,156.20319383484278,156.7896728515625,25329200,0.0,0.0
2024-04-15 00:00:00-04:00,157.91295197634344,158.29069144870775,153.66840346176937,153.93679809570312,27136500,0.0,0.0
2024-04-16 00:00:00-04:00,153.27079837335037,154.7220860858798,152.5153194077595,153.4795379638672,20779500,0.0,0.0
2024-04-17 00:00:00-04:00,154.69223627540256,156.1435388755289,153.658443111342,154.5431365966797,21763100,0.0,0.0
2024-04-18 00:00:00-04:00,154.41392162833105,156.00438913764984,153.69821276591983,155.07992553710938,19883000,0.0,0.0
2024-04-19 00:00:00-04:00,155.268793063893,155.42784284613953,151.39204942052194,153.17137145996094,32239100,0.0,0.0
2024-04-22 00:00:00-04:00,153.39007067825332,156.70022053442347,153.14156106593867,155.34832763671875,26446200,0.0,0.0
2024-04-23 00:00:00-04:00,156.02427526479107,158.02228700536767,155.34832125977468,157.31651306152344,21151600,0.0,0.0
2024-04-24 00:00:00-04:00,156.5511130798954,158.61871477208004,156.23301351133364,158.18133544921875,22779100,0.0,0.0
2024-04-25 00:00:00-04:00,150.42784930971595,155.55709165379477,149.97058492196868,155.07000732421875,57109700,0.0,0.0
2024-04-26 00:00:00-04:00,173.33049824442045,173.66848288117959,168.63863504428147,170.9249267578125,64665300,0.0,0.0
2024-04-29 00:00:00-04:00,168.05212491015862,168.53920917333764,164.22508627485573,165.1594696044922,45610000,0.0,0.0
2024-04-30 00:00:00-04:00,164.6227008180937,167.09786190634827,161.63065068019893,161.8095703125,33562900,0.0,0.0
2024-05-01 00:00:00-04:00,163.32051225770076,166.12369266022054,162.11771911909202,162.8831329345703,33493200,0.0,0.0
2024-05-02 00:00:00-04:00,163.80758631850716,165.736023300885,162.91295779802104,165.62667846679688,24294500,0.0,0.0
2024-05-03 00:00:00-04:00,166.5610500573049,166.95867446590864,162.07794292101727,166.2429656982422,34662400,0.0,0.0
2024-05-06 00:00:00-04:00,166.46168587038568,167.13762473729062,165.04020299654744,167.09786987304688,21871300,0.0,0.0
2024-05-07 00:00:00-04:00,167.49547453274693,170.7360343362878,167.3861296993361,170.2290802001953,28039700,0.0,0.0
2024-05-08 00:00:00-04:00,167.99249978919846,169.13563795140396,167.7340552499391,168.3702392578125,19569100,0.0,0.0
2024-05-09 00:00:00-04:00,168.38016816108964,169.67242114682458,167.17737499330448,168.94677734375,15346700,0.0,0.0
2024-05-10 00:00:00-04:00,167.02827804658122,168.8374352899596,165.1992509552131,167.6445770263672,29799900,0.0,0.0
2024-05-13 00:00:00-04:00,163.28075544922532,168.2708328714649,163.02231090454922,168.1316680908203,31327600,0.0,0.0
2024-05-14 00:00:00-04:00,168.75791462861076,170.22908731137696,167.7936961031146,169.3245086669922,25127100,0.0,0.0
2024-05-15 00:00:00-04:00,169.61278541274416,171.62073215896464,169.49349048474016,171.4815673828125,26948400,0.0,0.0
2024-05-16 00:00:00-04:00,172.25690799152133,174.07600008713817,171.66049405107432,173.1416015625,27867900,0.0,0.0
2024-05-17 00:00:00-04:00,173.14162445654733,175.2191765187737,172.65455528261845,175.0104217529297,24479300,0.0,0.0
2024-05-20 00:00:00-04:00,175.1396363323436,177.70425734469626,175.03029149650527,175.8652801513672,22554400,0.0,0.0
2024-05-21 00:00:00-04:00,175.84537010383463,177.08791798520096,174.76187199156018,176.7897186279297,16989400,0.0,0.0
2024-05-22 00:00:00-04:00,175.58695100602287,176.09390515454282,174.1654833046587,175.32850646972656,17880000,0.0,0.0
2024-05-23 00:00:00-04:00,176.01438498002162,177.18734299954818,171.9189364995175,172.51536560058594,21024900,0.0,0.0
2024-05-24 00:00:00-04:00,173.9368425107023,174.72214137466014,172.61476956136175,173.94679260253906,16572500,0.0,0.0
2024-05-28 00:00:00-04:00,173.41000150341682,176.21319716341736,173.33047660868388,175.34837341308594,20572200,0.0,0.0
2024-05-29 00:00:00-04:00,174.38416483251896,175.78576274218864,173.67840599935957,174.8513641357422,23388700,0.0,0.0
2024-05-30 00:00:00-04:00,174.1555444817687,174.1754294990237,170.7658695114265,171.08396911621094,22958700,0.0,0.0
2024-05-31 00:00:00-04:00,170.8354347028972,172.02827771213177,168.429863670058,171.47161865234375,37638900,0.0,0.0
2024-06-03 00:00:00-04:00,171.5113700051915,173.4895117794549,170.13960739814942,172.1376190185547,27459100,0.0,0.0
2024-06-04 00:00:00-04:00,172.24698261492622,172.81359181596935,170.86526976641403,172.75393676757812,26879600,0.0,0.0
2024-06-05 00:00:00-04:00,174.15551834100538,175.59687093525568,172.89308537172246,174.36427307128906,22068500,0.0,0.0
2024-06-06 00:00:00-04:00,174.85133795912836,176.0938858842723,174.70223827523964,175.6763916015625,23251000,0.0,0.0
2024-06-07 00:00:00-04:00,175.99450830412644,176.8096119351972,173.2609026023809,173.41995239257812,19661400,0.0,0.0
2024-06-10 00:00:00-04:00,174.12652031097429,176.20644136738744,171.92716741467876,174.16632080078125,23779200,0.2,0.0
2024-06-11 00:00:00-04:00,175.3704738364273,175.98748006003564,172.9322879169248,175.76853942871094,21540600,0.0,0.0
2024-06-12 00:00:00-04:00,177.39072682440977,179.54031795801407,175.26104353053302,176.9329376220703,27864700,0.0,0.0
2024-06-13 00:00:00-04:00,175.26103010697918,175.8879979359013,174.03696379905477,174.31561279296875,20913300,0.0,0.0
2024-06-14 00:00:00-04:00,173.38014120141796,176.20644680711712,173.31047136056654,175.937744140625,18063600,0.0,0.0
2024-06-17 00:00:00-04:00,174.61415650465722,177.50017023272605,173.96728088613824,176.3855743408203,19618500,0.0,0.0
2024-06-18 00:00:00-04:00,176.2860463404059,176.5348411452888,173.26070819453116,174.2459259033203,21869900,0.0,0.0
2024-06-20 00:00:00-04:00,174.52457916649684,176.43532149280932,174.14642137972143,175.45010375976562,20160100,0.0,0.0
2024-06-21 00:00:00-04:00,176.14672706076468,179.97817324324066,175.75860776109087,178.76405334472656,58582700,0.0,0.0
2024-06-24 00:00:00-04:00,179.29148894733464,180.01796551402666,177.80866646743436,178.35601806640625,18298000,0.0,0.0
2024-06-25 00:00:00-04:00,178.75409335482692,183.401578664655,178.5550605403931,183.14283752441406,23235600,0.0,0.0
2024-06-26 00:00:00-04:00,181.74960191456344,183.6205286880091,181.60031590719578,182.9935760498047,19839000,0.0,0.0
2024-06-27 00:00:00-04:00,183.29210815644674,185.15310369188768,183.1328910161964,184.5161895751953,18848900,0.0,0.0
2024-06-28 00:00:00-04:00,183.43144872221652,184.23754149419085,181.08282505826105,181.2718963623047,29156600,0.0,0.0
2024-07-01 00:00:00-04:00,182.1476496079963,182.99355801066486,180.42599382640452,182.10784912109375,16006100,0.0,0.0
2024-07-02 00:00:00-04:00,181.17239104652464,184.675426365642,180.68474773241152,184.34701538085938,17372500,0.0,0.0
2024-07-03 00:00:00-04:00,183.95888453835914,185.1928970502459,183.11297612888922,184.92420959472656,10242100,0.0,0.0
2024-07-05 00:00:00-04:00,184.9640274577535,189.9399240156558,184.90431912869568,189.68118286132812,20967500,0.0,0.0
2024-07-08 00:00:00-04:00,188.98452970854757,189.25323235251997,186.87475460015818,188.1187286376953,21035900,0.0,0.0
2024-07-09 00:00:00-04:00,189.3925599464582,190.43750119218953,187.81022858918996,188.0689697265625,15121400,0.0,0.0
2024-07-10 00:00:00-04:00,188.23816424953293,190.82563658236953,188.11874758917267,190.2583770751953,15952500,0.0,0.0
2024-07-11 00:00:00-04:00,188.93479649413544,189.93992212212828,184.18778697335526,184.67543029785156,25625800,0.0,0.0
2024-07-12 00:00:00-04:00,184.1877722532729,186.2079848593699,183.6006201566738,184.17782592773438,22898400,0.0,0.0
2024-07-15 00:00:00-04:00,184.02854389156028,187.3325462689943,184.02854389156028,185.6307830810547,16474000,0.0,0.0
2024-07-16 00:00:00-04:00,186.4567901173401,187.77041886786637,182.48601933178097,183.0333709716797,18290700,0.0,0.0
2024-07-17 00:00:00-04:00,182.08795064839637,182.6651564421575,179.03274302740357,180.14735412597656,20734100,0.0,0.0
2024-07-18 00:00:00-04:00,181.05295487059834,181.62021433579056,175.61928463310315,176.83340454101562,25315700,0.0,0.0
2024-07-19 00:00:00-04:00,178.0176629486904,179.42085410193457,176.27609932136212,176.8035430908203,18881900,0.0,0.0
2024-07-22 00:00:00-04:00,179.7194245142135,181.81925342559742,179.36115936205027,180.79421997070312,24100300,0.0,0.0
2024-07-23 00:00:00-04:00,181.17237630553336,182.72485342711246,180.66482519524286,180.9136199951172,36352700,0.0,0.0
2024-07-24 00:00:00-04:00,172.76313091278035,175.34064163083764,170.99171299042794,171.7978057861328,49585200,0.0,0.0
2024-07-25 00:00:00-04:00,171.68833187653044,172.5839871452518,166.3840245463068,166.4735870361328,44852000,0.0,0.0
2024-07-26 00:00:00-04:00,166.3442171128344,167.27968810242183,163.2691166612827,166.1949462890625,41336900,0.0,0.0
2024-07-29 00:00:00-04:00,168.0161003992439,169.6083779535287,167.1801535443522,168.7127227783203,20293800,0.0,0.0
2024-07-30 00:00:00-04:00,169.41932361948145,170.40454137374448,167.62799790459795,169.4690704345703,18959700,0.0,0.0
2024-07-31 00:00:00-04:00,172.40484468943953,173.40997018336077,169.1904050404806,170.71302795410156,25729100,0.0,0.0
2024-08-01 00:00:00-04:00,169.42927737353662,173.21096178514637,168.06588657934952,169.9368133544922,24531400,0.0,0.0
2024-08-02 00:00:00-04:00,165.63765722357576,167.69767062876582,163.87618548201314,165.85659790039062,29130100,0.0,0.0
2024-08-05 00:00:00-04:00,154.75037751729297,163.6373211687644,154.18311804069828,158.4822998046875,53630700,0.0,0.0
2024-08-06 00:00:00-04:00,158.5619114256832,159.79593916003876,155.65598984339135,157.52691650390625,49004600,0.0,0.0
2024-08-07 00:00:00-04:00,160.47265932061046,162.19431522765845,157.70606212977745,158.17379760742188,25138600,0.0,0.0
2024-08-08 00:00:00-04:00,159.73620945801972,162.9008872407048,159.43766784333874,161.24888610839844,25578800,0.0,0.0
2024-08-09 00:00:00-04:00,159.23862184827473,163.000398092681,158.29320462440444,162.8809814453125,28602300,0.0,0.0
2024-08-12 00:00:00-04:00,163.55772680166666,164.1050632777601,161.0598169977751,161.5076446533203,15895300,0.0,0.0
2024-08-13 00:00:00-04:00,162.6222374229294,163.9358660763168,162.1843561433904,163.36862182617188,18551700,0.0,0.0
2024-08-14 00:00:00-04:00,161.61709054467406,162.43314475000878,156.94971300998307,159.5968780517578,40591100,0.0,0.0
2024-08-15 00:00:00-04:00,159.72626872855503,160.86077245977856,158.8405598084352,160.5224151611328,31524300,0.0,0.0
2024-08-16 00:00:00-04:00,160.69158549485795,164.26427515296893,160.35322821372176,162.17440795898438,24208600,0.0,0.0
2024-08-19 00:00:00-04:00,164.48323275862353,165.88643920984657,163.4681456252674,165.8665313720703,22416200,0.0,0.0
2024-08-20 00:00:00-04:00,166.09542022279516,167.82703768322662,166.01581924125838,166.3740692138672,18341500,0.0,0.0
2024-08-21 00:00:00-04:00,164.35383848738525,166.04565527229005,163.87615672417527,165.05047607421875,22902000,0.0,0.0
2024-08-22 00:00:00-04:00,166.45367234576213,166.78208331350032,162.52271742896883,163.01036071777344,22493300,0.0,0.0
2024-08-23 00:00:00-04:00,163.92593892372628,165.37889222824714,163.04022993569524,164.82159423828125,13955700,0.0,0.0
2024-08-26 00:00:00-04:00,165.57791890865434,166.74227674166048,163.66717668126768,165.35897827148438,14190400,0.0,0.0
2024-08-27 00:00:00-04:00,165.0405199503333,165.63763356275666,163.66718293812755,163.8861083984375,11821900,0.0,0.0
2024-08-28 00:00:00-04:00,164.24437113378522,164.80168425036075,160.75129755216656,162.06494140625,16407400,0.0,0.0
2024-08-29 00:00:00-04:00,163.5179092393471,165.16991053075353,159.47748368909194,161.00010681152344,19699800,0.0,0.0
2024-08-30 00:00:00-04:00,161.83604601344157,162.8710409450861,160.91053659277384,162.59239196777344,22123800,0.0,0.0
2024-09-03 00:00:00-04:00,160.94039211947089,161.06977028333037,155.7256472987168,156.60140991210938,38945300,0.0,0.0
2024-09-04 00:00:00-04:00,155.90479511888367,158.23351107132694,155.20817263549011,155.69580078125,19353800,0.0,0.0
2024-09-05 00:00:00-04:00,155.54650851343123,158.68131684913237,155.2280438876534,156.4819793701172,18688700,0.0,0.0
2024-09-06 00:00:00-04:00,156.5416920369977,157.06913580100942,149.82423240095397,150.19244384765625,37912100,0.0,0.0
2024-09-09 00:00:00-04:00,151.97617050603606,152.86305467011235,146.70469354986142,148.18948364257812,39260500,0.2,0.0
2024-09-10 00:00:00-04:00,149.9233916452607,150.74052877862417,147.8207764621823,148.13966369628906,31118800,0.0,0.0
2024-09-11 00:00:00-04:00,149.39523999323785,150.9697114154838,147.00364668662948,150.6309051513672,29607700,0.0,0.0
2024-09-12 00:00:00-04:00,153.26167533883327,154.27810941261885,152.11569142274135,154.1485595703125,29695000,0.0,0.0
2024-09-13 00:00:00-04:00,154.88596580869884,157.82565255748864,154.66674982863708,156.90887451171875,29591200,0.0,0.0
2024-09-16 00:00:00-04:00,156.75938477605303,157.69609704284935,156.05187841649794,157.5067596435547,18379800,0.0,0.0
2024-09-17 00:00:00-04:00,158.46340663018495,159.98805014794013,157.82564734959053,158.76235961914062,20715600,0.0,0.0
2024-09-18 00:00:00-04:00,159.30046890342817,159.93822820831775,158.0448845484403,159.25064086914062,23677300,0.0,0.0
2024-09-19 00:00:00-04:00,163.13699125474798,163.21669785914023,160.7752763557002,161.57247924804688,26587700,0.0,0.0
2024-09-20 00:00:00-04:00,162.9277289392049,163.15691965207134,161.49276669183348,163.0174102783203,40896400,0.0,0.0
2024-09-23 00:00:00-04:00,163.77474245440862,164.91075157825534,161.10411517750074,161.2834930419922,24150900,0.0,0.0
2024-09-24 00:00:00-04:00,162.45936971037105,162.6487071151764,160.1275637051896,161.72195434570312,23332100,0.0,0.0
2024-09-25 00:00:00-04:00,160.90482465753527,162.24013074634445,160.73542151540698,160.9247589111328,18869200,0.0,0.0
2024-09-26 00:00:00-04:00,163.06723415838286,163.5056965233955,161.71199375988056,162.16041564941406,20319300,0.0,0.0
2024-09-27 00:00:00-04:00,162.24013520895764,165.1200191151141,162.06077253778713,163.3761444091797,21101300,0.0,0.0
2024-09-30 00:00:00-04:00,162.74835741182983,165.56843851321895,162.6885546502899,165.26950073242188,20413900,0.0,0.0
2024-10-01 00:00:00-04:00,167.10304911832094,168.56790499887933,164.00393422069206,166.40550231933594,28338100,0.0,0.0
2024-10-02 00:00:00-04:00,165.83750220141695,166.93365811188724,164.1534150323221,165.2794647216797,17760200,0.0,0.0
2024-10-03 00:00:00-04:00,163.83454298906406,166.05673338351102,163.3462525916035,165.2794647216797,15073100,0.0,0.0
2024-10-04 00:00:00-04:00,167.47176537085613,167.64116852375787,164.90079388696014,166.4752655029297,19047400,0.0,0.0
2024-10-07 00:00:00-04:00,167.13296079524372,167.8902952287706,162.18035518394854,162.4095458984375,22463100,0.0,0.0
2024-10-08 00:00:00-04:00,163.3661793794842,164.15340752983812,162.29991729663377,163.8046417236328,23072700,0.0,0.0
2024-10-09 00:00:00-04:00,162.8779034608025,164.26303769527678,159.18089739568785,161.29347229003906,31181800,0.0,0.0
2024-10-10 00:00:00-04:00,160.3069086751828,162.49922027250668,159.83855257987992,161.51268005371094,14144100,0.0,0.0
2024-10-11 00:00:00-04:00,161.5625095457594,163.32630315770646,160.67562537530787,162.6686248779297,15344300,0.0,0.0
2024-10-14 00:00:00-04:00,163.0672270976598,165.64815793723565,162.82806167108657,164.3826141357422,19016100,0.0,0.0
2024-10-15 00:00:00-04:00,165.20970620906303,167.0930903489021,164.05377791978614,164.88087463378906,20247200,0.0,0.0
2024-10-16 00:00:00-04:00,163.95410944544957,165.21966843790153,163.16688130069323,164.5819091796875,16406000,0.0,0.0
2024-10-17 00:00:00-04:00,165.1499132702941,165.7876725559894,162.19030754618507,162.35971069335938,21453400,0.0,0.0
2024-10-18 00:00:00-04:00,162.61881648917324,164.13350055160433,162.5092008950753,162.84800720214844,19757700,0.0,0.0
2024-10-21 00:00:00-04:00,162.37965259131107,163.9242304481603,162.05080580588782,163.49574279785156,20946500,0.0,0.0
2024-10-22 00:00:00-04:00,162.40953792060841,165.18978095934807,162.40953792060841,164.56198120117188,16568100,0.0,0.0
2024-10-23 00:00:00-04:00,164.1833163789022,165.23961903467116,161.36321986596107,162.2102508544922,18280500,0.0,0.0
2024-10-24 00:00:00-04:00,162.26005197928703,162.75830184158096,160.44641518195513,162.1504364013672,22412500,0.0,0.0
2024-10-25 00:00:00-04:00,163.09713764873345,165.01041564194605,162.8480126724498,164.69154357910156,19828900,0.0,0.0
2024-10-28 00:00:00-04:00,168.1593374233331,168.1593374233331,163.37613545110455,166.13644409179688,32138600,0.0,0.0
2024-10-29 00:00:00-04:00,167.1429183888465,169.7836521589055,166.5051590823556,169.08609008789062,42169000,0.0,0.0
2024-10-30 00:00:00-04:00,180.04756432112097,181.38288551840023,173.45074095946555,173.84934997558594,68890800,0.0,0.0
2024-10-31 00:00:00-04:00,172.5240116929841,176.20109831225162,170.40146229689762,170.51107788085938,44769000,0.0,0.0
2024-11-01 00:00:00-04:00,169.47472917286686,171.71685373461872,168.28889197179058,170.69044494628906,31796500,0.0,0.0
2024-11-04 00:00:00-05:00,169.33520086207452,170.13240372971748,167.42192310295937,168.6476287841797,21492700,0.0,0.0
2024-11-05 00:00:00-05:00,168.8369615575411,169.9331174699581,168.2490302978724,169.14588928222656,18242100,0.0,0.0
2024-11-06 00:00:00-05:00,173.19167534337777,176.32068423475533,172.8927223501112,175.89218139648438,33695500,0.0,0.0
2024-11-07 00:00:00-05:00,176.78903438230748,180.44618684879632,176.56980320837033,180.11734008789062,25352900,0.0,0.0
2024-11-08 00:00:00-05:00,180.01769126784052,180.2668162295759,177.4566945679988,177.7257537841797,22006200,0.0,0.0
2024-11-11 00:00:00-05:00,177.95494104754144,179.91804692445518,177.84532545828398,179.71875,17450400,0.0,0.0
2024-11-12 00:00:00-05:00,179.19061113228446,181.85126391911678,178.76210828805725,180.9842987060547,25134900,0.0,0.0
2024-11-13 00:00:00-05:00,179.82836251665194,180.32661242196693,177.91506949950764,178.25389099121094,23184000,0.0,0.0
2024-11-14 00:00:00-05:00,177.65598529451515,178.19410370809175,173.70985455339545,174.96543884277344,31007500,0.0,0.0
2024-11-15 00:00:00-05:00,173.12189567442238,173.53046421735348,170.6206867994892,171.88624572753906,32504600,0.0,0.0
2024-11-18 00:00:00-05:00,172.81299215078764,174.82592598867913,172.2948080013009,174.68641662597656,20206600,0.0,0.0
2024-11-19 00:00:00-05:00,173.11195817931116,178.2439264142139,172.95251455123736,177.49655151367188,23434900,0.0,0.0
2024-11-20 00:00:00-05:00,176.7192692543919,177.05807553397884,173.17173243194026,175.36402893066406,18997100,0.0,0.0
2024-11-21 00:00:00-05:00,173.29131700765447,173.52052291993735,163.12702162713185,167.04327392578125,59734400,0.0,0.0
2024-11-22 00:00:00-05:00,165.26950018604143,165.87736568062007,163.32631338500155,164.1833038330078,38604600,0.0,0.0
2024-11-25 00:00:00-05:00,165.5086342618613,168.03975205674786,165.03031865545415,167.06317138671875,33135300,0.0,0.0
2024-11-26 00:00:00-05:00,167.0432706454683,169.2256076965816,166.9934426131079,168.52804565429688,20486700,0.0,0.0
2024-11-27 00:00:00-05:00,168.40847408769383,168.88678975659008,167.4319084954612,168.63766479492188,19266500,0.0,0.0
2024-11-29 00:00:00-05:00,167.9102206974572,168.8369582371453,166.57491457977767,168.358642578125,14257200,0.0,0.0
2024-12-02 00:00:00-05:00,168.17927459129479,171.4776864785432,167.97997767345183,170.88975524902344,23789100,0.0,0.0
2024-12-03 00:00:00-05:00,170.88974897951127,172.0755709190551,170.2519897425835,170.74026489257812,22248700,0.0,0.0
2024-12-04 00:00:00-05:00,170.55092836009592,174.2977772005243,170.46124703071453,173.75965881347656,31615100,0.0,0.0
2024-12-05 00:00:00-05:00,174.7462014339964,175.44374823654522,171.72680832730796,172.0357208251953,21356200,0.0,0.0
2024-12-06 00:00:00-05:00,171.42785295388447,174.4671802710719,171.25844981887792,174.09848022460938,21462400,0.0,0.0
2024-12-09 00:00:00-05:00,173.5497879362236,175.84435207924628,173.2405061666339,174.95645141601562,25389600,0.2,0.0
2024-12-10 00:00:00-05:00,182.41883132056972,185.92054898261972,180.6230728184386,184.7333526611328,54813000,0.0,0.0
2024-12-11 00:00:00-05:00,184.87300649613107,195.14872046831275,184.41409977559144,194.939208984375,67894100,0.0,0.0
2024-12-12 00:00:00-05:00,194.540179555465,194.71974779887603,191.25794424971858,191.50735473632812,34817500,0.0,0.0
2024-12-13 00:00:00-05:00,190.55957180826204,192.27551707580218,189.19280729112407,189.3723907470703,25143500,0.0,0.0
2024-12-16 00:00:00-05:00,192.41518724155435,198.53073692361528,192.16577676803223,196.19625854492188,44934900,0.0,0.0
2024-12-17 00:00:00-05:00,196.7848538831557,200.94501854915788,194.52020263311584,194.95916748046875,43504000,0.0,0.0
2024-12-18 00:00:00-05:00,194.75965954890506,196.53546097337795,187.29730214590614,187.9557342529297,34166100,0.0,0.0
2024-12-19 00:00:00-05:00,191.17811313755365,192.5748056424547,187.93577711571297,188.06546020507812,32265200,0.0,0.0
2024-12-20 00:00:00-05:00,185.3419048401402,192.43513912367908,184.78322783024907,190.95863342285156,63462900,0.0,0.0
2024-12-23 00:00:00-05:00,192.1657659299832,194.63992864820244,189.70158937273825,194.17103576660156,25675000,0.0,0.0
2024-12-24 00:00:00-05:00,194.38054302215116,195.64755249023438,193.32304504989554,195.64755249023438,10403300,0.0,0.0
2024-12-26 00:00:00-05:00,194.68979716689702,196.28603018509784,193.9216239176986,195.1387481689453,12046600,0.0,0.0
2024-12-27 00:00:00-05:00,194.49027324116946,194.85941107267635,190.20041029392215,192.30543518066406,18891400,0.0,0.0
2024-12-30 00:00:00-05:00,189.352440433381,192.0959557274761,188.67403600843565,190.78904724121094,14264700,0.0,0.0
2024-12-31 00:00:00-05:00,190.6294084710406,191.50733817930222,188.06546158341584,188.85360717773438,17466900,0.0,0.0
2025-01-02 00:00:00-05:00,190.20041592197336,191.54723853202438,187.05785012893006,188.98329162597656,20370800,0.0,0.0
2025-01-03 00:00:00-05:00,190.91871503010498,192.75438759446627,189.5319934742947,191.3377227783203,18596200,0.0,0.0
2025-01-06 00:00:00-05:00,193.52257715244394,197.75258441221385,193.39289405316484,196.40576171875,29563600,0.0,0.0
2025-01-07 00:00:00-05:00,196.64519723763246,200.52602365365914,194.1411215269442,195.02902221679688,26487200,0.0,0.0
2025-01-08 00:00:00-05:00,192.1159097803505,195.82712367795403,191.9263553819348,193.49264526367188,24864800,0.0,0.0
2025-01-10 00:00:00-05:00,193.84180793276101,196.05657398255568,189.86121160590176,191.58712768554688,26665200,0.0,0.0
2025-01-13 00:00:00-05:00,189.62179973101152,190.72916760562472,186.9181835340065,190.5595703125,21823700,0.0,0.0
2025-01-14 00:00:00-05:00,190.78904460131218,191.5272898730932,187.86594588528064,189.2127685546875,17174900,0.0,0.0
2025-01-15 00:00:00-05:00,192.63466153374213,195.8969546519061,191.40756631826648,195.0888671875,21776000,0.0,0.0
2025-01-16 00:00:00-05:00,193.68218859975212,195.01902502838223,192.3553231094348,192.45509338378906,17815400,0.0,0.0
2025-01-17 00:00:00-05:00,196.06656026544184,196.76490654687785,193.29311701716207,195.53781127929688,27735100,0.0,0.0
2025-01-21 00:00:00-05:00,198.60057627447708,201.81296912173477,197.40339384073826,197.58297729492188,29971300,0.0,0.0
2025-01-22 00:00:00-05:00,198.590597036243,200.00724672789295,197.0642061251015,197.9022216796875,26200600,0.0,0.0
2025-01-23 00:00:00-05:00,197.6727641738203,199.82767431730463,194.73969457121225,197.5131378173828,26951400,0.0,0.0
2025-01-24 00:00:00-05:00,197.63285957708698,200.42624462128626,197.53308930144837,199.73788452148438,23877500,0.0,0.0
2025-01-27 00:00:00-05:00,191.956287781501,196.41574843517762,190.2802414199516,191.35769653320312,41728900,0.0,0.0
2025-01-28 00:00:00-05:00,192.2954724407757,195.01903051179218,190.23034644146827,194.83946228027344,24157900,0.0,0.0
2025-01-29 00:00:00-05:00,195.09884368413952,196.32593893457488,192.97386160771165,194.94920349121094,18218300,0.0,0.0
2025-01-30 00:00:00-05:00,197.53310428817028,200.9250807979349,197.20388062095304,200.39633178710938,24354700,0.0,0.0
2025-01-31 00:00:00-05:00,201.52365385241038,204.99544323065024,201.3241285268208,203.5388946533203,32042000,0.0,0.0
2025-02-03 00:00:00-05:00,200.2167427524067,203.26952433872827,199.62813772190552,200.75546264648438,27838300,0.0,0.0
2025-02-04 00:00:00-05:00,202.91038629062132,206.5617593135444,202.33175215943618,205.89334106445312,43856400,0.0,0.0
2025-02-05 00:00:00-05:00,190.61944853764197,192.29547965256887,187.58660858281107,190.8788299560547,70373900,0.0,0.0
2025-02-06 00:00:00-05:00,189.05313928868878,191.64701430736628,188.274979827647,191.148193359375,29297400,0.0,0.0
2025-02-07 00:00:00-05:00,190.59948056645624,190.7291636568626,182.80790006860101,184.90293884277344,49315000,0.0,0.0
2025-02-10 00:00:00-05:00,186.90821845084508,187.75620494303442,185.42172652057317,186.03028869628906,23105600,0.0,0.0
2025-02-11 00:00:00-05:00,184.59368617808016,186.49918592908514,183.84545472617006,184.8830108642578,21239500,0.0,0.0
2025-02-12 00:00:00-05:00,182.78793750670852,184.67347995852103,181.40121597043165,183.17701721191406,22072600,0.0,0.0
2025-02-13 00:00:00-05:00,183.8853646978078,185.84073432237415,182.70813932469304,185.70106506347656,21402500,0.0,0.0
2025-02-14 00:00:00-05:00,184.62360034222002,185.96043678235034,183.88535510775145,184.79319763183594,20448400,0.0,0.0
2025-02-18 00:00:00-05:00,185.16234115126528,185.52149284111707,181.31144284116834,183.33665466308594,29916700,0.0,0.0
2025-02-19 00:00:00-05:00,183.63594741741645,185.02266901610753,183.1570683565281,184.83311462402344,19549400,0.0,0.0
2025-02-20 00:00:00-05:00,184.36422591283684,184.8730178009315,182.28912893693322,184.12478637695312,20441500,0.0,0.0
2025-02-21 00:00:00-05:00,184.71338754923798,184.90294194163184,178.65770926804197,179.23634338378906,35199200,0.0,0.0
2025-02-24 00:00:00-05:00,181.56086065766053,182.68818568914216,178.46816457980125,178.8273162841797,29854200,0.0,0.0
2025-02-25 00:00:00-05:00,177.620149186563,178.3185106633885,174.27805810561316,175.00633239746094,41913400,0.0,0.0
2025-02-26 00:00:00-05:00,174.6571711800562,175.66478399830825,171.1753955398117,172.3226776123047,35431300,0.0,0.0
2025-02-27 00:00:00-05:00,173.5797206760448,174.14836864650957,167.54398410119538,168.1026611328125,39991000,0.0,0.0
2025-02-28 00:00:00-05:00,168.28223059503162,170.20768740317763,166.37674611034126,169.8784637451172,48130600,0.0,0.0
2025-03-03 00:00:00-05:00,171.52456139173032,172.96116813684316,165.53871010229818,166.6161651611328,40770500,0.0,0.0
2025-03-04 00:00:00-05:00,165.84799570787212,172.88135895735127,165.40903083418053,170.51695251464844,45388000,0.0,0.0
2025-03-05 00:00:00-05:00,170.11790989089675,173.37021717369865,168.66134594316833,172.6120147705078,30954900,0.0,0.0
2025-03-06 00:00:00-05:00,170.12787268446783,174.39777881609385,170.0979446451701,171.94358825683594,28302000,0.0,0.0
2025-03-07 00:00:00-05:00,170.85613731453174,174.55739526661597,169.86848162814977,173.45001220703125,27385800,0.0,0.0
2025-03-10 00:00:00-04:00,168.05654311824674,168.25631348073628,163.49207685373173,165.66943359375,43604000,0.2,0.0
2025-03-11 00:00:00-04:00,164.71060268982163,166.5483741956788,161.17487454711969,163.84164428710938,39587400,0.0,0.0
2025-03-12 00:00:00-04:00,166.37858578107983,167.43730167009207,163.33227056435828,166.90794372558594,28372400,0.0,0.0
2025-03-13 00:00:00-04:00,165.8392348472833,165.92913761122173,161.91399391340872,162.56320190429688,31756200,0.0,0.0
2025-03-14 00:00:00-04:00,163.07258484755664,166.28869257421587,162.25356904272374,165.28990173339844,31995900,0.0,0.0
2025-03-17 00:00:00-04:00,164.83044981365524,166.0989184378049,163.47209367229158,164.09133911132812,31184300,0.0,0.0
2025-03-18 00:00:00-04:00,163.48207822407835,164.05139632119491,156.5305024761992,160.47572326660156,42074800,0.0,0.0
2025-03-19 00:00:00-04:00,161.56440408660148,165.6694351323274,160.8053285192439,163.69183349609375,34275600,0.0,0.0
2025-03-20 00:00:00-04:00,161.37464096618422,164.6906185813501,160.76537795311089,162.6031494140625,28138500,0.0,0.0
2025-03-21 00:00:00-04:00,161.01508017617863,164.04141524263727,160.69545978774022,163.79171752929688,36625800,0.0,0.0
2025-03-24 00:00:00-04:00,166.86800133324036,168.11648994593173,164.94032699026835,167.4772491455078,30879100,0.0,0.0
2025-03-25 00:00:00-04:00,168.775668441695,170.42368243836484,168.1164780833655,170.353759765625,24174400,0.0,0.0
2025-03-26 00:00:00-04:00,168.79565092149923,169.40491393976436,164.64067739498105,164.86041259765625,28901600,0.0,0.0
2025-03-27 00:00:00-04:00,164.43094810403895,165.21998619662182,161.8041232023028,162.04383850097656,24508300,0.0,0.0
2025-03-28 00:00:00-04:00,160.29595772818402,161.62435145983125,153.44425151462127,154.14340209960938,48669300,0.0,0.0
2025-03-31 00:00:00-04:00,152.9248693898488,155.3519238675497,150.47783482762614,154.45301818847656,54603500,0.0,0.0
2025-04-01 00:00:00-04:00,153.43424066067087,157.9088345005831,153.43424066067087,156.8800811767578,30672900,0.0,0.0
2025-04-02 00:00:00-04:00,154.9623987635517,158.21846678254826,154.51294591611935,156.85011291503906,25041700,0.0,0.0
2025-04-03 00:00:00-04:00,150.92729334389097,152.59527231622977,150.20816267744866,150.5377655029297,46883400,0.0,0.0
2025-04-04 00:00:00-04:00,147.83102450056057,150.8873372265073,145.20421499461688,145.4239501953125,62259500,0.0,0.0
2025-04-07 00:00:00-04:00,141.37884623013926,152.66518575265,140.3600753076292,146.5725555419922,76794100,0.0,0.0
2025-04-08 00:00:00-04:00,151.0371605852081,152.05593156691467,142.85706070456766,144.52503967285156,52200200,0.0,0.0
2025-04-09 00:00:00-04:00,144.24536764564118,159.3570775505851,143.73598981661124,158.51809692382812,70406200,0.0,0.0
2025-04-10 00:00:00-04:00,156.35071129003578,157.5292924054746,149.74870323215254,152.63522338867188,48022000,0.0,0.0
2025-04-11 00:00:00-04:00,152.71511816628092,157.47935489094493,152.63522830805417,156.9499969482422,33636200,0.0,0.0
2025-04-14 00:00:00-04:00,159.80653847762434,161.52445998548595,157.3694863273863,158.87767028808594,30333000,0.0,0.0
2025-04-15 00:00:00-04:00,158.93759983361085,159.4569601254283,155.02234135810752,156.12100219726562,27551500,0.0,0.0
2025-04-16 00:00:00-04:00,152.91488990871326,155.70150975970526,151.326800825977,153.1446075439453,28187400,0.0,0.0
2025-04-17 00:00:00-04:00,154.10343899442373,154.49296683009544,148.32044647401452,150.97723388671875,32938500,0.0,0.0
2025-04-21 00:00:00-04:00,148.69998342759925,148.76989086061988,145.9233461435289,147.49143981933594,26049100,0.0,0.0
2025-04-22 00:00:00-04:00,148.70996777577147,152.0059806006662,148.360384885124,151.28684997558594,26971800,0.0,0.0
2025-04-23 00:00:00-04:00,155.42185055428513,157.3395272287139,153.62402390940207,155.16217041015625,31128800,0.0,0.0
2025-04-24 00:00:00-04:00,155.96118216578617,159.39702506290834,155.60161685700967,159.08740234375,45894000,0.0,0.0
2025-04-25 00:00:00-04:00,164.8704156189098,165.89916899199292,160.84527440652565,161.76417541503906,56034000,0.0,0.0
2025-04-28 00:00:00-04:00,162.2335934576757,162.9527241022343,158.40823784275827,160.41580200195312,29745800,0.0,0.0
2025-04-29 00:00:00-04:00,160.12616457196697,160.54565492156792,157.32954700095436,159.9663543701172,26809000,0.0,0.0
2025-04-30 00:00:00-04:00,157.78897065630795,159.07741935833297,155.2120884925965,158.6079864501953,34981100,0.0,0.0
2025-05-01 00:00:00-04:00,160.255986901565,161.7541731584952,158.7178557168657,161.10496520996094,30203200,0.0,0.0
2025-05-02 00:00:00-04:00,163.21241957712974,164.77053089446972,161.6742731041275,163.8316650390625,25715000,0.0,0.0
2025-05-05 00:00:00-04:00,162.80291566353057,165.19002528971967,162.52325543253818,164.01145935058594,21341800,0.0,0.0
2025-05-06 00:00:00-04:00,161.97390744721895,164.60073221310822,160.99509669884785,163.03262329101562,21277200,0.0,0.0
2025-05-07 00:00:00-04:00,163.88160091924024,164.8004866523399,147.6612323828153,151.19696044921875,127490100,0.0,0.0
2025-05-08 00:00:00-04:00,154.81259075606965,155.74145898524296,152.715123752916,154.0934600830078,57498700,0.0,0.0
2025-05-09 00:00:00-04:00,153.98358884442797,154.86252969975314,152.01596958260927,152.5653076171875,32435300,0.0,0.0
2025-05-12 00:00:00-04:00,157.2995737723926,158.90762762310243,156.06106765297667,158.26840209960938,44138800,0.0,0.0
2025-05-13 00:00:00-04:00,158.59798647987657,160.37584814800852,155.97117700529293,159.33709716796875,42382100,0.0,0.0
2025-05-14 00:00:00-04:00,159.7665968345665,166.7980779664445,159.4170139283214,165.1700439453125,48755900,0.0,0.0
2025-05-15 00:00:00-04:00,165.63946564247587,166.00902860866202,162.1736602838883,163.76174926757812,33146700,0.0,0.0
2025-05-16 00:00:00-04:00,167.52719070383273,169.14524229932235,165.4197413290067,165.9890594482422,42846900,0.0,0.0
2025-05-19 00:00:00-04:00,164.311078821177,166.43850822896752,164.02143617765117,166.338623046875,30426100,0.0,0.0
2025-05-20 00:00:00-04:00,166.22875761227516,168.2962620339302,162.7030270512069,163.78172302246094,46607700,0.0,0.0
2025-05-21 00:00:00-04:00,163.49207927319333,172.93064990762463,163.36223158372133,168.35618591308594,73416000,0.0,0.0
2025-05-22 00:00:00-04:00,171.6422171391164,176.55626639163424,170.50359615670786,170.66339111328125,74864400,0.0,0.0
2025-05-23 00:00:00-04:00,168.85557933287677,169.7545002456487,167.68699586257836,168.26629638671875,35211400,0.0,0.0
2025-05-27 00:00:00-04:00,169.9542560308247,172.9606110264557,169.79444583588602,172.69093322753906,37995700,0.0,0.0
2025-05-28 00:00:00-04:00,172.95063181853965,175.0580811773991,171.70214322301487,172.15159606933594,34784000,0.0,0.0
2025-05-29 00:00:00-04:00,173.78960291012612,174.20909322624098,170.42368271917738,171.65219116210938,29373800,0.0,0.0
2025-05-30 00:00:00-04:00,171.14282080509608,172.0017815585655,167.23754486546525,171.5323486328125,52639900,0.0,0.0
2025-06-02 00:00:00-04:00,167.637058963566,169.66460324672883,167.18760611208933,168.82562255859375,38612300,0.0,0.0
2025-06-03 00:00:00-04:00,167.28749382619188,168.276287066322,165.08015922486254,165.97906494140625,45084900,0.0,0.0
2025-06-04 00:00:00-04:00,166.53838821108508,168.01659436979696,166.15884281939123,167.8468017578125,26900800,0.0,0.0
2025-06-05 00:00:00-04:00,170.1340365467451,170.72331951416996,167.3873615992156,168.00662231445312,36379100,0.0,0.0
2025-06-06 00:00:00-04:00,170.6234412090639,174.2890017669552,170.6234412090639,173.46998596191406,35731800,0.0,0.0
2025-06-09 00:00:00-04:00,174.5399932861328,176.47000122070312,174.3699951171875,176.08999633789062,28935900,0.21,0.0
2025-06-10 00:00:00-04:00,176.1999969482422,181.11000061035156,174.91000366210938,178.60000610351562,61766100,0.0,0.0
2025-06-11 00:00:00-04:00,179.77000427246094,180.3699951171875,176.75,177.35000610351562,31646800,0.0,0.0
2025-06-12 00:00:00-04:00,176.17999267578125,176.72000122070312,174.75,175.6999969482422,20941900,0.0,0.0
2025-06-13 00:00:00-04:00,172.44000244140625,177.1300048828125,172.38999938964844,174.6699981689453,27663100,0.0,0.0
2025-06-16 00:00:00-04:00,174.72999572753906,176.94000244140625,174.64999389648438,176.77000427246094,27328800,0.0,0.0
