Date,Open,High,Low,Close,Volume,Dividends,Stock Splits
2020-06-17 00:00:00-04:00,54.146250188404125,54.62762683171304,53.5400686665934,53.92338943481445,20454800,0.0,0.0
2020-06-18 00:00:00-04:00,53.79858993522118,53.94122069575572,52.8804046268167,53.55790328979492,24899700,0.0,0.0
2020-06-19 00:00:00-04:00,54.06602733114416,54.279971778555975,52.68428775568947,53.1478385925293,60336100,0.0,0.0
2020-06-22 00:00:00-04:00,53.24589437205393,53.97687742027667,52.44359764625567,53.56681442260742,22846000,0.0,0.0
2020-06-23 00:00:00-04:00,53.65596181689746,53.90556821056359,53.36178734656497,53.4152717590332,22809600,0.0,0.0
2020-06-24 00:00:00-04:00,53.16566225358298,53.31720933837972,52.30096141835097,52.67536926269531,27764500,0.0,0.0
2020-06-25 00:00:00-04:00,52.57731600350629,52.67537529302682,51.240151293140656,52.1583366394043,21906900,0.0,0.0
2020-06-26 00:00:00-04:00,52.14050666766023,52.35445110016153,50.87465573978337,51.25797653198242,38477500,0.0,0.0
2020-06-29 00:00:00-04:00,51.23123178794365,52.0156992023339,50.59830465509398,51.94438552856445,22150300,0.0,0.0
2020-06-30 00:00:00-04:00,52.33662234929174,53.4687554676345,52.18507865815046,53.33504104614258,31542100,0.0,0.0
2020-07-01 00:00:00-04:00,53.40635585325547,53.513328072827676,52.3811949305497,52.4257698059082,14748100,0.0,0.0
2020-07-02 00:00:00-04:00,52.76451727848987,53.31721446371969,52.56840210363361,52.71103286743164,15578600,0.0,0.0
2020-07-06 00:00:00-04:00,52.345532235119435,53.14782886697956,52.23855663040337,53.076515197753906,20536700,0.0,0.0
2020-07-07 00:00:00-04:00,52.65754053837646,53.10326206208074,51.828498232239674,51.980045318603516,15996500,0.0,0.0
2020-07-08 00:00:00-04:00,52.10484392671661,52.32770467627435,51.64129315956629,52.247474670410156,13277900,0.0,0.0
2020-07-09 00:00:00-04:00,51.88199455100463,52.372287627399274,51.4362729541757,52.07810974121094,20683700,0.0,0.0
2020-07-10 00:00:00-04:00,51.6591258039842,53.210234817957144,51.55215358936875,53.067604064941406,17742300,0.0,0.0
2020-07-13 00:00:00-04:00,53.343958142837,54.03928271048704,52.05136489738096,52.220741271972656,19082900,0.0,0.0
2020-07-14 00:00:00-04:00,51.58781384913315,52.81800634140066,51.12426300566154,52.57731628417969,24190900,0.0,0.0
2020-07-15 00:00:00-04:00,52.62188720703125,52.89823580328204,52.07810635021379,52.62188720703125,19986300,0.0,0.0
2020-07-16 00:00:00-04:00,52.18507950443164,52.91606256898198,52.06027801544776,52.71994400024414,12425900,0.0,0.0
2020-07-17 00:00:00-04:00,52.96954510157521,53.89664670201746,52.84474361701287,53.4865837097168,16322800,0.0,0.0
2020-07-20 00:00:00-04:00,53.557901633690875,54.716776952272724,52.89823226125079,54.51174545288086,16868700,0.0,0.0
2020-07-21 00:00:00-04:00,54.84157489135315,55.20706639281586,53.8788147993527,54.110591888427734,19803700,0.0,0.0
2020-07-22 00:00:00-04:00,54.654376899476254,55.06443990344048,54.0392789929444,54.42259979248047,18959900,0.0,0.0
2020-07-23 00:00:00-04:00,54.60980071674677,55.03769638086237,53.4687546806663,53.843162536621094,43518600,0.0,0.0
2020-07-24 00:00:00-04:00,46.488750974258856,46.51549317444024,44.126425808134826,45.09809875488281,182269900,0.0,0.0
2020-07-27 00:00:00-04:00,45.490345208908856,45.588404504573845,44.09969599936438,44.188838958740234,107526500,0.0,0.0
2020-07-28 00:00:00-04:00,44.10860539527403,44.77718773869578,43.80551459689941,43.89466094970703,62362600,0.0,0.0
2020-07-29 00:00:00-04:00,44.117520274932346,44.12643320962615,42.70012561763002,42.85166931152344,60500800,0.0,0.0
2020-07-30 00:00:00-04:00,42.637726595876956,43.23499186147602,42.42377874813979,42.780357360839844,39735200,0.0,0.0
2020-07-31 00:00:00-04:00,42.905154935101905,43.074527890337635,41.87108113345218,42.54857635498047,46536000,0.0,0.0
2020-08-03 00:00:00-04:00,43.0299594549646,43.35087951960691,42.55749569345541,43.05670166015625,31767100,0.0,0.0
2020-08-04 00:00:00-04:00,43.324133187621676,43.80551327651616,43.23499023808664,43.796600341796875,29045800,0.0,0.0
2020-08-05 00:00:00-04:00,44.322551261751414,44.322551261751414,43.37762036771002,43.60939407348633,29438600,0.0,0.0
2020-08-06 00:00:00-04:00,43.78889643500925,43.81582025987414,43.1696210736713,43.59144592285156,23795500,0.33,0.0
2020-08-07 00:00:00-04:00,43.55553722708018,43.66323935416812,42.8106163449622,43.106788635253906,36765200,0.0,0.0
2020-08-10 00:00:00-04:00,43.25937598893542,44.327396677821014,43.13372689891134,44.17482376098633,37442600,0.0,0.0
2020-08-11 00:00:00-04:00,44.54279905221609,44.632547427038624,43.1337283406798,43.25040054321289,35348100,0.0,0.0
2020-08-12 00:00:00-04:00,43.68118920604381,44.21071271675621,43.29526854105164,44.14788818359375,30659800,0.0,0.0
2020-08-13 00:00:00-04:00,44.21071917832802,44.27354714435332,43.42989742084556,43.58247375488281,24774500,0.0,0.0
2020-08-14 00:00:00-04:00,43.7350398007028,44.16583806216861,43.66324180229862,43.878639221191406,22321200,0.0,0.0
2020-08-17 00:00:00-04:00,44.07609676843981,44.255596928723314,43.735046806269224,43.914546966552734,20018300,0.0,0.0
2020-08-18 00:00:00-04:00,44.210724371246826,44.48894982265302,43.636326531668644,43.66325378417969,19251400,0.0,0.0
2020-08-19 00:00:00-04:00,43.7889008565706,43.95942413740121,43.30425141798125,43.37605285644531,27775000,0.0,0.0
2020-08-20 00:00:00-04:00,44.704345037850594,45.05436846283977,43.97737093878641,44.12994384765625,55081300,0.0,0.0
2020-08-21 00:00:00-04:00,43.9953242034064,44.25559927845262,43.663251114643174,44.22867202758789,34621500,0.0,0.0
2020-08-24 00:00:00-04:00,44.21072226291739,44.33637478005401,43.815824622959646,44.103023529052734,36295300,0.0,0.0
2020-08-25 00:00:00-04:00,44.29148745677572,44.767163322424636,44.165838390873084,44.36328887939453,38384300,0.0,0.0
2020-08-26 00:00:00-04:00,44.32738599807012,44.57868411757328,44.183786583542584,44.470985412597656,28616600,0.0,0.0
2020-08-27 00:00:00-04:00,44.68639196451254,44.81204104034278,44.129941166292156,44.336368560791016,24420600,0.0,0.0
2020-08-28 00:00:00-04:00,44.48893975767307,45.59286099780637,44.39021450939052,45.26078796386719,35384700,0.0,0.0
2020-08-31 00:00:00-04:00,45.7723674714667,46.221116172167356,45.16206896461934,45.72749328613281,46114100,0.0,0.0
2020-09-01 00:00:00-04:00,45.69159537311134,45.772370281142955,45.07232336065637,45.58389663696289,30472800,0.0,0.0
2020-09-02 00:00:00-04:00,45.960839433104816,47.280161660776756,45.85314070748285,46.89423751831055,53000700,0.0,0.0
2020-09-03 00:00:00-04:00,47.118611650035625,47.226310375176524,45.00051732140701,45.224891662597656,47394300,0.0,0.0
2020-09-04 00:00:00-04:00,45.35053391721771,45.9787826626891,44.41713940040789,44.94666290283203,43318400,0.0,0.0
2020-09-08 00:00:00-04:00,44.21071770245706,44.78511887907316,43.842743928002754,43.8965950012207,39752700,0.0,0.0
2020-09-09 00:00:00-04:00,44.45304620105709,44.84794725775943,44.01327438168707,44.53382110595703,33437300,0.0,0.0
2020-09-10 00:00:00-04:00,44.87487309664445,44.955648005165656,43.71710054906756,43.94147491455078,32649100,0.0,0.0
2020-09-11 00:00:00-04:00,44.21072166823839,44.91974545597907,43.93249965752366,44.22867202758789,29333600,0.0,0.0
2020-09-14 00:00:00-04:00,43.842744787940134,44.623569958352576,43.842744787940134,44.34534454345703,27212500,0.0,0.0
2020-09-15 00:00:00-04:00,44.68639286803955,45.41336351395061,44.63254179573182,44.8748664855957,27598300,0.0,0.0
2020-09-16 00:00:00-04:00,45.332584950776486,45.79928393532119,45.02743574640804,45.20693588256836,26531400,0.0,0.0
2020-09-17 00:00:00-04:00,44.30943674119199,45.31463609147164,44.24661220975953,45.16205978393555,26959900,0.0,0.0
2020-09-18 00:00:00-04:00,45.17104314442909,45.32361605014205,44.01327074443517,44.77614212036133,50123500,0.0,0.0
2020-09-21 00:00:00-04:00,44.32739371865679,44.65049331353865,43.8247973921123,44.62356948852539,27377100,0.0,0.0
2020-09-22 00:00:00-04:00,44.776143127072714,45.06334201084423,44.39919587600288,44.829994201660156,22290900,0.0,0.0
2020-09-23 00:00:00-04:00,44.7222929949744,45.00949186281213,43.67221935270223,43.815818786621094,30078800,0.0,0.0
2020-09-24 00:00:00-04:00,43.555543597954056,44.55176616531476,43.45681834552291,44.120967864990234,29343400,0.0,0.0
2020-09-25 00:00:00-04:00,43.94146371198145,45.12615978580838,43.752990114709036,44.82101058959961,26633400,0.0,0.0
2020-09-28 00:00:00-04:00,45.33258399420054,46.18520705521038,45.01846133030862,46.15828323364258,29652200,0.0,0.0
2020-09-29 00:00:00-04:00,46.0505923190998,46.43651647074183,45.727492710871054,45.94289016723633,19558200,0.0,0.0
2020-09-30 00:00:00-04:00,45.98777368780192,47.01092029627317,45.906998775360435,46.47241973876953,27711300,0.0,0.0
2020-10-01 00:00:00-04:00,47.02885714361576,47.31605598895275,46.66088340904773,46.885257720947266,22127600,0.0,0.0
2020-10-02 00:00:00-04:00,46.22110908905311,46.651907364866716,45.76338699090126,45.781333923339844,25811800,0.0,0.0
2020-10-05 00:00:00-04:00,46.04160869689551,46.49933421619611,46.014684874706184,46.391632080078125,20883200,0.0,0.0
2020-10-06 00:00:00-04:00,46.40958802344949,47.298111923152355,45.9787896981538,46.10443878173828,25642800,0.0,0.0
2020-10-07 00:00:00-04:00,46.53523171744733,47.4776065825491,46.48138407282233,47.27117919921875,21978700,0.0,0.0
2020-10-08 00:00:00-04:00,47.48658895396185,48.08791401325743,47.27118806402646,47.899436950683594,22369500,0.0,0.0
2020-10-09 00:00:00-04:00,48.06098011856894,48.33022862600822,47.27118152955729,47.40580749511719,24343900,0.0,0.0
2020-10-12 00:00:00-04:00,48.06098668038916,48.64436137922349,47.75583741731414,48.35716247558594,27303500,0.0,0.0
2020-10-13 00:00:00-04:00,48.70718015202903,48.725130509338804,48.123805522343574,48.31228256225586,20005800,0.0,0.0
2020-10-14 00:00:00-04:00,48.47382585669302,48.82385266651554,48.025077223448136,48.060977935791016,21874200,0.0,0.0
2020-10-15 00:00:00-04:00,47.34299621207989,48.44691779822121,47.226320570841104,48.33024215698242,18272900,0.0,0.0
2020-10-16 00:00:00-04:00,48.37510785664812,49.09310504185152,48.37510785664812,48.608455657958984,23414400,0.0,0.0
2020-10-19 00:00:00-04:00,48.886687330098646,50.46628133997705,48.32126297642943,48.98541259765625,43537200,0.0,0.0
2020-10-20 00:00:00-04:00,49.00335550698532,49.09310729906277,47.80968577364204,47.953285217285156,27224900,0.0,0.0
2020-10-21 00:00:00-04:00,47.69300986440944,48.527682695386034,47.40581097887779,48.016109466552734,21866000,0.0,0.0
2020-10-22 00:00:00-04:00,47.675056575353864,48.662305679399985,47.63018239418826,48.37510681152344,41522700,0.0,0.0
2020-10-23 00:00:00-04:00,43.39400291185239,43.68120183899251,42.774730867146744,43.25938034057617,97322500,0.0,0.0
2020-10-26 00:00:00-04:00,42.94524556031709,42.95422245081328,41.50925121217882,41.93107604980469,54161300,0.0,0.0
2020-10-27 00:00:00-04:00,41.2669259561389,41.652850073830685,40.71047858185236,40.96177673339844,50130500,0.0,0.0
2020-10-28 00:00:00-04:00,40.288657891717975,40.64765822255818,39.66938591588355,39.71426010131836,45066000,0.0,0.0
2020-10-29 00:00:00-04:00,39.70527957371781,39.91170352895843,39.418077305904475,39.58860397338867,36796800,0.0,0.0
2020-10-30 00:00:00-04:00,39.57963062767173,40.20787943934665,39.13985885607571,39.741180419921875,46781300,0.0,0.0
2020-11-02 00:00:00-05:00,40.351477683277935,40.441229467257045,39.70528195703075,39.90272903442383,33856700,0.0,0.0
2020-11-03 00:00:00-05:00,40.14505168508155,40.80022426842779,40.11812786308988,40.252750396728516,34349500,0.0,0.0
2020-11-04 00:00:00-05:00,40.486105251126915,41.41950329940019,40.18992948778456,41.015628814697266,34748200,0.0,0.0
2020-11-05 00:00:00-05:00,41.720764685486124,41.92869006928119,41.16026657412639,41.29587173461914,31103200,0.33,0.0
2020-11-06 00:00:00-05:00,41.16931949027874,41.40436458801582,40.59074375869512,41.033714294433594,36233700,0.0,0.0
2020-11-09 00:00:00-05:00,42.16373204931674,42.805589072145295,41.169305773063556,41.22354507446289,48481700,0.0,0.0
2020-11-10 00:00:00-05:00,41.04274862307498,42.0190941210704,40.90714345318933,41.07890701293945,39224500,0.0,0.0
2020-11-11 00:00:00-05:00,41.49475698119467,42.001008872946976,41.45859514647454,41.90156555175781,31496900,0.0,0.0
2020-11-12 00:00:00-05:00,41.702682920931146,41.756922225161176,40.27432146744514,40.63593292236328,42881300,0.0,0.0
2020-11-13 00:00:00-05:00,40.6720953632944,41.2054703705218,40.65401444542098,41.09698486328125,30884700,0.0,0.0
2020-11-16 00:00:00-05:00,41.62132576397905,42.263182901236334,41.395319438303986,41.756927490234375,36306300,0.0,0.0
2020-11-17 00:00:00-05:00,41.359153526781135,41.69364189024708,41.05178481617979,41.1602668762207,31118000,0.0,0.0
2020-11-18 00:00:00-05:00,41.1783486986155,41.304911679539686,40.71729734687989,40.73537826538086,32817900,0.0,0.0
2020-11-19 00:00:00-05:00,40.60881595155715,41.28683494543866,40.409932725054965,41.241634368896484,29469100,0.0,0.0
2020-11-20 00:00:00-05:00,41.27780157780482,41.47668827875546,40.979474974962244,41.033714294433594,24199300,0.0,0.0
2020-11-23 00:00:00-05:00,41.11506422938537,41.775002188236826,41.08794457789002,41.639400482177734,35489600,0.0,0.0
2020-11-24 00:00:00-05:00,41.847330320382994,42.76039432013018,41.594200901292695,42.498226165771484,33901200,0.0,0.0
2020-11-25 00:00:00-05:00,42.516308576095945,42.65191374995702,42.100457767510115,42.53438949584961,28126900,0.0,0.0
2020-11-27 00:00:00-05:00,42.81463749590573,43.48361426695147,42.81463749590573,42.895999908447266,15921400,0.0,0.0
2020-11-30 00:00:00-05:00,42.868881374460315,43.84523042902446,42.73327963815959,43.709625244140625,46332700,0.0,0.0
2020-12-01 00:00:00-05:00,44.071239296276126,45.409196506209994,44.035077451757644,44.80350112915039,57768000,0.0,0.0
2020-12-02 00:00:00-05:00,44.49613279270221,45.255514292264614,44.45997094782226,45.110870361328125,33753500,0.0,0.0
2020-12-03 00:00:00-05:00,45.12894217930594,46.20473451386704,45.0023791866712,46.09625244140625,50261200,0.0,0.0
2020-12-04 00:00:00-05:00,46.159530892780666,47.596931190253,46.10528813583697,47.000274658203125,39767700,0.0,0.0
2020-12-07 00:00:00-05:00,46.1052881506006,46.36745630303837,44.803493020779285,45.3820686340332,51040300,0.0,0.0
2020-12-08 00:00:00-05:00,45.04758383781587,45.85216582953892,45.029502917390495,45.825042724609375,28956500,0.0,0.0
2020-12-09 00:00:00-05:00,45.454389921591506,45.96064531928809,44.95717670789068,45.26454544067383,34068400,0.0,0.0
2020-12-10 00:00:00-05:00,44.89389601682502,45.85216407112302,44.8306145220545,45.436309814453125,33706000,0.0,0.0
2020-12-11 00:00:00-05:00,45.3278302769488,45.3278302769488,44.40572401059997,44.95718002319336,29398800,0.0,0.0
2020-12-14 00:00:00-05:00,45.038541821983664,46.41266074221191,44.966221588594266,45.62615966796875,33436400,0.0,0.0
2020-12-15 00:00:00-05:00,46.087210148733654,46.1143298046394,45.39111024229535,45.80696105957031,25465600,0.0,0.0
2020-12-16 00:00:00-05:00,45.843125373527585,46.521144396420326,45.816005716158465,46.213775634765625,28351000,0.0,0.0
2020-12-17 00:00:00-05:00,46.24089586302709,46.39457850999882,45.40015205107512,45.788883209228516,26399000,0.0,0.0
2020-12-18 00:00:00-05:00,45.71655596549998,45.815999293356896,42.588629472708995,42.90503692626953,119298400,0.0,0.0
2020-12-21 00:00:00-05:00,41.87444836212825,41.99197260758763,40.89810290735457,41.91061019897461,53775700,0.0,0.0
2020-12-22 00:00:00-05:00,41.81116950343992,41.892531917173706,41.37723777972064,41.73884582519531,32171200,0.0,0.0
2020-12-23 00:00:00-05:00,41.73884097109258,42.516303178891626,41.64843983238299,42.1004524230957,22564200,0.0,0.0
2020-12-24 00:00:00-05:00,42.127578160692806,42.57055208095902,41.89253309694411,42.55247116088867,11865600,0.0,0.0
2020-12-28 00:00:00-05:00,42.66095323272785,43.06776531285337,42.362626673024394,42.55247116088867,21269200,0.0,0.0
2020-12-29 00:00:00-05:00,42.68807746731436,45.806962117490734,42.02813938589759,44.649810791015625,84531400,0.0,0.0
2020-12-30 00:00:00-05:00,44.39668533336132,44.469005567842544,43.89947208233524,44.07123565673828,37385400,0.0,0.0
2020-12-31 00:00:00-05:00,44.07123309745304,45.37302827976491,44.044113442170335,45.03853988647461,28576800,0.0,0.0
2021-01-04 00:00:00-05:00,45.101817866172624,46.45785570194971,44.65884743769167,44.902931213378906,46102500,0.0,0.0
2021-01-05 00:00:00-05:00,44.70405069443499,45.95160654389077,44.59556862665967,45.75271987915039,24866600,0.0,0.0
2021-01-06 00:00:00-05:00,45.59903737713279,47.14492334535654,45.382073224507614,46.19569396972656,36809600,0.0,0.0
2021-01-07 00:00:00-05:00,46.54826866752576,47.633096372442076,46.376501637000246,47.18108367919922,32092300,0.0,0.0
2021-01-08 00:00:00-05:00,47.41613268207868,47.48845292045296,46.34938243953831,46.69291305541992,34625400,0.0,0.0
2021-01-11 00:00:00-05:00,46.367457577031594,47.226282285307384,46.33129573806397,46.59346389770508,32925000,0.0,0.0
2021-01-12 00:00:00-05:00,46.9189085417848,48.681754895955216,46.61153984054286,48.13030242919922,39883900,0.0,0.0
2021-01-13 00:00:00-05:00,53.789505309127456,54.467524283612256,51.43904091034662,51.4842414855957,124070700,0.0,0.0
2021-01-14 00:00:00-05:00,52.84027989465254,54.36808142230457,52.28882390549671,53.563499450683594,74680900,0.0,0.0
2021-01-15 00:00:00-05:00,53.20188872416388,53.9251117393238,51.98145592110162,52.05377960205078,50265400,0.0,0.0
2021-01-19 00:00:00-05:00,52.37922682141954,52.74083833590907,51.61984539985793,52.42443084716797,35647100,0.0,0.0
2021-01-20 00:00:00-05:00,52.65043019651443,53.53637449603541,52.51482503442567,53.03915786743164,28701300,0.0,0.0
2021-01-21 00:00:00-05:00,53.373662090599645,57.81242680362233,52.63236151561215,56.46542739868164,86519500,0.0,0.0
2021-01-22 00:00:00-05:00,53.2018867375021,53.89798662202091,51.2130338658287,51.22207260131836,85729300,0.0,0.0
2021-01-25 00:00:00-05:00,50.96894177951391,51.07742383799151,48.8716035898405,50.11915588378906,61968500,0.0,0.0
2021-01-26 00:00:00-05:00,49.97451730421638,50.806222370546415,49.58578615070063,49.91123580932617,31485900,0.0,0.0
2021-01-27 00:00:00-05:00,49.36882253496453,49.58578667729714,48.18454814207421,48.44671630859375,49722900,0.0,0.0
2021-01-28 00:00:00-05:00,49.53154654544956,51.8910531078713,49.45018413127699,50.688697814941406,49202600,0.0,0.0
2021-01-29 00:00:00-05:00,50.6073346960304,51.67408480095659,50.046839988748374,50.18244171142578,37256200,0.0,0.0
2021-02-01 00:00:00-05:00,50.580214515985844,51.88200966251801,50.36324693393912,51.24919128417969,26926600,0.0,0.0
2021-02-02 00:00:00-05:00,51.70119860116066,52.686586181462566,51.42095300354588,52.4334602355957,23580900,0.0,0.0
2021-02-03 00:00:00-05:00,52.334020957219956,52.73179427269006,51.87296959897727,52.1441764831543,21893200,0.0,0.0
2021-02-04 00:00:00-05:00,52.39702397849234,53.55210545276996,52.01502686384589,53.47024917602539,29853800,0.348,0.0
2021-02-05 00:00:00-05:00,53.66124347590387,53.73400614937411,52.860871415307486,52.915443420410156,23432600,0.0,0.0
2021-02-08 00:00:00-05:00,53.09734777600084,53.86133851628557,52.706257071479165,53.806766510009766,34358300,0.0,0.0
2021-02-09 00:00:00-05:00,53.452061337408914,53.943199023885,52.69716413750876,53.46115493774414,28754100,0.0,0.0
2021-02-10 00:00:00-05:00,53.93409695716117,54.04323749865014,52.86087180222632,53.533912658691406,16325100,0.0,0.0
2021-02-11 00:00:00-05:00,53.75220225389009,55.471184269515284,53.53392113634505,55.171043395996094,27539100,0.0,0.0
2021-02-12 00:00:00-05:00,55.116467001215874,56.8536360806371,54.96185151103657,56.21697998046875,26214200,0.0,0.0
2021-02-16 00:00:00-05:00,56.3897848674437,57.181059909441885,56.116931763601094,56.817256927490234,26326300,0.0,0.0
2021-02-17 00:00:00-05:00,55.92593149614437,56.5625875427584,55.67126560798352,56.253353118896484,21055400,0.0,0.0
2021-02-18 00:00:00-05:00,55.161948566292516,56.37159869532466,55.15285149604656,56.03507995605469,17846100,0.0,0.0
2021-02-19 00:00:00-05:00,56.30793277412676,57.53577356742894,56.25336076149628,57.30839538574219,28290100,0.0,0.0
2021-02-22 00:00:00-05:00,56.28064235083271,57.02644242768457,55.1710358352415,55.21651077270508,32288200,0.0,0.0
2021-02-23 00:00:00-05:00,55.00733269267823,55.93503614756513,53.815869698070216,55.589420318603516,27374600,0.0,0.0
2021-02-24 00:00:00-05:00,55.05279229983687,57.55395175593673,54.91636750212222,57.47209548950195,24669900,0.0,0.0
2021-02-25 00:00:00-05:00,56.76268149101465,57.790431705255216,54.6889938636224,54.93456268310547,36394000,0.0,0.0
2021-02-26 00:00:00-05:00,55.38022501725787,56.10783444747868,54.279715537204176,55.28017807006836,38216800,0.0,0.0
2021-03-01 00:00:00-05:00,56.13512051942791,57.372058248829184,56.071454913018904,57.190155029296875,28495400,0.0,0.0
2021-03-02 00:00:00-05:00,57.11739638698148,57.42663084116816,55.58032118590048,55.69855880737305,23320000,0.0,0.0
2021-03-03 00:00:00-05:00,55.15285008337119,55.9532222382438,54.2979093864835,54.47981262207031,28740400,0.0,0.0
2021-03-04 00:00:00-05:00,54.4161411696202,54.7890412012682,52.669875152733404,53.05187225341797,40210400,0.0,0.0
2021-03-05 00:00:00-05:00,53.89771559006746,55.64398160049242,53.215581134490506,55.243797302246094,39511700,0.0,0.0
2021-03-08 00:00:00-05:00,54.9982380285101,56.11693831349888,54.31610345452798,54.4343376159668,33112400,0.0,0.0
2021-03-09 00:00:00-05:00,55.643988750321256,57.45391712875226,55.33475428527815,56.99916076660156,36387500,0.0,0.0
2021-03-10 00:00:00-05:00,57.499393026052736,58.31795582993341,56.5080240611375,56.617164611816406,27160300,0.0,0.0
2021-03-11 00:00:00-05:00,57.24472325373675,58.29066068868114,56.74449200489245,57.58124542236328,30701800,0.0,0.0
2021-03-12 00:00:00-05:00,56.98096535753643,57.572146461466964,56.6080653330674,57.208343505859375,20173000,0.0,0.0
2021-03-15 00:00:00-04:00,57.85409827248753,58.09966709605604,56.82634804114866,58.0178108215332,21247400,0.0,0.0
2021-03-16 00:00:00-04:00,58.34524145758024,59.78227319793204,58.28157584574345,58.91823196411133,30186600,0.0,0.0
2021-03-17 00:00:00-04:00,58.408909681147385,60.291600788540464,57.945056237577624,59.8277473449707,32394700,0.0,0.0
2021-03-18 00:00:00-04:00,59.69131355455781,59.75497916338515,57.89048236828096,57.96324157714844,30094200,0.0,0.0
2021-03-19 00:00:00-04:00,57.46301254591755,59.10922830905727,57.226537301472945,57.99052810668945,54951700,0.0,0.0
2021-03-22 00:00:00-04:00,58.95460787925347,60.37344534905419,58.71813265460981,59.69131088256836,34380100,0.0,0.0
2021-03-23 00:00:00-04:00,60.02783503128827,60.07331343950007,57.45391256079138,57.735862731933594,35160000,0.0,0.0
2021-03-24 00:00:00-04:00,60.555350769805045,61.33753216346483,56.380687783482095,56.42616271972656,74584700,0.0,0.0
2021-03-25 00:00:00-04:00,56.08054534570224,56.78996404534868,55.46207651592812,56.4079704284668,35401400,0.0,0.0
2021-03-26 00:00:00-04:00,56.20788436204597,59.091041435245195,56.18060009119584,59.000091552734375,34705800,0.0,0.0
2021-03-29 00:00:00-04:00,58.217914900172126,59.23656477120727,57.85410840093166,58.66357421875,26161600,0.0,0.0
2021-03-30 00:00:00-04:00,57.9996223449707,58.20880983898771,57.43572547111983,57.9996223449707,20709500,0.0,0.0
2021-03-31 00:00:00-04:00,58.21790978353829,58.654471993032985,57.826819045557386,58.20881271362305,33013200,0.0,0.0
2021-04-01 00:00:00-04:00,58.86366089812534,59.018276386094435,57.82681701322644,58.70904541015625,31416300,0.0,0.0
2021-04-05 00:00:00-04:00,59.07284926435609,60.700877889981264,58.84547108098438,60.518978118896484,27947500,0.0,0.0
2021-04-06 00:00:00-04:00,60.08241525845787,60.555365815358186,59.382093433357895,59.62765884399414,28771400,0.0,0.0
2021-04-07 00:00:00-04:00,59.727699455836756,60.54626230259057,59.44575272935601,60.255218505859375,17793300,0.0,0.0
2021-04-08 00:00:00-04:00,60.91005974506918,61.201103498613584,60.355256505651646,60.98282241821289,22224200,0.0,0.0
2021-04-09 00:00:00-04:00,60.755448230640454,62.21066709325411,60.60082580536987,62.083335876464844,27177100,0.0,0.0
2021-04-12 00:00:00-04:00,62.0287564243337,62.292515910506864,58.85455939940576,59.4912223815918,51266900,0.0,0.0
2021-04-13 00:00:00-04:00,59.673125976540646,59.69131317650573,58.39980686902733,59.318416595458984,26822000,0.0,0.0
2021-04-14 00:00:00-04:00,59.40026433288302,59.463929935872045,58.06328320059831,58.381614685058594,25768400,0.0,0.0
2021-04-15 00:00:00-04:00,58.181528583869785,59.318419459937175,57.9177690679384,59.136512756347656,24927700,0.0,0.0
2021-04-16 00:00:00-04:00,59.41845290240127,59.59125555773279,58.727221463986275,58.890933990478516,24625500,0.0,0.0
2021-04-19 00:00:00-04:00,58.84546636469828,58.88184770380568,57.362963225984245,57.872291564941406,23997700,0.0,0.0
2021-04-20 00:00:00-04:00,57.88139186168527,57.99053242211927,56.76269157606813,57.026451110839844,19872100,0.0,0.0
2021-04-21 00:00:00-04:00,57.10830245582243,58.00871807312476,56.662639712555574,57.93595886230469,24364200,0.0,0.0
2021-04-22 00:00:00-04:00,57.617625705262796,58.12695404461384,56.644447435237865,56.908206939697266,38257600,0.0,0.0
2021-04-23 00:00:00-04:00,53.8067653721586,54.570756096287234,52.66078102072327,53.8795280456543,77479500,0.0,0.0
2021-04-26 00:00:00-04:00,53.75219325446573,54.134190350487664,53.17010574578015,53.44295883178711,39645900,0.0,0.0
2021-04-27 00:00:00-04:00,53.261054050172575,53.32471964856904,52.54253833168117,52.72444152832031,38167700,0.0,0.0
2021-04-28 00:00:00-04:00,52.315170418970844,52.897257986269814,51.9786516946603,52.40612030029297,30387400,0.0,0.0
2021-04-29 00:00:00-04:00,52.6425942613672,53.02458791703914,52.26969420579985,53.00639724731445,23290600,0.0,0.0
2021-04-30 00:00:00-04:00,52.39702338774046,53.14282346988669,51.905885732810404,52.32426071166992,30731800,0.0,0.0
2021-05-03 00:00:00-04:00,52.624403067652985,52.64259373719654,51.69669973802421,52.07869338989258,22281700,0.0,0.0
2021-05-04 00:00:00-04:00,51.73307962515644,51.824029500806155,50.75990138373999,51.75127029418945,35323600,0.0,0.0
2021-05-05 00:00:00-04:00,51.80583841751256,52.115072849570325,51.351082103869686,51.70579147338867,21001900,0.0,0.0
2021-05-06 00:00:00-04:00,51.813777062395566,52.39030011976375,51.475185707191464,52.335391998291016,25529300,0.348,0.0
2021-05-07 00:00:00-04:00,52.802102565347894,53.08578580048553,52.38115077129017,52.7746467590332,19959000,0.0,0.0
2021-05-10 00:00:00-04:00,52.29879130516095,52.37199864462898,51.13659555494798,51.218955993652344,35046500,0.0,0.0
2021-05-11 00:00:00-04:00,50.37705427241367,50.90782237642975,49.69071837363178,50.36790466308594,35968100,0.0,0.0
2021-05-12 00:00:00-04:00,49.77307034253882,50.01100203514834,48.88540828090633,49.06843185424805,30232300,0.0,0.0
2021-05-13 00:00:00-04:00,49.45278310687846,49.77307175112745,48.92201507825508,49.42532730102539,29192500,0.0,0.0
2021-05-14 00:00:00-04:00,49.96524500828535,51.10913801205456,49.65410597162475,50.651580810546875,28158300,0.0,0.0
2021-05-17 00:00:00-04:00,50.596683917627736,51.14575124704495,50.11167083606142,50.6332893371582,20010200,0.0,0.0
2021-05-18 00:00:00-04:00,51.20065306427348,51.37452354928085,50.14827007326353,50.18487548828125,18703400,0.0,0.0
2021-05-19 00:00:00-04:00,49.48023761561172,50.724793815674246,49.26976171279006,50.660736083984375,23769700,0.0,0.0
2021-05-20 00:00:00-04:00,50.85290861519181,51.46603709878521,50.66073542263092,51.200653076171875,23145200,0.0,0.0
2021-05-21 00:00:00-04:00,51.63075377589602,51.896137794866405,51.228104688788314,51.319618225097656,17723100,0.0,0.0
2021-05-24 00:00:00-04:00,51.841240430940886,52.51842324013347,51.61246179442462,52.12492370605469,19164400,0.0,0.0
2021-05-25 00:00:00-04:00,52.67398795484802,52.67398795484802,51.63075457017931,52.04255676269531,22309900,0.0,0.0
2021-05-26 00:00:00-04:00,52.20727609176197,52.37199696388441,51.786324303397684,52.08831024169922,15173600,0.0,0.0
2021-05-27 00:00:00-04:00,52.26218176981261,52.96682024742435,52.16151863145603,52.829551696777344,32387600,0.0,0.0
2021-05-28 00:00:00-04:00,52.6648312451049,52.756344776548204,52.1066109213957,52.271331787109375,20303900,0.0,0.0
2021-06-01 00:00:00-04:00,52.71974319085835,52.91191638451259,51.786326047686224,52.06085968017578,20326400,0.0,0.0
2021-06-02 00:00:00-04:00,52.079161729956525,52.79294986359009,51.94189317000338,52.60077667236328,18483600,0.0,0.0
2021-06-03 00:00:00-04:00,52.14322048237846,52.25303323796262,51.32876918760052,51.46603775024414,21831300,0.0,0.0
2021-06-04 00:00:00-04:00,51.74972087945211,52.84785890553627,51.74057127104209,52.50011444091797,21493800,0.0,0.0
2021-06-07 00:00:00-04:00,52.53671755425886,52.56416986917057,51.96019450492212,52.24388122558594,17364400,0.0,0.0
2021-06-08 00:00:00-04:00,52.57332025376059,52.74719072403202,51.795470959539095,52.16151809692383,33254500,0.0,0.0
2021-06-09 00:00:00-04:00,52.49095982239324,52.60077256725497,52.13406578342945,52.16151809692383,13904800,0.0,0.0
2021-06-10 00:00:00-04:00,52.29878620455146,53.104084314583154,52.09745993160144,52.50926208496094,26738100,0.0,0.0
2021-06-11 00:00:00-04:00,52.59162443665439,53.021725820643184,52.1157645410443,52.93936538696289,18119700,0.0,0.0
2021-06-14 00:00:00-04:00,53.094939577466114,53.25966045391958,52.371998340907496,53.25050735473633,21784500,0.0,0.0
2021-06-15 00:00:00-04:00,53.26881243351843,53.46098563430737,52.89361564064659,53.06748962402344,20806500,0.0,0.0
2021-06-16 00:00:00-04:00,53.21390691093129,53.415229717064534,51.951047986620026,52.362850189208984,21879700,0.0,0.0
2021-06-17 00:00:00-04:00,52.207274692676165,52.98512401038336,51.88698605595717,52.32624053955078,21498800,0.0,0.0
2021-06-18 00:00:00-04:00,51.86869517995163,51.93275292190608,50.42281245381379,50.944427490234375,55118300,0.0,0.0
2021-06-21 00:00:00-04:00,51.01762865385974,51.283012672113614,50.669884198592065,51.12744140625,19254600,0.0,0.0
2021-06-22 00:00:00-04:00,51.19149913605135,51.50263817689412,50.788850050030774,51.12744140625,18682800,0.0,0.0
2021-06-23 00:00:00-04:00,51.12744185334773,51.21895539021026,50.54176918096552,50.56922149658203,20287900,0.0,0.0
2021-06-24 00:00:00-04:00,50.77970220233321,51.33791908268561,50.64243363892313,51.31046676635742,21209700,0.0,0.0
2021-06-25 00:00:00-04:00,51.26471038626459,51.621604452629704,51.01762907319232,51.16404724121094,21101200,0.0,0.0
2021-06-28 00:00:00-04:00,51.575849494935824,52.82955527836219,51.55754678754977,52.60077667236328,22480900,0.0,0.0
2021-06-29 00:00:00-04:00,52.66483003815989,52.92106442944463,51.13659075236498,51.9327392578125,26360000,0.0,0.0
2021-06-30 00:00:00-04:00,51.55754291738189,51.59414832940621,50.68818358166761,51.37451934814453,29891600,0.0,0.0
2021-07-01 00:00:00-04:00,51.36537425965049,51.83208108592609,51.12744255144368,51.255558013916016,24871600,0.0,0.0
2021-07-02 00:00:00-04:00,51.74972133498689,52.1523739262634,51.53924543085807,51.94189453125,17219400,0.0,0.0
2021-07-06 00:00:00-04:00,52.08831286272459,52.1706733029301,50.97187560657555,51.32876968383789,26186600,0.0,0.0
2021-07-07 00:00:00-04:00,51.585005167923285,51.65821600607473,50.981029716713465,51.209808349609375,14857400,0.0,0.0
2021-07-08 00:00:00-04:00,50.61498692629404,50.990183751484636,50.139126942242676,50.688194274902344,19162000,0.0,0.0
2021-07-09 00:00:00-04:00,50.798004690980875,51.34707548909998,50.61498458249264,51.23726272583008,18708000,0.0,0.0
2021-07-12 00:00:00-04:00,51.48434283064815,51.941900103725274,51.34707774325599,51.91444778442383,15392800,0.0,0.0
2021-07-13 00:00:00-04:00,51.81377815472915,52.43605624766788,51.557547230890094,52.04255676269531,15716000,0.0,0.0
2021-07-14 00:00:00-04:00,52.31708942605422,52.58247344419685,51.54839666876018,51.722267150878906,16263600,0.0,0.0
2021-07-15 00:00:00-04:00,51.612454109932216,51.612454109932216,50.85290747416106,51.07253646850586,18917000,0.0,0.0
2021-07-16 00:00:00-04:00,51.292162392653566,52.097464057343515,50.23978290726534,50.30384063720703,25263800,0.0,0.0
2021-07-19 00:00:00-04:00,49.791378034263985,50.15742521759744,49.38872892530491,50.001853942871094,27007700,0.0,0.0
2021-07-20 00:00:00-04:00,50.25808635866339,50.84376256744403,49.66326403181247,50.550926208496094,19867000,0.0,0.0
2021-07-21 00:00:00-04:00,50.49600930808869,51.50263368070385,50.34043805580647,51.456878662109375,18497200,0.0,0.0
2021-07-22 00:00:00-04:00,51.301321897298685,51.740576453552656,50.95357739784912,51.209808349609375,36691000,0.0,0.0
2021-07-23 00:00:00-04:00,49.94694676097013,50.06590912223273,47.878786215146256,48.50106430053711,67742300,0.0,0.0
2021-07-26 00:00:00-04:00,48.32719556767113,49.910343154028155,48.28143705226798,49.699867248535156,32881200,0.0,0.0
2021-07-27 00:00:00-04:00,48.61087099864455,48.684081818811194,47.86963064431947,48.66577911376953,39878000,0.0,0.0
2021-07-28 00:00:00-04:00,48.528522907027835,49.3429742885477,48.4461624588469,48.565128326416016,28478800,0.0,0.0
2021-07-29 00:00:00-04:00,48.94031724094691,49.5076871862575,48.79389907793501,49.14164352416992,16886600,0.0,0.0
2021-07-30 00:00:00-04:00,49.09588490351181,49.32466348462625,48.72983777737507,49.159942626953125,16465700,0.0,0.0
2021-08-02 00:00:00-04:00,49.407034997024084,49.84628955239641,48.995232760461,49.123348236083984,18098100,0.0,0.0
2021-08-03 00:00:00-04:00,49.31550953230634,49.56259081453641,48.73898654043621,49.4710807800293,16375900,0.0,0.0
2021-08-04 00:00:00-04:00,49.644961376014344,49.818831873423804,49.14164910171558,49.32467269897461,17612700,0.0,0.0
2021-08-05 00:00:00-04:00,49.72809455408135,49.75572526508348,49.350459611584206,49.635986328125,15310000,0.348,0.0
2021-08-06 00:00:00-04:00,49.60835475937116,49.85704169479906,49.48861582448303,49.66361618041992,19256000,0.0,0.0
2021-08-09 00:00:00-04:00,49.81098612050145,50.11493445733626,49.58072084482658,49.78335189819336,14670100,0.0,0.0
2021-08-10 00:00:00-04:00,49.95835851041347,50.096515575292926,49.28598077643614,49.682037353515625,16215700,0.0,0.0
2021-08-11 00:00:00-04:00,49.97677543642494,50.06888365769298,49.589931447807274,49.866249084472656,18590800,0.0,0.0
2021-08-12 00:00:00-04:00,49.893879875474816,49.90309245440134,49.05571438519962,49.31361389160156,15070100,0.0,0.0
2021-08-13 00:00:00-04:00,49.276768116406096,49.33203304646829,48.87150250332431,49.26755905151367,15281100,0.0,0.0
2021-08-16 00:00:00-04:00,49.02808926477741,49.267567154196236,48.816245601719075,49.2491455078125,17690300,0.0,0.0
2021-08-17 00:00:00-04:00,48.97281337190518,48.98202594982137,48.09780820259304,48.530704498291016,22014900,0.0,0.0
2021-08-18 00:00:00-04:00,48.447810062711895,48.843866597244194,47.996492113592176,48.07017517089844,15061700,0.0,0.0
2021-08-19 00:00:00-04:00,47.94123984210683,48.5122968628757,47.50834342141963,48.300453186035156,22999400,0.0,0.0
2021-08-20 00:00:00-04:00,48.04254900439951,48.245183579889876,47.360962213657935,47.904388427734375,25728300,0.0,0.0
2021-08-23 00:00:00-04:00,48.43860900579038,49.313617854957734,48.337291710871995,49.0280876159668,23976300,0.0,0.0
2021-08-24 00:00:00-04:00,49.33203255178196,49.70966745283045,49.101767282519,49.56229782104492,20348800,0.0,0.0
2021-08-25 00:00:00-04:00,49.81098473347722,49.9491417868935,49.48861124836757,49.56229782104492,15048400,0.0,0.0
2021-08-26 00:00:00-04:00,49.507030983052424,49.507030983052424,48.788604494989286,48.93597412109375,19570000,0.0,0.0
2021-08-27 00:00:00-04:00,49.147825028049795,49.68203868431839,48.74255586098097,49.635986328125,16525000,0.0,0.0
2021-08-30 00:00:00-04:00,49.976776641541825,50.53862450733223,49.516246064804704,49.682037353515625,14581300,0.0,0.0
2021-08-31 00:00:00-04:00,50.14256123923875,50.19782616595767,49.42413475973777,49.79256057739258,22350100,0.0,0.0
2021-09-01 00:00:00-04:00,49.83862260490997,49.88467496266799,49.304405416921966,49.433353424072266,18615000,0.0,0.0
2021-09-02 00:00:00-04:00,49.553090945086936,49.635986592103734,49.13861271000294,49.488616943359375,15869500,0.0,0.0
2021-09-03 00:00:00-04:00,49.22151384508767,49.81099601936037,49.110987474598396,49.285987854003906,13456200,0.0,0.0
2021-09-07 00:00:00-04:00,49.341249481251324,49.69125373011876,49.22151053834962,49.41493606567383,13915000,0.0,0.0
2021-09-08 00:00:00-04:00,49.48861338203576,49.66361372933573,48.80703012323012,49.341243743896484,18235100,0.0,0.0
2021-09-09 00:00:00-04:00,49.42414386070306,49.63598751511434,49.129404557733494,49.184669494628906,13495800,0.0,0.0
2021-09-10 00:00:00-04:00,49.5991405533867,50.63994061635902,49.56230077841897,49.58993148803711,20324700,0.0,0.0
2021-09-13 00:00:00-04:00,50.29915043897908,51.10968524243778,50.11493750452445,50.64915466308594,22639200,0.0,0.0
2021-09-14 00:00:00-04:00,50.99915189942813,51.06362589505969,49.985986099301364,50.216251373291016,22072700,0.0,0.0
2021-09-15 00:00:00-04:00,50.354412154304825,50.796524605009346,50.12414686328225,50.768890380859375,18796200,0.0,0.0
2021-09-16 00:00:00-04:00,50.52941598888149,50.61231163413451,49.95835905134372,50.50178527832031,19863100,0.0,0.0
2021-09-17 00:00:00-04:00,50.280724149155574,50.280724149155574,49.43334613437432,49.97677230834961,35359200,0.0,0.0
2021-09-20 00:00:00-04:00,49.009664695345364,49.27677328162395,48.189920804794156,48.797821044921875,35051900,0.0,0.0
2021-09-21 00:00:00-04:00,49.00045455573499,49.23071984639768,48.65966290935366,48.696502685546875,17968900,0.0,0.0
2021-09-22 00:00:00-04:00,49.18466683579979,49.61756318725187,48.81624097021941,49.276771545410156,18594100,0.0,0.0
2021-09-23 00:00:00-04:00,49.50703473824525,50.01361764680646,49.368874166106146,49.764930725097656,16474300,0.0,0.0
2021-09-24 00:00:00-04:00,49.53466842944935,50.12414701406935,49.4886160738202,49.939937591552734,12976200,0.0,0.0
2021-09-27 00:00:00-04:00,49.68203070417662,50.5386177433494,49.57150436435177,50.34519577026367,13899900,0.0,0.0
2021-09-28 00:00:00-04:00,49.903092156797626,50.280727078437245,49.70045758445512,49.737300872802734,24691300,0.0,0.0
2021-09-29 00:00:00-04:00,49.73729865955008,49.783351011150636,48.982028849879484,49.26755905151367,20514300,0.0,0.0
2021-09-30 00:00:00-04:00,49.516251436051505,49.71888603613874,49.05572080935859,49.07414245605469,20534100,0.0,0.0
2021-10-01 00:00:00-04:00,49.41493066850416,49.83861794194864,48.86229188640457,49.60835266113281,19895100,0.0,0.0
2021-10-04 00:00:00-04:00,49.672832833929164,50.04125873446439,48.88993218725403,49.2491455078125,27353300,0.0,0.0
2021-10-05 00:00:00-04:00,49.32282019481265,50.05045929220643,49.25834620021514,49.691246032714844,18129400,0.0,0.0
2021-10-06 00:00:00-04:00,49.25834535234361,49.801771521432435,48.880710456100125,49.718875885009766,20059600,0.0,0.0
2021-10-07 00:00:00-04:00,50.03204707354368,50.64915994124068,49.8478341198922,49.903099060058594,20704400,0.0,0.0
2021-10-08 00:00:00-04:00,50.24388105046455,50.27151527200315,49.460980540398154,49.56229782104492,16068000,0.0,0.0
2021-10-11 00:00:00-04:00,49.56230319132862,50.11493849201241,49.20308638095764,49.22150802612305,14398800,0.0,0.0
2021-10-12 00:00:00-04:00,49.34124089217119,49.47940145712821,47.904384368180835,48.051753997802734,32784300,0.0,0.0
2021-10-13 00:00:00-04:00,48.245184868491364,48.42939780444197,47.77544170613886,48.1346549987793,18534000,0.0,0.0
2021-10-14 00:00:00-04:00,48.72414138938497,49.737307356024196,48.567559150281916,49.64520263671875,26586700,0.0,0.0
2021-10-15 00:00:00-04:00,49.92151350828717,50.188622076887285,49.562300232927385,50.160987854003906,25231100,0.0,0.0
2021-10-18 00:00:00-04:00,49.91230843516073,50.253103631272005,49.47941203200918,50.17020797729492,22407600,0.0,0.0
2021-10-19 00:00:00-04:00,50.31757012821138,50.860996331269305,50.07809226865671,50.851783752441406,18392900,0.0,0.0
2021-10-20 00:00:00-04:00,50.88862678680885,51.10968300117454,50.732048083208866,50.99915313720703,16850300,0.0,0.0
2021-10-21 00:00:00-04:00,50.593890635378294,51.64389981294672,50.5017859232851,51.57942581176758,38390900,0.0,0.0
2021-10-22 00:00:00-04:00,46.41227416360024,46.55964381778107,45.26094764232192,45.555686950683594,109971900,0.0,0.0
2021-10-25 00:00:00-04:00,45.89647962770403,46.11753234013492,45.41752739934442,45.5096321105957,43178800,0.0,0.0
2021-10-26 00:00:00-04:00,45.500421101149534,45.53726087593457,44.14646011946501,44.46883010864258,68405400,0.0,0.0
2021-10-27 00:00:00-04:00,44.68988480021579,44.96620242630607,44.09119368237915,44.109615325927734,41081500,0.0,0.0
2021-10-28 00:00:00-04:00,44.33988361321482,44.5425181924508,44.100409257947334,44.28462219238281,31317200,0.0,0.0
2021-10-29 00:00:00-04:00,44.30303597331168,45.38988831483198,44.13724469995644,45.13199234008789,42301000,0.0,0.0
2021-11-01 00:00:00-04:00,45.5004232547515,45.68463267810367,45.13199738090812,45.638580322265625,28013700,0.0,0.0
2021-11-02 00:00:00-04:00,45.693845120527726,45.96095370258553,45.34384089278197,45.924110412597656,27193300,0.0,0.0
2021-11-03 00:00:00-04:00,45.988586097315725,46.46753834398794,45.78595150853181,46.41227340698242,23962100,0.0,0.0
2021-11-04 00:00:00-04:00,46.595912901976654,46.69793123276029,46.12290306269151,46.66083526611328,24806000,0.348,0.0
2021-11-05 00:00:00-04:00,46.88342382536859,47.83871658272342,46.874150718483165,47.226585388183594,36816200,0.0,0.0
2021-11-08 00:00:00-05:00,47.72742189178836,48.218981508137695,47.35643744062313,47.81089401245117,31647800,0.0,0.0
2021-11-09 00:00:00-05:00,47.80161723914619,48.01493407825877,47.087467714463166,47.48627853393555,22508400,0.0,0.0
2021-11-10 00:00:00-05:00,47.282237407994046,47.66249849659056,47.031821051405565,47.07819366455078,25040700,0.0,0.0
2021-11-11 00:00:00-05:00,47.31005538743195,47.36570464026718,46.753577011092524,46.864871978759766,25420000,0.0,0.0
2021-11-12 00:00:00-05:00,46.92979782982067,47.208040576695936,46.540263645000906,46.66083526611328,23884800,0.0,0.0
2021-11-15 00:00:00-05:00,46.753580912382475,46.95762465180126,46.48461480824017,46.670108795166016,24695800,0.0,0.0
2021-11-16 00:00:00-05:00,46.71648197535279,47.43990817935832,46.68865911527689,46.9390754699707,30927800,0.0,0.0
2021-11-17 00:00:00-05:00,46.929793314896564,47.245131998081376,46.3547652001489,46.586631774902344,23546900,0.0,0.0
2021-11-18 00:00:00-05:00,46.59591290770332,46.59591290770332,45.418030169931384,46.07653045654297,30658200,0.0,0.0
2021-11-19 00:00:00-05:00,46.002330387810815,46.122902006161276,45.668445467615044,45.92813491821289,27607600,0.0,0.0
2021-11-22 00:00:00-05:00,45.95595567440371,47.161661188732545,45.82611095504568,46.21564865112305,33389600,0.0,0.0
2021-11-23 00:00:00-05:00,46.52171662457985,46.790682742085295,45.11196720710729,45.53860092163086,44713300,0.0,0.0
2021-11-24 00:00:00-05:00,45.31601243028014,46.1692798870744,45.10269556608158,46.15073013305664,26035800,0.0,0.0
2021-11-26 00:00:00-05:00,45.35310453621495,45.612793974071984,44.62967839960811,45.24180603027344,25269000,0.0,0.0
2021-11-29 00:00:00-05:00,45.72409432413755,46.49389315983048,45.186165634114296,46.373321533203125,31478900,0.0,0.0
2021-11-30 00:00:00-05:00,45.90958686906789,46.74430804552508,45.14906470296401,45.63134765625,49460800,0.0,0.0
2021-12-01 00:00:00-05:00,46.22492718268544,46.660837538549416,45.00067177362425,45.074867248535156,35093500,0.0,0.0
2021-12-02 00:00:00-05:00,45.08413956501766,46.17855013439296,44.82445012076024,45.909584045410156,37240800,0.0,0.0
2021-12-03 00:00:00-05:00,46.07653378979197,46.42897203350398,45.2232628110161,45.6777229309082,32224900,0.0,0.0
2021-12-06 00:00:00-05:00,45.89103904412608,47.49555556137703,45.612799819620804,47.2915153503418,40336000,0.0,0.0
2021-12-07 00:00:00-05:00,50.695309369970765,51.01064806315403,48.4230161577387,48.75690460205078,91731500,0.0,0.0
2021-12-08 00:00:00-05:00,48.75690579181537,49.044421634323,47.653222107743524,47.99638366699219,37143400,0.0,0.0
2021-12-09 00:00:00-05:00,47.57902651284896,47.84799262306009,46.772131720219186,46.818504333496094,31694200,0.0,0.0
2021-12-10 00:00:00-05:00,47.15239119360821,47.36570803777282,46.41969189973621,46.92052459716797,23783600,0.0,0.0
2021-12-13 00:00:00-05:00,47.16166658406612,47.31933771704091,46.326948919270656,46.373321533203125,35726900,0.0,0.0
2021-12-14 00:00:00-05:00,46.20637248410502,46.6237330420713,45.7426393170321,46.09507751464844,34120400,0.0,0.0
2021-12-15 00:00:00-05:00,46.25274805180748,47.096742328346856,45.75191888821527,46.994720458984375,32590300,0.0,0.0
2021-12-16 00:00:00-05:00,47.05964769271783,47.67177538820513,46.911253207084656,47.14311981201172,33132300,0.0,0.0
2021-12-17 00:00:00-05:00,46.92052613869763,47.31933698071769,46.382593919041334,46.94834899902344,50102300,0.0,0.0
2021-12-20 00:00:00-05:00,46.28984662993073,46.493890364570674,45.40875286617138,46.0023307800293,30140300,0.0,0.0
2021-12-21 00:00:00-05:00,46.317664669593135,47.152385735353974,46.317664669593135,47.08746337890625,31956300,0.0,0.0
2021-12-22 00:00:00-05:00,46.96689886122837,47.31933709085788,46.56808801828005,47.27296447753906,23307900,0.0,0.0
2021-12-23 00:00:00-05:00,47.3749857632755,47.97783680496576,47.34715936522573,47.58830261230469,25198200,0.0,0.0
2021-12-27 00:00:00-05:00,47.625394517555726,48.28389829917935,47.57902190876616,48.17259979248047,20985400,0.0,0.0
2021-12-28 00:00:00-05:00,48.163335971325296,48.33955333389987,47.885096726942926,48.00566482543945,19290400,0.0,0.0
2021-12-29 00:00:00-05:00,48.05204121811624,48.358103327044844,47.91291982623707,48.07059097290039,14174800,0.0,0.0
2021-12-30 00:00:00-05:00,48.15405465266499,48.358098396482525,47.90364183362078,47.98711395263672,18359400,0.0,0.0
2021-12-31 00:00:00-05:00,48.12622621759786,48.376642545638546,47.72741542160748,47.7645149230957,16319000,0.0,0.0
2022-01-03 00:00:00-05:00,47.90363771933385,49.36903269197348,47.85726157208307,49.35048294067383,33857600,0.0,0.0
2022-01-04 00:00:00-05:00,49.684371416069276,50.02753297029807,48.83110408382401,49.285560607910156,45681400,0.0,0.0
2022-01-05 00:00:00-05:00,50.259404943574296,52.095788064135945,49.92551999820246,49.962615966796875,59109300,0.0,0.0
2022-01-06 00:00:00-05:00,50.64893875943675,50.70458447701535,49.54525152074919,50.09245681762695,35757900,0.0,0.0
2022-01-07 00:00:00-05:00,50.25940444729399,50.44489844044916,49.29484205129368,49.563804626464844,30717200,0.0,0.0
2022-01-10 00:00:00-05:00,50.05536504019112,51.29817021481781,49.443237329584164,51.205421447753906,49260800,0.0,0.0
2022-01-11 00:00:00-05:00,51.47438749068586,52.01231972486633,50.76023790634472,51.85464859008789,39795200,0.0,0.0
2022-01-12 00:00:00-05:00,52.06796780793107,52.197812549516314,50.83443922486736,51.696983337402344,29136800,0.0,0.0
2022-01-13 00:00:00-05:00,51.93810969455967,52.13287675679356,50.7973266383288,50.954994201660156,29605400,0.0,0.0
2022-01-14 00:00:00-05:00,50.871532992305845,51.724803959778015,50.57474401353388,51.659881591796875,30151500,0.0,0.0
2022-01-18 00:00:00-05:00,51.29816473931565,51.613503437666665,50.713859952193985,50.788055419921875,35313800,0.0,0.0
2022-01-19 00:00:00-05:00,50.667486378720916,50.871526564593466,49.67509769296664,49.730743408203125,30595100,0.0,0.0
2022-01-20 00:00:00-05:00,49.95334278620211,50.16665964182413,48.172605390134336,48.26535415649414,28582600,0.0,0.0
2022-01-21 00:00:00-05:00,48.30245366303806,49.27629271279209,48.181882035772155,48.26535415649414,46372400,0.0,0.0
2022-01-24 00:00:00-05:00,47.74596613081122,48.3488206590854,46.262021421525446,48.17259979248047,64198400,0.0,0.0
2022-01-25 00:00:00-05:00,47.310058171713926,47.87581322582321,46.60518528433407,47.300785064697266,44095400,0.0,0.0
2022-01-26 00:00:00-05:00,47.42135219275762,48.89602372898467,47.06891401344465,47.940731048583984,54895400,0.0,0.0
2022-01-27 00:00:00-05:00,46.35476470718482,46.42896370855836,44.31433816345296,44.564754486083984,89642800,0.0,0.0
2022-01-28 00:00:00-05:00,44.24941747307896,44.70387752860311,42.941690097636155,44.267967224121094,61945400,0.0,0.0
2022-01-31 00:00:00-05:00,44.2216041343062,45.325288023858946,43.87844251116862,45.27891540527344,51828400,0.0,0.0
2022-02-01 00:00:00-05:00,45.24181159324788,45.47367820213169,44.85227738856484,45.39948272705078,35386100,0.0,0.0
2022-02-02 00:00:00-05:00,44.75024780893752,45.98377965403675,44.601853346324376,45.918853759765625,37962700,0.0,0.0
2022-02-03 00:00:00-05:00,45.677723593571336,46.08580756620817,44.750257124666334,44.778079986572266,42145800,0.0,0.0
2022-02-04 00:00:00-05:00,44.72668183848054,45.081804835871324,44.044474215173935,44.866859436035156,32431500,0.365,0.0
2022-02-07 00:00:00-05:00,44.97900045804897,45.474300994257604,44.82012825504803,45.025726318359375,27558500,0.0,0.0
2022-02-08 00:00:00-05:00,44.83881628925412,45.73596558056725,44.764055630788555,45.614479064941406,28051200,0.0,0.0
2022-02-09 00:00:00-05:00,46.100441077019845,46.69854067273571,45.63317532224748,46.6424674987793,35217300,0.0,0.0
2022-02-10 00:00:00-05:00,45.96025889762095,46.66115751411787,45.56775381860623,45.66120910644531,32762700,0.0,0.0
2022-02-11 00:00:00-05:00,45.745311318481725,45.89483619522735,44.390240117687775,44.5117301940918,37208200,0.0,0.0
2022-02-14 00:00:00-05:00,44.78274505033799,45.02572522196282,44.02577686285989,44.46500778198242,28456900,0.0,0.0
2022-02-15 00:00:00-05:00,44.57715592053723,45.287398334299496,44.10054283074843,45.268707275390625,35837900,0.0,0.0
2022-02-16 00:00:00-05:00,44.913580104576454,45.315428889421426,44.48369295372657,45.07244873046875,26022900,0.0,0.0
2022-02-17 00:00:00-05:00,44.72668059371241,45.10049107507641,44.278105877102625,44.455665588378906,32030600,0.0,0.0
2022-02-18 00:00:00-05:00,43.16601008482041,43.18470114321391,41.59599682931479,42.09130096435547,76520100,0.0,0.0
2022-02-22 00:00:00-05:00,41.76421356201172,42.43707741679785,40.979206919746204,41.76421356201172,57093300,0.0,0.0
2022-02-23 00:00:00-05:00,42.21278659149934,42.7174344624404,41.63337805354189,41.72683334350586,38176700,0.0,0.0
2022-02-24 00:00:00-05:00,41.025937186220446,43.72673284241282,40.77361323552689,43.66131591796875,72740100,0.0,0.0
2022-02-25 00:00:00-05:00,43.85756105849812,44.66125867268031,43.22207938984032,44.58649444580078,39266300,0.0,0.0
2022-02-28 00:00:00-05:00,43.92297950403978,44.68929503146708,43.782798356236505,44.577152252197266,41946100,0.0,0.0
2022-03-01 00:00:00-05:00,44.427628377856074,44.764060288341724,43.19404708271185,43.754764556884766,53853000,0.0,0.0
2022-03-02 00:00:00-05:00,44.40893896854757,45.78270146570743,44.371556851560456,45.670555114746094,46936500,0.0,0.0
2022-03-03 00:00:00-05:00,45.02572039068031,45.37149598940118,44.50238155521979,44.79208755493164,36389900,0.0,0.0
2022-03-04 00:00:00-05:00,44.268762627233535,45.10984252614955,44.268762627233535,44.922935485839844,38310700,0.0,0.0
2022-03-07 00:00:00-05:00,44.866849922088264,45.36215397696024,44.483692199425576,44.55845642089844,43813700,0.0,0.0
2022-03-08 00:00:00-05:00,44.567810880922785,45.530380856554565,43.820186311224674,44.39025115966797,44813900,0.0,0.0
2022-03-09 00:00:00-05:00,45.24066352260741,45.28738937816149,43.82017541104689,44.5117301940918,36076500,0.0,0.0
2022-03-10 00:00:00-05:00,44.194003446738364,44.212694507897844,43.137981663437756,43.605247497558594,36456000,0.0,0.0
2022-03-11 00:00:00-05:00,44.063155713541455,44.18464222540391,42.773501419133,42.82957458496094,27082100,0.0,0.0
2022-03-14 00:00:00-04:00,42.894999533239236,42.96976020339688,41.399746915581915,41.493202209472656,35993900,0.0,0.0
2022-03-15 00:00:00-04:00,41.58665577053179,41.960469832653445,41.1848069014853,41.87636184692383,34448900,0.0,0.0
2022-03-16 00:00:00-04:00,42.334273322648656,43.57720184326172,42.30623852036414,43.57720184326172,38885500,0.0,0.0
2022-03-17 00:00:00-04:00,43.28750214491307,44.193998910854255,42.736128374642924,44.05381774902344,28555000,0.0,0.0
2022-03-18 00:00:00-04:00,43.754769029331044,44.4837025332556,43.31553803852772,44.34352493286133,46237100,0.0,0.0
2022-03-21 00:00:00-04:00,44.352865805324726,44.754714650660034,43.988399076986866,44.28744888305664,32910900,0.0,0.0
2022-03-22 00:00:00-04:00,44.390248541049736,45.296745283620965,44.296796812208456,45.221981048583984,27923300,0.0,0.0
2022-03-23 00:00:00-04:00,45.287400112239055,46.3340780624976,44.913589614251094,45.109840393066406,37126400,0.0,0.0
2022-03-24 00:00:00-04:00,45.47430418467416,48.26855503271474,45.40888726265911,48.240516662597656,51677900,0.0,0.0
2022-03-25 00:00:00-04:00,47.371406174257025,48.57695281048065,47.14712058353716,48.43677520751953,33239800,0.0,0.0
2022-03-28 00:00:00-04:00,47.99754060823761,48.19379137663494,47.24991608699425,48.137718200683594,22932400,0.0,0.0
2022-03-29 00:00:00-04:00,48.59563654119318,48.866651523646645,47.922772740606554,48.82926940917969,27303700,0.0,0.0
2022-03-30 00:00:00-04:00,48.829269471756035,49.07224608619334,47.866703195203556,48.06295394897461,24623300,0.0,0.0
2022-03-31 00:00:00-04:00,47.8480111090413,47.90408071465325,46.26865067181949,46.31538009643555,43698300,0.0,0.0
2022-04-01 00:00:00-04:00,46.56770724097482,46.633124162021375,44.23137844658407,44.96031188964844,46598600,0.0,0.0
2022-04-04 00:00:00-04:00,45.01638063158079,46.006985304695135,44.78274775664432,45.97895050048828,23784900,0.0,0.0
2022-04-05 00:00:00-04:00,45.63318056578813,45.77335816935425,44.87620867269232,44.979007720947266,25779200,0.0,0.0
2022-04-06 00:00:00-04:00,44.33417227619098,45.01637983107959,44.14726883152921,44.42762756347656,31518700,0.0,0.0
2022-04-07 00:00:00-04:00,44.324829486462484,44.77340418024935,43.70803883688619,44.446319580078125,24117000,0.0,0.0
2022-04-08 00:00:00-04:00,44.18465374553563,44.46501608281909,43.78280486471488,43.94167709350586,22167300,0.0,0.0
2022-04-11 00:00:00-04:00,43.82953438318096,44.20334489203043,43.48375511717732,43.52113723754883,30352500,0.0,0.0
2022-04-12 00:00:00-04:00,44.222030731819956,44.773404464867,43.37160720101399,43.45571517944336,29861400,0.0,0.0
2022-04-13 00:00:00-04:00,43.689346838763264,44.17530363781252,43.5024398291359,43.93232345581055,22171300,0.0,0.0
2022-04-14 00:00:00-04:00,43.689349485086844,43.689349485086844,42.63332784693908,42.6800537109375,36181800,0.0,0.0
2022-04-18 00:00:00-04:00,42.54921733373471,43.82018072260643,42.53987358747302,43.5865478515625,25593100,0.0,0.0
2022-04-19 00:00:00-04:00,43.54915915757071,44.85750446374494,43.30618257697193,44.79208755493164,31483100,0.0,0.0
2022-04-20 00:00:00-04:00,45.193944769087516,45.5584114906197,44.838821794152764,44.96031188964844,22787100,0.0,0.0
2022-04-21 00:00:00-04:00,45.43692555724533,45.69859683035603,44.296799425313885,44.39025115966797,27316900,0.0,0.0
2022-04-22 00:00:00-04:00,44.34352667022677,44.53043370969722,43.45572090645861,43.49310302734375,28219900,0.0,0.0
2022-04-25 00:00:00-04:00,43.18469958652178,44.05381416323868,43.15666478241954,43.97905349731445,35999300,0.0,0.0
2022-04-26 00:00:00-04:00,43.633279105661636,43.773460271595646,42.53053153284317,42.539878845214844,35356600,0.0,0.0
2022-04-27 00:00:00-04:00,42.5024943031655,43.04452431126464,42.063263335564805,42.259517669677734,28320900,0.0,0.0
2022-04-28 00:00:00-04:00,42.79219918971315,44.17530541259565,42.55856630953121,43.77345657348633,41097000,0.0,0.0
2022-04-29 00:00:00-04:00,42.04457055460999,42.39034618511425,40.65211715697501,40.73622512817383,70765900,0.0,0.0
2022-05-02 00:00:00-04:00,40.85771961238838,42.044575082702075,40.66146528181873,42.016536712646484,45446500,0.0,0.0
2022-05-03 00:00:00-04:00,41.85766145065639,42.5118341309736,41.33432259341176,42.1099853515625,40158400,0.0,0.0
2022-05-04 00:00:00-04:00,42.10999663919088,43.586554764601345,41.502549652150755,43.49310302734375,44625600,0.0,0.0
2022-05-05 00:00:00-04:00,42.951485841414744,43.24348189495156,41.566867971157365,42.00956726074219,52996700,0.365,0.0
2022-05-06 00:00:00-04:00,41.90597188885661,42.52763819609094,41.29372318929365,41.72700500488281,40916600,0.0,0.0
2022-05-09 00:00:00-04:00,41.265460926024474,41.632808656456696,40.38005501869059,40.56843948364258,44925800,0.0,0.0
2022-05-10 00:00:00-04:00,41.774094678385566,42.14144600518928,40.97346518670391,41.45384216308594,42770000,0.0,0.0
2022-05-11 00:00:00-04:00,41.46326642823276,41.71758493799155,40.295285523392565,40.342384338378906,40351700,0.0,0.0
2022-05-12 00:00:00-04:00,40.24818356990879,40.41772921472429,39.57000099064679,40.3517951965332,42329600,0.0,0.0
2022-05-13 00:00:00-04:00,40.898104204542676,41.29371188804125,40.474243705762234,41.067649841308594,32034100,0.0,0.0
2022-05-16 00:00:00-04:00,40.89810302432782,41.07706985415749,40.304696905905644,40.57785415649414,25071900,0.0,0.0
2022-05-17 00:00:00-04:00,41.27487533366183,41.84002509158528,41.11475088639952,41.821189880371094,28596600,0.0,0.0
2022-05-18 00:00:00-04:00,41.425587402434175,41.425587402434175,39.76781193504717,39.8902587890625,35218400,0.0,0.0
2022-05-19 00:00:00-04:00,39.862003446612206,40.21993359775014,39.29685360219238,39.57000732421875,29181000,0.0,0.0
2022-05-20 00:00:00-04:00,39.796060979467676,39.833738585942484,37.968740183051246,39.23091125488281,44802300,0.0,0.0
2022-05-23 00:00:00-04:00,39.26858893423439,39.796064694722496,38.92950122370773,39.560585021972656,27199500,0.0,0.0
2022-05-24 00:00:00-04:00,39.278008232674544,39.45697148177608,38.71285488954137,39.24974822998047,29837500,0.0,0.0
2022-05-25 00:00:00-04:00,39.033113550461565,40.05038757322405,38.98601832936369,39.74897384643555,26283100,0.0,0.0
2022-05-26 00:00:00-04:00,39.72070939962125,41.143008632495935,39.63594016700088,40.95462417602539,28826700,0.0,0.0
2022-05-27 00:00:00-04:00,41.05823752065216,41.96247863769531,41.02055990915834,41.96247863769531,30553300,0.0,0.0
2022-05-31 00:00:00-04:00,41.67990620155412,42.150865593662076,41.11475636827857,41.840030670166016,41111500,0.0,0.0
2022-06-01 00:00:00-04:00,42.169708613325575,42.32041549013051,41.00172762323577,41.54804229736328,29885500,0.0,0.0
2022-06-02 00:00:00-04:00,41.623385269464194,42.27331145973486,41.38790559893357,42.235633850097656,28727600,0.0,0.0
2022-06-03 00:00:00-04:00,41.54803662295604,41.679904673008615,40.822758754532025,40.86985397338867,33174700,0.0,0.0
2022-06-06 00:00:00-04:00,41.26546067188778,41.482101547651176,40.57786043321227,40.822757720947266,25437100,0.0,0.0
2022-06-07 00:00:00-04:00,40.55902107667352,41.058236844777205,40.18225215420694,41.0017204284668,25168700,0.0,0.0
2022-06-08 00:00:00-04:00,39.796061683553695,39.805479288771856,38.646919817681216,38.835304260253906,59649900,0.0,0.0
2022-06-09 00:00:00-04:00,38.628083537210124,38.94833603256156,37.68616485595703,37.68616485595703,39047200,0.0,0.0
2022-06-10 00:00:00-04:00,37.53546082265525,37.75210529753188,36.90437698364258,36.90437698364258,43066200,0.0,0.0
2022-06-13 00:00:00-04:00,36.31097041420472,36.55587132375437,35.482080832331995,35.57627487182617,50335900,0.0,0.0
2022-06-14 00:00:00-04:00,35.80232611046422,35.98129295259526,35.35962679070757,35.72697448730469,31351700,0.0,0.0
2022-06-15 00:00:00-04:00,36.32038617031228,36.89495355599094,35.71755518731926,36.40515899658203,37652300,0.0,0.0
2022-06-16 00:00:00-04:00,35.51033689316397,35.59510972271717,34.78505903879433,35.17124557495117,45576500,0.0,0.0
2022-06-17 00:00:00-04:00,35.303115647055115,35.905943094834086,34.474226109791516,34.82273864746094,71393200,0.0,0.0
2022-06-21 00:00:00-04:00,35.19008436781679,35.82116819293149,35.16182795568771,35.53859329223633,34004900,0.0,0.0
2022-06-22 00:00:00-04:00,35.16183193128943,35.57627492629269,35.05822028425481,35.208927154541016,32571000,0.0,0.0
2022-06-23 00:00:00-04:00,35.425563263144525,35.43498086926662,34.76621944742186,35.237178802490234,30163000,0.0,0.0
2022-06-24 00:00:00-04:00,35.651624754036106,36.39574146027542,35.548016705399206,36.36748504638672,38159900,0.0,0.0
2022-06-27 00:00:00-04:00,36.61238050748308,36.79134736812814,36.23561516644029,36.386322021484375,29585300,0.0,0.0
2022-06-28 00:00:00-04:00,36.3392235304761,36.75366644624107,35.548011714463314,35.58568572998047,37824200,0.0,0.0
2022-06-29 00:00:00-04:00,35.359632838701096,35.416145667453215,34.86983462841723,35.12415313720703,25437200,0.0,0.0
2022-06-30 00:00:00-04:00,35.04879434183594,35.7929109851963,34.59667379214647,35.237178802490234,35141000,0.0,0.0
2022-07-01 00:00:00-04:00,34.93576333773339,35.0393749655155,33.79604261839925,34.22932434082031,40596300,0.0,0.0
2022-07-05 00:00:00-04:00,33.843137693600006,34.606093100654206,33.475789991618754,34.55899429321289,33215000,0.0,0.0
2022-07-06 00:00:00-04:00,34.68144756902255,35.24659737331897,34.342356249190765,34.841575622558594,26258300,0.0,0.0
2022-07-07 00:00:00-04:00,35.68930210362803,36.10374866764597,35.538595242112876,35.924781799316406,33165400,0.0,0.0
2022-07-08 00:00:00-04:00,35.47265814587047,35.92477869130094,35.21833966535307,35.78349304199219,22566300,0.0,0.0
2022-07-11 00:00:00-04:00,35.472657031796935,35.48207463753453,34.87924726255996,35.03937530517578,25904300,0.0,0.0
2022-07-12 00:00:00-04:00,35.46324417810332,35.51033939937119,34.84157791521622,35.048797607421875,30546300,0.0,0.0
2022-07-13 00:00:00-04:00,34.5495817943393,35.25602089276259,34.49306537293682,35.048797607421875,27059200,0.0,0.0
2022-07-14 00:00:00-04:00,34.84157723914367,35.943620486594924,34.182233374782285,35.51975631713867,36690700,0.0,0.0
2022-07-15 00:00:00-04:00,36.04723338680315,36.42399875593516,35.538596365683055,36.37690353393555,32892300,0.0,0.0
2022-07-18 00:00:00-04:00,36.82901761888897,37.055079674893065,36.292124278155555,36.461669921875,30814400,0.0,0.0
2022-07-19 00:00:00-04:00,37.03624388048239,38.3643491354545,36.96089225111403,37.88397216796875,53095300,0.0,0.0
2022-07-20 00:00:00-04:00,37.87454615129763,38.3078278461769,37.26230121543804,38.204219818115234,36387900,0.0,0.0
2022-07-21 00:00:00-04:00,38.15712966245214,38.28900131495078,37.50720697281693,38.25132369995117,29661200,0.0,0.0
2022-07-22 00:00:00-04:00,38.025261047562466,38.15712910499946,36.67831687265301,36.9232177734375,41350000,0.0,0.0
2022-07-25 00:00:00-04:00,36.99856925829633,37.12101970818914,36.31096896651142,36.88554000854492,32263400,0.0,0.0
2022-07-26 00:00:00-04:00,36.82902305376882,37.27172603249225,36.621803364414575,36.6971549987793,35925500,0.0,0.0
2022-07-27 00:00:00-04:00,36.98914105622059,38.072345208432885,36.95146345271737,37.84628677368164,42571600,0.0,0.0
2022-07-28 00:00:00-04:00,37.761525123508754,37.78978153792088,36.77251109459842,37.403594970703125,56662300,0.0,0.0
2022-07-29 00:00:00-04:00,33.53230387845462,34.49306137204714,33.19321616877606,34.20106887817383,125292400,0.0,0.0
2022-08-01 00:00:00-04:00,33.956166700554874,35.50091271559671,33.956166700554874,34.81331253051758,52513400,0.0,0.0
2022-08-02 00:00:00-04:00,34.464809819349,34.53074384939733,33.90907757098796,33.918495178222656,53929400,0.0,0.0
2022-08-03 00:00:00-04:00,33.99384703502396,34.46480639899319,33.21205276613035,34.39887237548828,59513900,0.0,0.0
2022-08-04 00:00:00-04:00,34.26091578105994,34.34654443398472,33.64248984718926,33.92791748046875,54046300,0.365,0.0
2022-08-05 00:00:00-04:00,33.632973965804965,33.956459588830654,33.47123296899678,33.6710319519043,40205100,0.0,0.0
2022-08-08 00:00:00-04:00,33.64248529199656,34.21334048126174,33.490256999565254,33.66151428222656,41534600,0.0,0.0
2022-08-09 00:00:00-04:00,33.50928861420651,33.58540095167881,32.72911810071788,32.84328842163086,48202300,0.0,0.0
2022-08-10 00:00:00-04:00,33.290460474728704,33.68054572937782,32.909887901184135,33.652000427246094,42243300,0.0,0.0
2022-08-11 00:00:00-04:00,33.90887970650632,34.527309109635745,33.76616774152837,33.86130905151367,35569700,0.0,0.0
2022-08-12 00:00:00-04:00,34.061108525947496,34.38459406625294,33.937421917457904,34.35605239868164,37675200,0.0,0.0
2022-08-15 00:00:00-04:00,34.346542053577856,34.660514969011714,33.97548579308986,34.574886322021484,25400600,0.0,0.0
2022-08-16 00:00:00-04:00,34.40362538371896,34.803226903813886,33.965969514088656,34.432167053222656,25000200,0.0,0.0
2022-08-17 00:00:00-04:00,34.070629040737956,34.32751496881716,33.55685718457954,34.042083740234375,29176100,0.0,0.0
2022-08-18 00:00:00-04:00,33.946938105414254,34.56536751625244,33.84228048548086,34.441680908203125,24598200,0.0,0.0
2022-08-19 00:00:00-04:00,34.061112188830435,34.279940132362384,33.48074068974586,33.66151428222656,31425500,0.0,0.0
2022-08-22 00:00:00-04:00,33.29996788394663,33.3570548497633,32.09165432805726,32.196311950683594,51006100,0.0,0.0
2022-08-23 00:00:00-04:00,32.32951365519827,32.71959887721433,32.2629140048108,32.30097198486328,30687100,0.0,0.0
2022-08-24 00:00:00-04:00,32.31999727911694,32.33902626696723,31.967966447999135,32.21533966064453,25105700,0.0,0.0
2022-08-25 00:00:00-04:00,32.22485579212015,33.23337047977773,32.17728513210235,33.1953125,29799100,0.0,0.0
2022-08-26 00:00:00-04:00,33.25240198400004,33.328514319901906,31.730115342463677,31.73963165283203,44851500,0.0,0.0
2022-08-29 00:00:00-04:00,31.61594560537897,31.787202901069143,31.2163476683746,31.340030670166016,32976800,0.0,0.0
2022-08-30 00:00:00-04:00,31.435172183019567,31.46371385270319,30.588402107924534,30.693056106567383,40182500,0.0,0.0
2022-08-31 00:00:00-04:00,30.816742043092876,30.816742043092876,30.226857896414188,30.369571685791016,44074500,0.0,0.0
2022-09-01 00:00:00-04:00,30.036574406998323,30.2839458449501,29.617945680102665,30.21734619140625,36440700,0.0,0.0
2022-09-02 00:00:00-04:00,30.64548843444026,30.807233047033623,29.551346832111893,29.703575134277344,34893300,0.0,0.0
2022-09-06 00:00:00-04:00,29.865316797451694,29.865316797451694,28.85680388024729,28.885347366333008,46989600,0.0,0.0
2022-09-07 00:00:00-04:00,28.942432654658464,29.2944617258229,28.59040358349403,29.1612606048584,37329500,0.0,0.0
2022-09-08 00:00:00-04:00,28.894861227070713,29.35154610618533,28.45720352355757,29.25640296936035,37359500,0.0,0.0
2022-09-09 00:00:00-04:00,29.675034959224046,29.969977082714426,29.57037731569005,29.93191909790039,34069500,0.0,0.0
2022-09-12 00:00:00-04:00,30.19831684196443,30.312488971473055,29.589403657130262,30.02705955505371,38305500,0.0,0.0
2022-09-13 00:00:00-04:00,29.33251887651941,29.427662019055212,27.829263031508173,27.867321014404297,71417900,0.0,0.0
2022-09-14 00:00:00-04:00,28.114688218111237,28.32400347656698,27.600918196283516,27.76266098022461,40767200,0.0,0.0
2022-09-15 00:00:00-04:00,27.73412058280243,27.98149203370225,27.315491833994688,27.439178466796875,39919100,0.0,0.0
2022-09-16 00:00:00-04:00,27.305975997797965,27.895860161653708,27.039575585753997,27.819746017456055,72748000,0.0,0.0
2022-09-19 00:00:00-04:00,27.610434817975406,28.067119720267634,27.496262685050105,28.010034561157227,33151900,0.0,0.0
2022-09-20 00:00:00-04:00,27.65800426660365,27.753147404078266,27.3154896975768,27.553346633911133,31129000,0.0,0.0
2022-09-21 00:00:00-04:00,27.734121810144906,28.152750577478592,27.07763607734736,27.08715057373047,39977300,0.0,0.0
2022-09-22 00:00:00-04:00,27.02055032333767,27.115693470385203,26.678037534552978,26.706579208374023,36092700,0.0,0.0
2022-09-23 00:00:00-04:00,26.54483607290654,26.54483607290654,25.869323185203022,26.18329429626465,43491100,0.0,0.0
2022-09-26 00:00:00-04:00,26.22135003194812,26.354551159837232,25.555351651320706,25.66000747680664,44786400,0.0,0.0
2022-09-27 00:00:00-04:00,26.069119271869596,26.25940554253098,25.3270068086398,25.583890914916992,44121400,0.0,0.0
2022-09-28 00:00:00-04:00,25.555350757059607,25.954950497334636,25.30797931644131,25.81223487854004,40433400,0.0,0.0
2022-09-29 00:00:00-04:00,25.479235883108505,25.479235883108505,24.917893363563564,25.098663330078125,41831300,0.0,0.0
2022-09-30 00:00:00-04:00,25.022548923283036,25.27943484950694,24.48974989514429,24.518293380737305,43821000,0.0,0.0
2022-10-03 00:00:00-04:00,25.051094256871966,25.92640791788033,24.80372280759737,25.66000747680664,44096200,0.0,0.0
2022-10-04 00:00:00-04:00,26.09766347986094,26.449690731221,25.774177899597717,26.354549407958984,42427500,0.0,0.0
2022-10-05 00:00:00-04:00,26.040578349721315,26.487748739507303,25.58389164995404,26.297462463378906,30120000,0.0,0.0
2022-10-06 00:00:00-04:00,26.107179414610027,26.411636021126025,25.688550673298273,25.85980796813965,33985100,0.0,0.0
2022-10-07 00:00:00-04:00,24.898865431494915,25.003523069498016,24.404122543285993,24.470722198486328,57215500,0.0,0.0
2022-10-10 00:00:00-04:00,24.680035134062692,24.727605793350477,23.871321223240034,23.97597885131836,43409300,0.0,0.0
2022-10-11 00:00:00-04:00,23.795206059065187,24.242376407187542,23.49074949739003,23.823749542236328,48134900,0.0,0.0
2022-10-12 00:00:00-04:00,23.833266152704105,24.2804383892821,23.462209883802835,24.099666595458984,39634100,0.0,0.0
2022-10-13 00:00:00-04:00,23.528809073549557,25.536322313541532,23.395609762169638,25.136722564697266,62447000,0.0,0.0
2022-10-14 00:00:00-04:00,25.174775665859332,25.33651844484493,24.508777375398378,24.651491165161133,48185400,0.0,0.0
2022-10-17 00:00:00-04:00,25.03206492592475,25.450693666310293,24.89886561454483,25.136722564697266,39416500,0.0,0.0
2022-10-18 00:00:00-04:00,25.441178811192287,25.650492271076327,24.299466555409587,24.61343765258789,51126900,0.0,0.0
2022-10-19 00:00:00-04:00,24.489750148446408,24.974978520320015,24.442179486670426,24.73712158203125,33882300,0.0,0.0
2022-10-20 00:00:00-04:00,24.879835890300885,25.64097919719597,24.68955142460546,24.813236236572266,33247700,0.0,0.0
2022-10-21 00:00:00-04:00,24.59440934192096,25.736121629298474,24.53732418122822,25.66000747680664,53058700,0.0,0.0
2022-10-24 00:00:00-04:00,25.450693722619583,26.145235583072267,25.231865763524276,25.85980796813965,43831600,0.0,0.0
2022-10-25 00:00:00-04:00,25.859806316962064,26.221348060438835,25.688549033055654,26.07863426208496,32205300,0.0,0.0
2022-10-26 00:00:00-04:00,25.869320450334584,26.449690130817128,25.679034178721185,25.888347625732422,37111100,0.0,0.0
2022-10-27 00:00:00-04:00,26.116692131689884,26.24989143429279,24.860805993288405,24.994007110595703,56305100,0.0,0.0
2022-10-28 00:00:00-04:00,26.811234632968954,27.800718562151634,26.506778039374286,27.658004760742188,91695700,0.0,0.0
2022-10-31 00:00:00-04:00,27.667519016328484,27.7626621546783,26.68754777632292,27.049091339111328,59507700,0.0,0.0
2022-11-01 00:00:00-04:00,27.40111939327695,27.4486918711954,26.535320256910445,26.925405502319336,44418700,0.0,0.0
2022-11-02 00:00:00-04:00,26.896862040830722,27.44869004504039,26.078633622114737,26.08814811706543,51956100,0.0,0.0
2022-11-03 00:00:00-04:00,26.116695437560924,26.525807892299095,25.85029498392955,26.059608459472656,39678200,0.0,0.0
2022-11-04 00:00:00-04:00,26.585138541087908,27.231204737967765,26.4308542408671,27.19263458251953,43051900,0.365,0.0
2022-11-07 00:00:00-05:00,27.34691510267263,27.45298439490414,26.893703424107663,27.39512825012207,34389800,0.0,0.0
2022-11-08 00:00:00-05:00,27.732627744845203,27.915841028586772,26.93227730224422,27.462629318237305,36258000,0.0,0.0
2022-11-09 00:00:00-05:00,27.211917689778566,27.289059836909928,26.536924362182617,26.536924362182617,30544800,0.0,0.0
2022-11-10 00:00:00-05:00,27.84833971348892,28.7644042821594,27.626556279545973,28.6969051361084,62943900,0.0,0.0
2022-11-11 00:00:00-05:00,27.89655519770834,29.535826245436116,27.83869904852623,29.342971801757812,49826500,0.0,0.0
2022-11-14 00:00:00-05:00,29.256186088425583,29.882966236793685,29.101901800803088,29.26582908630371,39395300,0.0,0.0
2022-11-15 00:00:00-05:00,29.989041876371164,30.220468342548013,29.092263170427096,29.612972259521484,40933200,0.0,0.0
2022-11-16 00:00:00-05:00,29.03440541472817,29.15011772183715,28.388339209192143,28.47512435913086,35582800,0.0,0.0
2022-11-17 00:00:00-05:00,28.03155433719462,28.88011980044275,27.96405518791181,28.822261810302734,31983300,0.0,0.0
2022-11-18 00:00:00-05:00,29.1790462667312,29.1790462667312,28.55226606848289,28.802978515625,27122200,0.0,0.0
2022-11-21 00:00:00-05:00,28.600477817022007,28.65833396683814,27.87726950707193,27.906198501586914,36086800,0.0,0.0
2022-11-22 00:00:00-05:00,28.099051611401094,28.79333273304023,28.021909468909385,28.7547607421875,25584100,0.0,0.0
2022-11-23 00:00:00-05:00,28.667976923046872,29.005474501705663,28.436550484907258,28.61012077331543,23143900,0.0,0.0
2022-11-25 00:00:00-05:00,28.619762833921246,28.619762833921246,28.291908264160156,28.291908264160156,11314900,0.0,0.0
2022-11-28 00:00:00-05:00,28.060482686063413,28.147267830060994,27.520487665022543,27.703699111938477,28267900,0.0,0.0
2022-11-29 00:00:00-05:00,27.819413039092478,28.13762461826266,27.713341899631146,27.867626190185547,24361500,0.0,0.0
2022-11-30 00:00:00-05:00,27.74227206955256,29.005475441707357,27.21191818898294,28.995832443237305,72072500,0.0,0.0
2022-12-01 00:00:00-05:00,29.159759948266366,29.39118639556841,28.46548060636023,28.764406204223633,38896300,0.0,0.0
2022-12-02 00:00:00-05:00,28.127982886029038,28.378695329266066,27.684414151313096,28.35940933227539,31546000,0.0,0.0
2022-12-05 00:00:00-05:00,28.369050616084017,28.687262190341098,27.857982762004674,28.127981185913086,34040400,0.0,0.0
2022-12-06 00:00:00-05:00,28.147268371480845,28.262980672894155,27.32763190641211,27.578344345092773,27701200,0.0,0.0
2022-12-07 00:00:00-05:00,27.26977429221749,27.530127876031965,27.14441715999777,27.3179874420166,28239900,0.0,0.0
2022-12-08 00:00:00-05:00,27.308348576952962,27.5783470386443,27.067279113047356,27.424062728881836,28486100,0.0,0.0
2022-12-09 00:00:00-05:00,27.37584628944802,27.751915883981724,27.18299183201833,27.231204986572266,25641300,0.0,0.0
2022-12-12 00:00:00-05:00,27.125135592763037,27.684416682122666,26.86478196644399,27.665132522583008,35117900,0.0,0.0
2022-12-13 00:00:00-05:00,28.725834843640268,29.01511743082299,27.35656037516198,27.703699111938477,58546800,0.0,0.0
2022-12-14 00:00:00-05:00,27.491557708537194,28.079767699666352,27.009418853962806,27.25048828125,37141100,0.0,0.0
2022-12-15 00:00:00-05:00,26.94192178061076,26.999777932629357,26.151214292572266,26.18014144897461,45682700,0.0,0.0
2022-12-16 00:00:00-05:00,26.035499002999398,26.17049729817023,25.505146981216424,25.958356857299805,81104200,0.0,0.0
2022-12-19 00:00:00-05:00,25.939071393459425,26.00657054243023,25.553360657044916,25.8330020904541,37662500,0.0,0.0
2022-12-20 00:00:00-05:00,25.59193252269879,25.910144108555976,25.476218382744424,25.49550437927246,31863300,0.0,0.0
2022-12-21 00:00:00-05:00,25.640144160134653,26.006568876451833,25.630501162440286,25.871570587158203,28100900,0.0,0.0
2022-12-22 00:00:00-05:00,25.50514828566791,25.50514828566791,24.444442348638713,25.042293548583984,47478300,0.0,0.0
2022-12-23 00:00:00-05:00,24.99407748194892,25.254432896364175,24.76265105998438,25.158004760742188,23600900,0.0,0.0
2022-12-27 00:00:00-05:00,24.9265796491694,25.16764908129055,24.733723367786958,25.013364791870117,29548100,0.0,0.0
2022-12-28 00:00:00-05:00,24.916937623444614,25.186936060072682,24.589083035829773,24.627655029296875,26176900,0.0,0.0
2022-12-29 00:00:00-05:00,24.849438887681156,25.350863775815828,24.830152890626614,25.273719787597656,30944800,0.0,0.0
2022-12-30 00:00:00-05:00,24.974792963033074,25.514787979531604,24.878364821712026,25.48586082458496,31030100,0.0,0.0
2023-01-03 00:00:00-05:00,26.08371317186176,26.102999168842448,25.428005827443503,25.775144577026367,31308000,0.0,0.0
2023-01-04 00:00:00-05:00,26.43085245698635,26.922634320453884,26.189783024259942,26.691207885742188,37665200,0.0,0.0
2023-01-05 00:00:00-05:00,26.45978436310016,26.78763897482769,26.40192636864423,26.575496673583984,33552600,0.0,0.0
2023-01-06 00:00:00-05:00,26.932277653308667,27.800127254070663,26.40192379118857,27.703699111938477,31788600,0.0,0.0
2023-01-09 00:00:00-05:00,27.80977151713731,28.80297829961147,27.80977151713731,28.262981414794922,37493200,0.0,0.0
2023-01-10 00:00:00-05:00,28.195481799132445,28.455837238674977,27.88691320673265,28.388338088989258,23008100,0.0,0.0
2023-01-11 00:00:00-05:00,28.61976411403725,28.812618561855047,27.964054945186252,28.78369140625,30375400,0.0,0.0
2023-01-12 00:00:00-05:00,28.90904794592512,29.294758697326316,28.41726604818337,29.207975387573242,28963900,0.0,0.0
2023-01-13 00:00:00-05:00,28.89940461379544,29.09226090687782,28.745120315015104,29.034404754638672,31361900,0.0,0.0
2023-01-17 00:00:00-05:00,29.101904575659702,29.179046726826428,28.465481368730735,28.54262351989746,34759100,0.0,0.0
2023-01-18 00:00:00-05:00,28.735476591725053,28.754762588389678,27.6072715358387,27.780841827392578,44199600,0.0,0.0
2023-01-19 00:00:00-05:00,27.58798891962849,27.732630224266018,27.231205318256215,27.404775619506836,36886600,0.0,0.0
2023-01-20 00:00:00-05:00,27.404773681659314,28.185838142842474,27.240846390871358,28.17619514465332,35158500,0.0,0.0
2023-01-23 00:00:00-05:00,28.282266667526926,29.4008287235835,28.13762537116362,29.188688278198242,38795800,0.0,0.0
2023-01-24 00:00:00-05:00,28.87047656357061,29.111546002854098,28.66797727818127,28.8511905670166,24855100,0.0,0.0
2023-01-25 00:00:00-05:00,28.465481138851015,28.822262895410606,28.127983540516905,28.63905143737793,28268000,0.0,0.0
2023-01-26 00:00:00-05:00,28.986190556093007,29.034405550291837,28.28226819371583,29.015119552612305,56088100,0.0,0.0
2023-01-27 00:00:00-05:00,26.102997505095207,27.231202507561513,25.82335792355445,27.15406036376953,148548200,0.0,0.0
2023-01-30 00:00:00-05:00,26.729779500775336,27.49155983268477,26.681566347278196,26.95156478881836,55145800,0.0,0.0
2023-01-31 00:00:00-05:00,26.787635422269894,27.279417274641418,26.5465659949827,27.25048828125,52621600,0.0,0.0
2023-02-01 00:00:00-05:00,26.893707084648902,28.378695770150827,26.691209630742602,28.03155517578125,63330600,0.0,0.0
2023-02-02 00:00:00-05:00,28.205123969761672,29.217614863759888,27.77119824992596,29.11154556274414,62230700,0.0,0.0
2023-02-03 00:00:00-05:00,28.56190702557509,30.05653676373486,28.47512188318245,29.236900329589844,57603100,0.0,0.0
2023-02-06 00:00:00-05:00,28.841612080471105,28.93921520347328,27.924147564474964,28.002229690551758,48726400,0.365,0.0
2023-02-07 00:00:00-05:00,27.963185138968626,28.56832295693167,27.748459777304095,28.353595733642578,50780800,0.0,0.0
2023-02-08 00:00:00-05:00,28.255995442166576,28.421920183249103,27.533733490425252,27.56301498413086,36479100,0.0,0.0
2023-02-09 00:00:00-05:00,27.99246768618719,28.129110934064443,26.909076616232884,27.06524085998535,43906400,0.0,0.0
2023-02-10 00:00:00-05:00,26.967637348743658,27.319007822872113,26.68459035918154,27.133562088012695,31232500,0.0,0.0
2023-02-13 00:00:00-05:00,27.201882582603233,27.86557960510254,27.05547699339258,27.86557960510254,32347500,0.0,0.0
2023-02-14 00:00:00-05:00,27.699658993528093,28.03150848482236,27.319008873006595,27.953426361083984,27928900,0.0,0.0
2023-02-15 00:00:00-05:00,27.68014060634685,28.18767349354048,27.4849343609168,28.15839385986328,23359400,0.0,0.0
2023-02-16 00:00:00-05:00,27.816782868384426,28.13887185871126,27.45565188571511,27.523975372314453,28972500,0.0,0.0
2023-02-17 00:00:00-05:00,27.32876831565852,27.397089938587733,26.72363048383983,26.948118209838867,32086200,0.0,0.0
2023-02-21 00:00:00-05:00,26.460104035351655,26.616268274114095,25.415754990518632,25.435274124145508,63668400,0.0,0.0
2023-02-22 00:00:00-05:00,25.28886953467257,26.255136427710145,24.693492230847845,24.859416961669922,89195300,0.0,0.0
2023-02-23 00:00:00-05:00,25.161986051002106,25.454793514818004,24.71301249664335,24.996061325073242,56473200,0.0,0.0
2023-02-24 00:00:00-05:00,24.615408925736485,24.742293522864312,24.32260146742129,24.53732681274414,44089900,0.0,0.0
2023-02-27 00:00:00-05:00,24.9375008974701,24.966782391500903,24.283562423779266,24.303083419799805,37657000,0.0,0.0
2023-02-28 00:00:00-05:00,24.342121717842556,24.51780693211728,24.13715501398059,24.332361221313477,50255300,0.0,0.0
2023-03-01 00:00:00-05:00,24.42996702389222,25.298630833078455,24.371404038247963,24.722774505615234,47823400,0.0,0.0
2023-03-02 00:00:00-05:00,24.60565156377673,25.669521652354405,24.517810804390407,25.57192039489746,48309300,0.0,0.0
2023-03-03 00:00:00-05:00,25.571919803997503,25.845206297161468,25.38647406819009,25.76712417602539,36744900,0.0,0.0
2023-03-06 00:00:00-05:00,25.8354456196771,25.903769104117636,25.30839177107945,25.366952896118164,37879800,0.0,0.0
2023-03-07 00:00:00-05:00,25.220552027877527,25.366955787976796,24.888702512119284,24.917984008789062,43164600,0.0,0.0
2023-03-08 00:00:00-05:00,24.947261385027765,25.3864744871826,24.839899630209082,25.357192993164062,36071900,0.0,0.0
2023-03-09 00:00:00-05:00,25.35719211065509,26.33321953780848,25.347431612988608,25.80616569519043,54886100,0.0,0.0
2023-03-10 00:00:00-05:00,25.913526404132295,26.860274161836333,25.689040551704853,26.56746482849121,65187000,0.0,0.0
2023-03-13 00:00:00-04:00,26.09897309226763,26.655308426042993,25.97209034627264,26.303939819335938,50977000,0.0,0.0
2023-03-14 00:00:00-04:00,26.694349744796313,27.42637029431564,26.5967466325355,27.33852767944336,47689800,0.0,0.0
2023-03-15 00:00:00-04:00,27.065238246378897,27.816779760379003,26.996916629037877,27.72893714904785,49322800,0.0,0.0
2023-03-16 00:00:00-04:00,27.70941861346735,29.544351255599253,27.70941861346735,29.45650863647461,75779500,0.0,0.0
2023-03-17 00:00:00-04:00,29.202740580670582,30.25685012340821,28.73424786425932,29.09537696838379,80628500,0.0,0.0
2023-03-20 00:00:00-04:00,29.085617362551254,29.18322048020236,27.943665167769986,28.460960388183594,38780100,0.0,0.0
2023-03-21 00:00:00-04:00,28.304794254309765,28.470718984748284,27.309245871678645,27.777738571166992,55650800,0.0,0.0
2023-03-22 00:00:00-04:00,27.797258365645888,28.421917132953546,27.426368793302572,27.45564842224121,37415500,0.0,0.0
2023-03-23 00:00:00-04:00,27.69965663211691,28.46095866988316,27.543492397953248,28.334075927734375,43785500,0.0,0.0
2023-03-24 00:00:00-04:00,28.343835708876163,29.095375368689577,28.23647210249233,28.656164169311523,55912100,0.0,0.0
2023-03-27 00:00:00-04:00,28.665925923718298,29.01729452630721,28.382877080518664,28.480480194091797,34758200,0.0,0.0
2023-03-28 00:00:00-04:00,28.38287622281206,28.626883068558943,27.943663155817884,28.58784294128418,37407900,0.0,0.0
2023-03-29 00:00:00-04:00,29.056337210728525,31.125514332127047,29.046576712975515,30.764385223388672,85556200,0.0,0.0
2023-03-30 00:00:00-04:00,31.086474310596248,31.798975756041244,31.047432319448752,31.320720672607422,70077600,0.0,0.0
2023-03-31 00:00:00-04:00,31.037671302059724,32.11130370114696,30.96934968031998,31.88681411743164,59765000,0.0,0.0
2023-04-03 00:00:00-04:00,32.15034405617549,32.755483778380075,31.759935295631553,32.10154342651367,57038300,0.0,0.0
2023-04-04 00:00:00-04:00,32.062500248058726,33.02876906193482,32.052741611786914,32.3065071105957,55714100,0.0,0.0
2023-04-05 00:00:00-04:00,32.01369684131975,32.19914442362998,31.56472514680358,32.0429801940918,39615700,0.0,0.0
2023-04-06 00:00:00-04:00,31.818491804169874,32.208904254125564,31.6818485636601,32.023460388183594,28551900,0.0,0.0
2023-04-10 00:00:00-04:00,31.81849201498187,31.974656251348996,31.428083285688604,31.74041175842285,30534400,0.0,0.0
2023-04-11 00:00:00-04:00,31.87705562159293,32.31626870845756,31.545206147434005,31.574485778808594,27059100,0.0,0.0
2023-04-12 00:00:00-04:00,31.98441808119869,32.101540325723725,31.19383455334442,31.252397537231445,37070800,0.0,0.0
2023-04-13 00:00:00-04:00,31.057190460861143,31.652567749315725,30.89126573432255,31.359760284423828,29722300,0.0,0.0
2023-04-14 00:00:00-04:00,31.232878600038376,31.467126827768343,30.9303106098554,31.12551498413086,24623600,0.0,0.0
2023-04-17 00:00:00-04:00,31.18407632087801,31.85753388966632,31.008391090194262,31.36952018737793,29601100,0.0,0.0
2023-04-18 00:00:00-04:00,31.65256855808052,31.681848188343167,31.018151126854903,31.066951751708984,26041400,0.0,0.0
2023-04-19 00:00:00-04:00,30.35445292927733,30.76438451737318,30.334931934219302,30.40325355529785,25746600,0.0,0.0
2023-04-20 00:00:00-04:00,30.022605619547434,30.500858863126293,29.97380312839162,30.120208740234375,30255100,0.0,0.0
2023-04-21 00:00:00-04:00,30.100685067139953,30.100685067139953,29.505307759354345,29.57362937927246,28655800,0.0,0.0
2023-04-24 00:00:00-04:00,29.407704912487166,29.64195312806772,28.900172076394732,28.948972702026367,38732500,0.0,0.0
2023-04-25 00:00:00-04:00,28.734248368404405,28.861131116549412,28.177913025202002,28.187671661376953,38289900,0.0,0.0
2023-04-26 00:00:00-04:00,28.5000013355668,29.095376794335365,28.148630869547965,28.353595733642578,41218800,0.0,0.0
2023-04-27 00:00:00-04:00,28.060787394508164,29.232021004320046,27.826541044870687,29.14417839050293,60186200,0.0,0.0
2023-04-28 00:00:00-04:00,31.213355899182034,31.789212215845687,30.071403763279058,30.315410614013672,80229700,0.0,0.0
2023-05-01 00:00:00-04:00,30.3642129110737,30.491095653546697,29.554110246170513,29.57362937927246,36918500,0.0,0.0
2023-05-02 00:00:00-04:00,29.573630708701103,29.846919062283263,29.036816360963385,29.056337356567383,33463400,0.0,0.0
2023-05-03 00:00:00-04:00,29.905478836745296,30.364212904596823,29.52482874778298,29.915239334106445,45554500,0.0,0.0
2023-05-04 00:00:00-04:00,29.83194046852692,31.0863703868526,29.773137664169386,30.61595916748047,46104000,0.125,0.0
2023-05-05 00:00:00-04:00,30.753161482191516,30.78256288390154,30.11614606579161,30.370952606201172,35010800,0.0,0.0
2023-05-08 00:00:00-04:00,30.08674451993011,30.223947313565983,29.78293566366801,30.155345916748047,30882800,0.0,0.0
2023-05-09 00:00:00-04:00,29.773137219066594,29.96914282549875,29.31252647397343,29.49873161315918,30706500,0.0,0.0
2023-05-10 00:00:00-04:00,29.684935780406107,29.792737178090977,28.90091524959575,29.371326446533203,40526500,0.0,0.0
2023-05-11 00:00:00-04:00,29.008718397672542,29.087120263507554,28.24429880384525,28.28350067138672,47144400,0.0,0.0
2023-05-12 00:00:00-04:00,28.45010405781083,28.51870545480219,28.146295200780703,28.371702194213867,24147300,0.0,0.0
2023-05-15 00:00:00-04:00,28.32270186303517,29.234124760049205,28.303100928438564,29.204723358154297,28717500,0.0,0.0
2023-05-16 00:00:00-04:00,29.028319875818404,29.30272547676297,28.626508202974787,28.636308670043945,22812000,0.0,0.0
2023-05-17 00:00:00-04:00,28.930316010753835,28.96951600834132,28.107095499689855,28.29330062866211,41667300,0.0,0.0
2023-05-18 00:00:00-04:00,28.420703266681524,29.165521921428446,28.29330093657583,29.087120056152344,36529200,0.0,0.0
2023-05-19 00:00:00-04:00,29.00872057033265,29.635935543989117,28.91071776338681,29.332128524780273,40668700,0.0,0.0
2023-05-22 00:00:00-04:00,29.25372581681525,29.841740772433006,29.224324414797557,29.67513656616211,28693400,0.0,0.0
2023-05-23 00:00:00-04:00,29.449727169117445,29.59673229804394,28.90091412733489,28.920515060424805,29400900,0.0,0.0
2023-05-24 00:00:00-04:00,28.72451088886938,28.900915556908675,28.244299219900157,28.420703887939453,28045800,0.0,0.0
2023-05-25 00:00:00-04:00,27.724885860098915,27.724885860098915,26.323450937587317,26.852663040161133,78009400,0.0,0.0
2023-05-26 00:00:00-04:00,26.89186654701214,28.5089062219591,26.55865814499301,28.420703887939453,71910600,0.0,0.0
2023-05-30 00:00:00-04:00,29.106722195996916,29.439930604540834,28.420704444465784,29.390928268432617,54874800,0.0,0.0
2023-05-31 00:00:00-04:00,29.106722003928486,31.644985050897073,29.07732060245757,30.81196403503418,136243800,0.0,0.0
2023-06-01 00:00:00-04:00,31.16477218253184,31.30197685645799,30.400354420184527,30.508155822753906,52667400,0.0,0.0
2023-06-02 00:00:00-04:00,30.772763113636607,30.958968256854796,30.21414955323008,30.684560775756836,36496200,0.0,0.0
2023-06-05 00:00:00-04:00,30.68455906496566,30.772761397927788,29.23412360841859,29.263525009155273,48244100,0.0,0.0
2023-06-06 00:00:00-04:00,29.17532511312701,30.821766306945452,29.106723708259256,30.341552734375,42295300,0.0,0.0
2023-06-07 00:00:00-04:00,30.410152935811148,30.74336132799938,30.312150137653216,30.65515899658203,39098000,0.0,0.0
2023-06-08 00:00:00-04:00,30.802164965368004,31.213775258395675,30.43955514110036,31.18437385559082,35199000,0.0,0.0
2023-06-09 00:00:00-04:00,31.292175114093027,31.35097604666667,30.067144781529084,30.713960647583008,40218000,0.0,0.0
2023-06-12 00:00:00-04:00,30.772760403448927,32.63480606389449,30.733560406314766,32.409400939941406,59881600,0.0,0.0
2023-06-13 00:00:00-04:00,33.09542124932797,33.27182592341884,32.4094034876964,33.23262405395508,51990000,0.0,0.0
2023-06-14 00:00:00-04:00,33.193422109911886,34.88886370620157,33.12482070775246,34.869266510009766,74404300,0.0,0.0
2023-06-15 00:00:00-04:00,34.575259049742996,35.692486248650205,34.516459979377146,35.10447311401367,67676300,0.0,0.0
2023-06-16 00:00:00-04:00,35.63367979668896,36.0648890901967,34.88885932604447,35.64347839355469,110188500,0.0,0.0
2023-06-20 00:00:00-04:00,36.0354973521753,36.36870579508499,34.0264480957329,34.30085372924805,65970200,0.0,0.0
2023-06-21 00:00:00-04:00,34.22244345650248,34.349847649977356,32.17419645626733,32.2427978515625,70973500,0.0,0.0
2023-06-22 00:00:00-04:00,32.03699391346735,32.57601028427737,31.488182682818767,32.05659484863281,45740300,0.0,0.0
2023-06-23 00:00:00-04:00,31.56657743722264,32.78180904598346,31.39017278855582,32.340797424316406,46199200,0.0,0.0
2023-06-26 00:00:00-04:00,32.527006085935945,33.31102853878273,32.43880374691549,32.67401123046875,38952400,0.0,0.0
2023-06-27 00:00:00-04:00,32.55641208286126,33.546235091607585,32.3506041155903,33.41883087158203,33038900,0.0,0.0
2023-06-28 00:00:00-04:00,32.93861974932619,33.13462537147452,32.370203818945654,32.899417877197266,33906900,0.0,0.0
2023-06-29 00:00:00-04:00,32.67400853399177,32.67400853399177,31.840989419708507,32.25259780883789,38313000,0.0,0.0
2023-06-30 00:00:00-04:00,32.69361080430017,32.88961640935033,32.49760519925002,32.772010803222656,33798400,0.0,0.0
2023-07-03 00:00:00-04:00,32.87001385382122,33.21302084186965,32.4780026630552,32.94841384887695,15753000,0.0,0.0
2023-07-05 00:00:00-04:00,32.64461049777656,32.66421143222731,31.850789475753086,31.86058807373047,37664700,0.0,0.0
2023-07-06 00:00:00-04:00,31.262775625678355,31.399980302407595,30.753162527536734,31.331377029418945,41693600,0.0,0.0
2023-07-07 00:00:00-04:00,31.360776995734906,31.762586801452922,31.18437232605422,31.213773727416992,28345700,0.0,0.0
2023-07-10 00:00:00-04:00,31.23337653692382,32.1742008752923,31.135373729078424,32.08599853515625,36305700,0.0,0.0
2023-07-11 00:00:00-04:00,32.16439638362285,32.69361038898678,31.850788914924802,32.63480758666992,28148800,0.0,0.0
2023-07-12 00:00:00-04:00,33.01701582353505,33.399228423535064,32.399603234257164,33.30122375488281,37762200,0.0,0.0
2023-07-13 00:00:00-04:00,33.46782974323811,33.61483113812526,32.948414346848494,33.19342041015625,32745800,0.0,0.0
2023-07-14 00:00:00-04:00,33.10521698018942,33.19341930959561,32.34079928433291,32.4878044128418,30426200,0.0,0.0
2023-07-17 00:00:00-04:00,32.49760872888251,33.908842509227924,32.409406383954895,33.68343734741211,34111200,0.0,0.0
2023-07-18 00:00:00-04:00,33.59523025960864,34.00684239065943,33.154222335727155,33.81083679199219,29679500,0.0,0.0
2023-07-19 00:00:00-04:00,33.712837896688654,34.144047248986105,33.644236493788966,33.771636962890625,26486700,0.0,0.0
2023-07-20 00:00:00-04:00,33.02681707579284,33.52662778478136,32.56620449448299,32.703407287597656,37878000,0.0,0.0
2023-07-21 00:00:00-04:00,33.05621945219162,33.56583254084737,32.752410570926834,33.34042739868164,79724100,0.0,0.0
2023-07-24 00:00:00-04:00,33.16402566116356,33.77163973900653,32.88962002700798,32.958221435546875,25225800,0.0,0.0
2023-07-25 00:00:00-04:00,33.026823350844346,33.654038374821795,32.73281677566697,33.41883087158203,31771100,0.0,0.0
2023-07-26 00:00:00-04:00,33.04641865830602,33.840235902211106,33.02681772483363,33.67363357543945,32643200,0.0,0.0
2023-07-27 00:00:00-04:00,34.12444357049192,34.330247762644376,33.42862726074078,33.85983657836914,58890800,0.0,0.0
2023-07-28 00:00:00-04:00,36.01589557238271,36.25110306595705,34.80066370949184,36.09429931640625,90863000,0.0,0.0
2023-07-31 00:00:00-04:00,36.13349081102357,36.44709825250526,34.957461036219414,35.05546569824219,55630700,0.0,0.0
2023-08-01 00:00:00-04:00,35.10447031949267,35.300475928267105,34.57525629735052,35.084869384765625,24702200,0.0,0.0
2023-08-02 00:00:00-04:00,34.44785397276639,34.47725350402442,33.59523018132506,33.703033447265625,39052000,0.0,0.0
2023-08-03 00:00:00-04:00,33.60503825053275,34.330254227591155,33.448234492912306,34.1734504699707,24817900,0.0,0.0
2023-08-04 00:00:00-04:00,33.91280775321122,34.975043685807705,33.91280775321122,34.56195068359375,26664300,0.125,0.0
2023-08-07 00:00:00-04:00,34.82750622354184,34.965202626684565,34.17836335733644,34.65046691894531,22486900,0.0,0.0
2023-08-08 00:00:00-04:00,34.09967917404251,34.52260600489445,33.30300601746458,34.44392395019531,34753600,0.0,0.0
2023-08-09 00:00:00-04:00,34.4242522169312,34.52260572248699,33.66691821792523,33.716094970703125,28720200,0.0,0.0
2023-08-10 00:00:00-04:00,34.129187595095544,34.512771515517244,33.91280538277738,34.10951614379883,30957300,0.0,0.0
2023-08-11 00:00:00-04:00,33.89313607745299,34.37507728487278,33.79478256668778,34.316062927246094,28752000,0.0,0.0
2023-08-14 00:00:00-04:00,34.09967948688556,35.1225724709791,33.902972472360176,35.09306716918945,36896100,0.0,0.0
2023-08-15 00:00:00-04:00,34.82750763483381,35.04388984965245,34.17836474232362,34.198036193847656,27420300,0.0,0.0
2023-08-16 00:00:00-04:00,33.952147893919765,34.06033899883146,32.90958349888829,32.978431701660156,35757300,0.0,0.0
2023-08-17 00:00:00-04:00,33.00793827167546,33.03744357008837,31.817839959101025,32.04405975341797,39906700,0.0,0.0
2023-08-18 00:00:00-04:00,31.699819065082128,32.36863342885599,31.65064231079349,32.211265563964844,23692300,0.0,0.0
2023-08-21 00:00:00-04:00,32.063730695957865,32.6243539342114,31.49327360788662,32.5948486328125,43718200,0.0,0.0
2023-08-22 00:00:00-04:00,32.6735380502047,33.24399520132266,32.28995408184249,32.34896469116211,23434200,0.0,0.0
2023-08-23 00:00:00-04:00,32.3391283425487,33.58823741993685,32.26044253360494,33.4210319519043,32324300,0.0,0.0
2023-08-24 00:00:00-04:00,33.165306572463045,33.52921901502571,31.955540545609786,32.05389404296875,37931000,0.0,0.0
2023-08-25 00:00:00-04:00,31.994883798587985,32.85057509357383,31.81784447906994,32.703041076660156,27324800,0.0,0.0
2023-08-28 00:00:00-04:00,32.94892679582099,33.22431961020821,32.66369637980811,33.066951751708984,22341800,0.0,0.0
2023-08-29 00:00:00-04:00,32.9390909589082,33.91280335214455,32.919419508789375,33.745601654052734,29943600,0.0,0.0
2023-08-30 00:00:00-04:00,33.499716745329984,34.089845286735404,33.22432017432113,33.96198272705078,26279200,0.0,0.0
2023-08-31 00:00:00-04:00,33.75543988378352,34.975043685807705,33.73576843111181,34.56195068359375,48157600,0.0,0.0
2023-09-01 00:00:00-04:00,35.20125600982714,36.14546312570516,35.142241658105185,36.00776672363281,43782600,0.0,0.0
2023-09-05 00:00:00-04:00,35.97826606063861,36.79461072896934,35.8602373419831,36.10612487792969,43379400,0.0,0.0
2023-09-06 00:00:00-04:00,35.95858821268886,36.43069174751434,35.43730417786343,36.37167739868164,39643400,0.0,0.0
2023-09-07 00:00:00-04:00,36.22415354135724,37.709312605354064,36.1454677290402,37.551944732666016,67659700,0.0,0.0
2023-09-08 00:00:00-04:00,37.49293003711157,38.19125348335013,37.08967463246908,37.38473892211914,44255200,0.0,0.0
2023-09-11 00:00:00-04:00,37.61095914579726,38.10273421764534,37.217537587540384,37.9552001953125,36349300,0.0,0.0
2023-09-12 00:00:00-04:00,38.014208121309835,39.410847288064396,38.014208121309835,38.22075271606445,55326600,0.0,0.0
2023-09-13 00:00:00-04:00,38.161742772262606,38.50598755520661,37.62079097271727,38.07322311401367,35407800,0.0,0.0
2023-09-14 00:00:00-04:00,38.17157848394199,38.26009813780729,37.66996586139009,38.033878326416016,30616500,0.0,0.0
2023-09-15 00:00:00-04:00,37.78799208829982,37.88634934698742,37.001152778527945,37.25687789916992,68868800,0.0,0.0
2023-09-18 00:00:00-04:00,37.00115032324325,37.758484281127345,36.892959221839014,37.36506652832031,29322200,0.0,0.0
2023-09-19 00:00:00-04:00,37.41424229690223,37.473252894705155,35.42747087871927,35.74220657348633,53288100,0.0,0.0
2023-09-20 00:00:00-04:00,35.62418458541059,35.653689886763196,34.06033983064438,34.11935043334961,57660800,0.0,0.0
2023-09-21 00:00:00-04:00,34.00132365845407,34.67013796763067,33.893132556683504,34.08000946044922,45215900,0.0,0.0
2023-09-22 00:00:00-04:00,34.237378206180104,34.316060258283514,33.578397729078986,33.617740631103516,29232700,0.0,0.0
2023-09-25 00:00:00-04:00,33.440698869430115,33.804611306582146,33.21448282731153,33.725929260253906,21729400,0.0,0.0
2023-09-26 00:00:00-04:00,33.578396636057406,34.20786804017717,33.08662163259565,33.27349853515625,34198300,0.0,0.0
2023-09-27 00:00:00-04:00,33.362016538710535,34.25705070334605,33.322677387430296,34.04066848754883,44369100,0.0,0.0
2023-09-28 00:00:00-04:00,34.08000756439011,35.073391371665416,33.8144486253493,34.601287841796875,32265300,0.0,0.0
2023-09-29 00:00:00-04:00,35.06355958434724,35.31928093774724,34.58161842547019,34.96520233154297,28758500,0.0,0.0
2023-10-02 00:00:00-04:00,35.024216283042065,35.388128734395956,34.40457872926451,34.87668228149414,26086200,0.0,0.0
2023-10-03 00:00:00-04:00,34.68980845092264,35.93891738317694,34.68980845092264,35.10289764404297,45292600,0.0,0.0
2023-10-04 00:00:00-04:00,35.919249626936264,35.919249626936264,34.74882637412426,35.33895492553711,39842200,0.0,0.0
2023-10-05 00:00:00-04:00,35.37829594163346,35.50615474471777,35.01437972746714,35.29961013793945,25771200,0.0,0.0
2023-10-06 00:00:00-04:00,35.27993367586125,35.8602282638699,34.60128559915083,35.594669342041016,33252300,0.0,0.0
2023-10-09 00:00:00-04:00,35.11273733222375,35.57500330172597,34.9160265729728,35.46681594848633,19376100,0.0,0.0
2023-10-10 00:00:00-04:00,35.5455000088046,36.135632319891045,35.22093042686105,35.83073043823242,24044100,0.0,0.0
2023-10-11 00:00:00-04:00,36.01760554763995,36.420860960239764,35.78155561204039,36.27333068847656,19262600,0.0,0.0
2023-10-12 00:00:00-04:00,36.1946391857841,36.60773213606729,35.79138383657303,36.23398208618164,23639200,0.0,0.0
2023-10-13 00:00:00-04:00,36.13562987431227,36.184806625588166,35.27010479446316,35.3782958984375,28390100,0.0,0.0
2023-10-16 00:00:00-04:00,35.54549848592473,36.3323377817168,35.4864878837064,35.95859146118164,29555800,0.0,0.0
2023-10-17 00:00:00-04:00,35.3291157906487,35.75204260985726,34.493099753764234,35.46681594848633,24993600,0.0,0.0
2023-10-18 00:00:00-04:00,34.935701230683776,35.42747629797615,34.86685302141852,35.05372619628906,22086000,0.0,0.0
2023-10-19 00:00:00-04:00,35.36845948464315,35.76188101195215,34.93569880615984,35.083229064941406,29201800,0.0,0.0
2023-10-20 00:00:00-04:00,35.063560630992285,35.68319445840024,34.29638904400115,34.34556579589844,32291800,0.0,0.0
2023-10-23 00:00:00-04:00,34.03083353818108,34.61112827418337,32.840738762430185,33.29317092895508,53924700,0.0,0.0
2023-10-24 00:00:00-04:00,33.08662280371101,34.13902104821362,33.08662280371101,34.02099609375,52673900,0.0,0.0
2023-10-25 00:00:00-04:00,33.61774244801486,33.88330142311442,32.01455474735268,32.28995132446289,44658500,0.0,0.0
2023-10-26 00:00:00-04:00,32.34896269355066,32.67353603255021,31.62113770928137,31.985050201416016,59142500,0.0,0.0
2023-10-27 00:00:00-04:00,34.08984298794316,35.781550195415,34.03082863700385,34.95536804199219,84128200,0.0,0.0
2023-10-30 00:00:00-04:00,34.886519198480364,35.36845659045408,34.34556370471026,35.10289764404297,36656300,0.0,0.0
2023-10-31 00:00:00-04:00,35.07339587318911,35.96842630026138,35.034052969330894,35.89957809448242,41185200,0.0,0.0
2023-11-01 00:00:00-04:00,35.899576894944936,36.706087637360646,35.68319468290073,36.67658233642578,41710700,0.0,0.0
2023-11-02 00:00:00-04:00,36.961812843096055,37.197862755048476,36.302832355675335,37.079837799072266,35440000,0.0,0.0
2023-11-03 00:00:00-04:00,37.37490353236572,37.68963926195629,37.0503302007559,37.51259994506836,30493400,0.0,0.0
2023-11-06 00:00:00-05:00,37.51753421530223,37.695155665246695,37.34977895067342,37.44845962524414,23877200,0.125,0.0
2023-11-07 00:00:00-05:00,37.73462737269627,38.385904758025376,37.47806138691897,38.25762176513672,32052000,0.0,0.0
2023-11-08 00:00:00-05:00,38.336563335089636,38.37603560514898,37.251102258437705,37.418853759765625,33483400,0.0,0.0
2023-11-09 00:00:00-05:00,37.54713779018939,38.010927565462474,37.270839420724386,37.30044174194336,48955800,0.0,0.0
2023-11-10 00:00:00-05:00,37.73462662816008,38.47471472253525,37.73462662816008,38.346431732177734,38862500,0.0,0.0
2023-11-13 00:00:00-05:00,37.84316736723504,38.06026106599183,37.635943617121264,37.724754333496094,24558300,0.0,0.0
2023-11-14 00:00:00-05:00,38.28722502524342,38.96810851136614,37.56687303319415,38.889163970947266,45457400,0.0,0.0
2023-11-15 00:00:00-05:00,39.066786699804304,40.300266952053384,39.05692051407083,40.073307037353516,47392100,0.0,0.0
2023-11-16 00:00:00-05:00,40.45815070157873,42.82643419957941,40.280529251014535,42.77709197998047,86405700,0.0,0.0
2023-11-17 00:00:00-05:00,42.34290702568293,43.231014251708984,41.99753408460766,43.231014251708984,49735000,0.0,0.0
2023-11-20 00:00:00-05:00,43.20141171013172,44.33621506262218,43.20141171013172,44.14872741699219,44564900,0.0,0.0
2023-11-21 00:00:00-05:00,43.911897974504114,44.06978329979618,42.72775615267211,43.063262939453125,37252100,0.0,0.0
2023-11-22 00:00:00-05:00,43.44810406483085,44.04017680174799,42.96458194884538,43.09286117553711,31481200,0.0,0.0
2023-11-24 00:00:00-05:00,43.10272997568714,43.41850058791116,43.0336553895308,43.3790283203125,13037100,0.0,0.0
2023-11-27 00:00:00-05:00,43.07313425128787,43.96123782252361,43.07313425128787,43.49745178222656,33339900,0.0,0.0
2023-11-28 00:00:00-05:00,43.11259769740228,43.79348116276332,43.082995377789274,43.64546203613281,24548900,0.0,0.0
2023-11-29 00:00:00-05:00,44.010574000041906,44.74079596740847,44.010574000041906,44.3460807800293,38982000,0.0,0.0
2023-11-30 00:00:00-05:00,44.05991447429258,44.49409815176386,43.82308461840098,44.1092529296875,46263000,0.0,0.0
2023-12-01 00:00:00-05:00,43.77374279486742,43.77374279486742,42.29356666121382,43.16193771362305,43922500,0.0,0.0
2023-12-04 00:00:00-05:00,42.72775176074531,42.73762170997078,41.13902872088735,41.790306091308594,50417600,0.0,0.0
2023-12-05 00:00:00-05:00,41.35612349986118,41.731102530170645,41.06008900826224,41.365989685058594,31859300,0.0,0.0
2023-12-06 00:00:00-05:00,41.91859060045017,42.027137460168056,40.6259019977016,40.72458267211914,31992300,0.0,0.0
2023-12-07 00:00:00-05:00,41.19824134769675,41.87912110704372,40.63577464121815,41.59295654296875,29118700,0.0,0.0
2023-12-08 00:00:00-05:00,41.28704997543026,42.39224719590146,41.257447654791754,42.135684967041016,42805900,0.0,0.0
2023-12-11 00:00:00-05:00,42.58960325966863,44.138854055701096,42.51066248602941,43.95136642456055,48288200,0.0,0.0
2023-12-12 00:00:00-05:00,43.773744096987876,43.852684869037354,43.05339214222901,43.45797348022461,31452200,0.0,0.0
2023-12-13 00:00:00-05:00,43.497446358514516,44.128987600899464,42.75735825929165,43.9809684753418,35216100,0.0,0.0
2023-12-14 00:00:00-05:00,44.41515336581766,46.44793008966711,44.05991423037119,44.582908630371094,70620800,0.0,0.0
2023-12-15 00:00:00-05:00,45.33286355275876,46.64528830971267,45.06643137433316,45.549957275390625,84553800,0.0,0.0
2023-12-18 00:00:00-05:00,45.54009380402375,45.61903458514181,44.800005630161714,45.0861701965332,27895700,0.0,0.0
2023-12-19 00:00:00-05:00,44.99735762171038,46.06308635526833,44.908546893913886,46.04335021972656,35358800,0.0,0.0
2023-12-20 00:00:00-05:00,46.02361017386815,46.32951460235054,45.09603446791247,45.15523910522461,38159100,0.0,0.0
2023-12-21 00:00:00-05:00,45.865729041858266,46.497270325887236,45.411809214497815,46.457801818847656,28320500,0.0,0.0
2023-12-22 00:00:00-05:00,46.625550627708435,47.52352404478188,46.57621217355154,47.365638732910156,30053700,0.0,0.0
2023-12-26 00:00:00-05:00,48.27348256935273,49.85233959084029,48.066258785147724,49.832603454589844,60287400,0.0,0.0
2023-12-27 00:00:00-05:00,49.96088549715075,50.60229297367966,49.526698036558166,50.08916473388672,52148000,0.0,0.0
2023-12-28 00:00:00-05:00,50.13850372723399,50.19770836675126,49.497092527723204,49.72405242919922,27705200,0.0,0.0
2023-12-29 00:00:00-05:00,49.63524162200012,49.9016737922272,49.11224723097072,49.58590316772461,29266500,0.0,0.0
2024-01-02 00:00:00-05:00,48.54977694264902,48.7273983761933,46.822904822077135,47.168277740478516,45905700,0.0,0.0
2024-01-03 00:00:00-05:00,46.4775344106148,47.178154054921954,46.181499902857844,46.42819595336914,35858400,0.0,0.0
2024-01-04 00:00:00-05:00,45.11577268702602,46.536740512433994,44.64211674522337,46.250572204589844,47797800,0.0,0.0
2024-01-05 00:00:00-05:00,46.408458630710044,47.19788898358277,46.02361340404019,46.27030944824219,34332100,0.0,0.0
2024-01-08 00:00:00-05:00,46.44792921427588,48.115593057371974,46.34925230589207,47.8096923828125,42135100,0.0,0.0
2024-01-09 00:00:00-05:00,47.37550575760561,47.91824005579795,47.16828198790462,47.41497802734375,30097000,0.0,0.0
2024-01-10 00:00:00-05:00,47.60246796769483,47.6616726062049,46.31964559049682,46.84264373779297,31480200,0.0,0.0
2024-01-11 00:00:00-05:00,46.81304127113789,47.2077564583543,46.11242538989763,47.010398864746094,31707900,0.0,0.0
2024-01-12 00:00:00-05:00,46.97092076942365,47.039995353979776,45.994006636825546,46.49726486206055,27448800,0.0,0.0
2024-01-16 00:00:00-05:00,46.35911622622149,46.59594606476858,45.767047276277616,46.43806076049805,43720700,0.0,0.0
2024-01-17 00:00:00-05:00,45.80651781369869,45.80651781369869,45.04669734109243,45.45127868652344,33488000,0.0,0.0
2024-01-18 00:00:00-05:00,46.408459938119755,46.941324312035725,45.559824919872035,46.12229537963867,46681300,0.0,0.0
2024-01-19 00:00:00-05:00,46.37885337888682,48.115591764024586,45.82625291965619,47.51365661621094,55912900,0.0,0.0
2024-01-22 00:00:00-05:00,48.2044044616061,48.520175090034456,47.01039653759373,47.582733154296875,45639500,0.0,0.0
2024-01-23 00:00:00-05:00,47.48405314919019,48.29321586647265,46.6946265669979,48.24387741088867,37224100,0.0,0.0
2024-01-24 00:00:00-05:00,48.520171543120746,49.11224425135441,47.63206812719406,48.44123077392578,49375800,0.0,0.0
2024-01-25 00:00:00-05:00,49.33921050777817,49.63524501796823,48.32282397588851,48.89515686035156,84845100,0.0,0.0
2024-01-26 00:00:00-05:00,43.59612597937656,44.80987008592942,42.777093291739064,43.0731315612793,127665300,0.0,0.0
2024-01-29 00:00:00-05:00,43.1323333119092,43.40863542733626,42.24422985568122,43.260616302490234,51790900,0.0,0.0
2024-01-30 00:00:00-05:00,43.09285983392641,43.2408789546181,42.323169440607906,42.3527717590332,47958800,0.0,0.0
2024-01-31 00:00:00-05:00,42.00740383466907,43.21128178449899,41.80018005243761,42.51066589355469,51584200,0.0,0.0
2024-02-01 00:00:00-05:00,42.579736837340135,42.994184366273146,41.92845946024345,42.78696060180664,38819900,0.0,0.0
2024-02-02 00:00:00-05:00,42.43171772242148,42.56986689876739,41.05021843039699,42.03700256347656,53669900,0.0,0.0
2024-02-05 00:00:00-05:00,42.05673856522146,42.57973671381655,41.869250935669385,42.20475769042969,28890300,0.0,0.0
2024-02-06 00:00:00-05:00,42.259190564805955,42.3383627277486,41.70497032294128,42.29877853393555,34068200,0.125,0.0
2024-02-07 00:00:00-05:00,42.44722867727391,42.65505985674417,42.11073848299591,42.33836364746094,34269200,0.0,0.0
2024-02-08 00:00:00-05:00,42.278986473496566,42.52640562884181,41.89301319520865,42.061256408691406,33206500,0.0,0.0
2024-02-09 00:00:00-05:00,42.11073961678992,43.07072715064209,41.96229038830714,42.86289596557617,51193000,0.0,0.0
2024-02-12 00:00:00-05:00,42.94206612066388,44.57503398469183,42.87278906222066,43.57545852661133,51107300,0.0,0.0
2024-02-13 00:00:00-05:00,42.55609509697383,43.17959243106469,42.318571044595544,42.71444320678711,36622200,0.0,0.0
2024-02-14 00:00:00-05:00,43.36762733344154,43.83277653306883,42.94206610299881,43.73380661010742,36186200,0.0,0.0
2024-02-15 00:00:00-05:00,44.29792246284209,44.802659637413264,43.56556390115373,43.595252990722656,44024500,0.0,0.0
2024-02-16 00:00:00-05:00,43.57546147103312,43.76350244978494,42.67485587510025,43.060829162597656,29858600,0.0,0.0
2024-02-20 00:00:00-05:00,43.80308389081493,44.703689430093235,42.97175541030291,44.060401916503906,61514100,0.0,0.0
2024-02-21 00:00:00-05:00,44.02081187474342,44.22864304125819,42.63526698932861,43.021240234375,57715000,0.0,0.0
2024-02-22 00:00:00-05:00,44.218751667634606,44.218751667634606,42.090945425277404,42.53630065917969,62809300,0.0,0.0
2024-02-23 00:00:00-05:00,42.68475009500671,43.060824460813436,42.21960091454698,42.54619598388672,33810700,0.0,0.0
2024-02-26 00:00:00-05:00,43.05092935658332,43.22907143525656,42.3779490094436,42.54619598388672,27035400,0.0,0.0
2024-02-27 00:00:00-05:00,42.803511664108804,42.82330564855216,42.07114934097092,42.28887939453125,25126400,0.0,0.0
2024-02-28 00:00:00-05:00,42.00187382207049,42.01177270231313,41.477346428710284,41.556522369384766,26928500,0.0,0.0
2024-02-29 00:00:00-05:00,41.93259519224425,42.704545483662436,41.922700087688604,42.60557556152344,48875100,0.0,0.0
2024-03-01 00:00:00-05:00,42.96185895503192,43.81298139348012,42.68475072867816,43.36762619018555,41396900,0.0,0.0
2024-03-04 00:00:00-05:00,43.81298196467845,46.12882527668589,43.397315844412255,45.1391487121582,59990800,0.0,0.0
2024-03-05 00:00:00-05:00,44.09999199914086,44.40678933828843,42.24929398250953,42.71444320678711,56655100,0.0,0.0
2024-03-06 00:00:00-05:00,43.476492325656736,45.04017935400904,43.11031304928887,44.05050277709961,52652000,0.0,0.0
2024-03-07 00:00:00-05:00,45.07976813297767,45.94078571326764,44.71358885003174,45.67357635498047,50378200,0.0,0.0
2024-03-08 00:00:00-05:00,45.960578190502105,46.14861915352694,43.54576873779297,43.54576873779297,54793800,0.0,0.0
2024-03-11 00:00:00-04:00,43.4171110598047,44.46616960706335,43.20927988143693,44.39689254760742,35051000,0.0,0.0
2024-03-12 00:00:00-04:00,44.59482621316421,44.802657380309554,44.00101802448503,44.77296829223633,31795800,0.0,0.0
2024-03-13 00:00:00-04:00,44.0505029236892,44.51565212448583,42.75402901982607,42.78371810913086,53195900,0.0,0.0
2024-03-14 00:00:00-04:00,42.783718164719176,42.90247829740919,42.07114981794601,42.30867385864258,38100000,0.0,0.0
2024-03-15 00:00:00-04:00,42.011769033672145,42.70454335281141,41.912799116471504,42.199806213378906,66930200,0.0,0.0
2024-03-18 00:00:00-04:00,42.64516307994282,42.93217018813967,42.16021990487515,42.26908493041992,27668300,0.0,0.0
2024-03-19 00:00:00-04:00,41.81383419719672,41.853422165234505,41.01219483335548,41.61589813232422,34673000,0.0,0.0
2024-03-20 00:00:00-04:00,42.54620015267069,42.565990363070036,40.982509258950394,41.76435470581055,74865000,0.0,0.0
2024-03-21 00:00:00-04:00,42.54620153995399,43.149901135053874,41.88311621045273,41.98208236694336,50807600,0.0,0.0
2024-03-22 00:00:00-04:00,41.81383889647089,42.35816030455685,41.65549078184012,42.13053512573242,28435300,0.0,0.0
2024-03-25 00:00:00-04:00,40.46787585904025,41.78414755859529,40.15117964680319,41.39817428588867,47276500,0.0,0.0
2024-03-26 00:00:00-04:00,41.51693439904752,41.83363061111218,41.22992727707748,41.556522369384766,39109700,0.0,0.0
2024-03-27 00:00:00-04:00,42.100843972465064,43.37752770777571,42.061256001916675,43.318145751953125,51017800,0.0,0.0
2024-03-28 00:00:00-04:00,43.30824490459669,44.139573371770645,43.25876183131705,43.714012145996094,54204200,0.0,0.0
2024-04-01 00:00:00-04:00,43.832776755512306,44.94121347108948,43.72391172736055,44.060401916503906,31712600,0.0,0.0
2024-04-02 00:00:00-04:00,43.476494055132804,43.62494705770123,43.05093280810779,43.48638916015625,32748400,0.0,0.0
2024-04-03 00:00:00-04:00,40.97261177691137,41.22003092103447,39.804793114625035,39.913658142089844,83718000,0.0,0.0
2024-04-04 00:00:00-04:00,40.170973402908174,40.3590105980652,39.29016183168939,39.31985092163086,57307200,0.0,0.0
2024-04-05 00:00:00-04:00,38.943771427576664,39.052636454070694,38.11244295972358,38.31037902832031,67189100,0.0,0.0
2024-04-08 00:00:00-04:00,38.24110374178147,38.4588338048539,37.518640266960844,37.58791732788086,56967800,0.0,0.0
2024-04-09 00:00:00-04:00,37.657195074347136,38.18172625626916,36.94463046686671,37.93430709838867,78783000,0.0,0.0
2024-04-10 00:00:00-04:00,37.62750200993688,37.82543807040204,36.63782548292745,36.81596755981445,51108400,0.0,0.0
2024-04-11 00:00:00-04:00,37.04359529776712,37.28111556667766,36.697209999223986,37.24153137207031,41909100,0.0,0.0
2024-04-12 00:00:00-04:00,36.311232680000735,36.32113156006494,35.23248504731364,35.321556091308594,80139400,0.0,0.0
2024-04-15 00:00:00-04:00,35.66794464775069,36.32113103584749,35.519491651462836,35.935157775878906,50751600,0.0,0.0
2024-04-16 00:00:00-04:00,35.895568587837126,36.13308884345184,35.390831437852185,35.88566970825195,30607500,0.0,0.0
2024-04-17 00:00:00-04:00,35.727323119111105,35.757015983802184,35.00485966690412,35.31166076660156,41173300,0.0,0.0
2024-04-18 00:00:00-04:00,35.054342816560656,35.29186685801872,34.41105530172058,34.67826843261719,42334400,0.0,0.0
2024-04-19 00:00:00-04:00,34.767342507621755,34.767342507621755,33.82714891515427,33.84694290161133,58968800,0.0,0.0
2024-04-22 00:00:00-04:00,34.06466652813322,34.213119527250065,33.72818011072603,34.054771423339844,39909900,0.0,0.0
2024-04-23 00:00:00-04:00,33.98549508463159,34.242809343199326,33.82714697736298,33.92611312866211,46834000,0.0,0.0
2024-04-24 00:00:00-04:00,34.50012494991297,34.816821142169815,33.9854926936665,34.14384078979492,53261100,0.0,0.0
2024-04-25 00:00:00-04:00,34.203222002242924,34.93558051526241,34.14384005173473,34.74754333496094,66549400,0.0,0.0
2024-04-26 00:00:00-04:00,31.45192381651619,31.907176045518334,30.323691180607266,31.55088996887207,119742500,0.0,0.0
2024-04-29 00:00:00-04:00,31.53109505843458,31.58057813019865,30.749249688486604,31.036256790161133,58533300,0.0,0.0
2024-04-30 00:00:00-04:00,30.719562342327688,30.858116461249818,30.105962024307132,30.155445098876953,72346400,0.0,0.0
2024-05-01 00:00:00-04:00,29.858542429729663,30.719561883042896,29.710091320581384,30.05647850036621,60654800,0.0,0.0
2024-05-02 00:00:00-04:00,30.274206169169542,30.353380218588107,29.87833592207671,30.195032119750977,50899400,0.0,0.0
2024-05-03 00:00:00-04:00,30.66018105742041,30.739355111056643,30.383072813522766,30.58100700378418,36794800,0.0,0.0
2024-05-06 00:00:00-04:00,30.923832433223346,31.003328068462462,30.536289553022886,30.774776458740234,36185600,0.125,0.0
2024-05-07 00:00:00-04:00,30.894020047360957,31.251751344198457,30.417046248461222,30.486604690551758,44683400,0.0,0.0
2024-05-08 00:00:00-04:00,29.81089210510254,29.959946186562956,29.5425936212785,29.81089210510254,63734600,0.0,0.0
2024-05-09 00:00:00-04:00,29.741332600527656,30.198432020098114,29.622088202412307,29.90032386779785,45003400,0.0,0.0
2024-05-10 00:00:00-04:00,30.138812358464122,30.267992059188092,29.65190133984991,29.66183853149414,42931300,0.0,0.0
2024-05-13 00:00:00-04:00,29.84070274039695,30.933767233590086,29.810891166912885,30.317676544189453,51459100,0.0,0.0
2024-05-14 00:00:00-04:00,30.42698497721072,30.913895991776922,30.417047785649103,30.854272842407227,47759900,0.0,0.0
2024-05-15 00:00:00-04:00,31.182192737724716,31.202067120946793,30.615786083174033,31.072887420654297,36992900,0.0,0.0
2024-05-16 00:00:00-04:00,31.430616301444132,32.056644199568396,31.32131098625367,31.828094482421875,47752800,0.0,0.0
2024-05-17 00:00:00-04:00,31.8579079970722,31.907592059017553,31.390869475353796,31.629356384277344,41449800,0.0,0.0
2024-05-20 00:00:00-04:00,31.649231369928607,32.21563613099912,31.55979854046339,31.897653579711914,31989000,0.0,0.0
2024-05-21 00:00:00-04:00,31.77840961678809,32.036772797045785,31.420680210618762,31.5399227142334,42975400,0.0,0.0
2024-05-22 00:00:00-04:00,31.708852003298507,31.867843275827525,30.90395844920465,31.221940994262695,36706400,0.0,0.0
2024-05-23 00:00:00-04:00,31.25175143532453,31.37099393773446,29.68171125454082,29.8903865814209,62014500,0.0,0.0
2024-05-24 00:00:00-04:00,30.099064079939822,30.82446197812326,29.94007091639133,30.526351928710938,42408200,0.0,0.0
2024-05-28 00:00:00-04:00,30.744967620329465,31.172257382164105,30.466731941725964,30.86421012878418,36799100,0.0,0.0
2024-05-29 00:00:00-04:00,30.277928026901556,30.476668061101428,29.920198618797393,29.94007110595703,35848600,0.0,0.0
2024-05-30 00:00:00-04:00,30.019567311756507,30.307740177296864,29.870513230933255,29.99969482421875,33382800,0.0,0.0
2024-05-31 00:00:00-04:00,30.029504942197292,30.76484006095746,29.75127115934644,30.655534744262695,95797500,0.0,0.0
2024-06-03 00:00:00-04:00,30.83439895760554,30.874145826725712,29.86057507726836,30.099063873291016,35544900,0.0,0.0
2024-06-04 00:00:00-04:00,30.556164699264862,30.556164699264862,29.75127113543878,29.8407039642334,51027200,0.0,0.0
2024-06-05 00:00:00-04:00,30.079190259300518,30.645596899838363,29.820828969781854,30.585975646972656,44161700,0.0,0.0
2024-06-06 00:00:00-04:00,30.35742448048119,30.397173246523653,29.96988348819456,30.22824478149414,34248100,0.0,0.0
2024-06-07 00:00:00-04:00,30.059315502581093,30.585975266431074,30.019566737614863,30.546226501464844,34085500,0.0,0.0
2024-06-10 00:00:00-04:00,30.35742334809095,30.75490341238691,30.099063959754154,30.71515464782715,37445800,0.0,0.0
2024-06-11 00:00:00-04:00,30.57603785729381,30.834399141756844,30.337550955172254,30.7250919342041,25326900,0.0,0.0
2024-06-12 00:00:00-04:00,31.26168740752887,31.281561790135704,30.198432577294135,30.56610107421875,51323900,0.0,0.0
2024-06-13 00:00:00-04:00,30.18849638192882,30.387236423902817,29.950009468755333,30.26799201965332,33787200,0.0,0.0
2024-06-14 00:00:00-04:00,30.099065365610674,30.36736195761891,30.01956783277801,30.258056640625,28125900,0.0,0.0
2024-06-17 00:00:00-04:00,30.14874866124054,30.804588127819695,29.989757390271375,30.784713745117188,36235300,0.0,0.0
2024-06-18 00:00:00-04:00,30.79465147966915,31.27162530099019,30.307740466821567,30.436920166015625,33294700,0.0,0.0
2024-06-20 00:00:00-04:00,30.367361637990363,30.913895798509436,30.258056322146935,30.426984786987305,43826300,0.0,0.0
2024-06-21 00:00:00-04:00,30.65553318086021,31.162318553482905,30.476667532249213,30.894020080566406,92549000,0.0,0.0
2024-06-24 00:00:00-04:00,30.943704994449813,31.221940666114026,30.337551485050767,30.37729835510254,40611800,0.0,0.0
2024-06-25 00:00:00-04:00,30.506479631824043,30.635659327313434,30.099064267547327,30.546226501464844,29498600,0.0,0.0
2024-06-26 00:00:00-04:00,30.446856525218326,30.48660529023788,30.079189925414628,30.347488403320312,30743000,0.0,0.0
2024-06-27 00:00:00-04:00,30.228244464597882,30.466731372376067,30.099064766965085,30.397172927856445,30184300,0.0,0.0
2024-06-28 00:00:00-04:00,30.556163935664028,31.11263338233784,30.526352361702315,30.774776458740234,41467700,0.0,0.0
2024-07-01 00:00:00-04:00,30.71515590338328,30.824463115065406,30.417047738300834,30.645597457885742,32401800,0.0,0.0
2024-07-02 00:00:00-04:00,30.66547207706199,31.112634328128223,30.39717358922695,30.874147415161133,35999300,0.0,0.0
2024-07-03 00:00:00-04:00,30.923832959411207,31.14244548620724,30.71515572877935,31.033138275146484,24065700,0.0,0.0
2024-07-05 00:00:00-04:00,31.2020665029894,32.13614164734713,31.112633675586775,31.818159103393555,45309400,0.0,0.0
2024-07-08 00:00:00-04:00,32.82179017277948,33.87510969875,32.613114843025684,33.77574157714844,82315900,0.0,0.0
2024-07-09 00:00:00-04:00,34.79924945469186,34.99798949894323,33.507444853034585,34.3719596862793,97546900,0.0,0.0
2024-07-10 00:00:00-04:00,34.22290250728898,34.7495641747144,33.91485905060243,34.65019226074219,52256200,0.0,0.0
2024-07-11 00:00:00-04:00,34.809184100885474,34.928430399599435,33.10002884981283,33.2888298034668,55213700,0.0,0.0
2024-07-12 00:00:00-04:00,33.55712801341558,35.25634795426933,33.55712801341558,34.27259063720703,62792600,0.0,0.0
2024-07-15 00:00:00-04:00,34.48126375284248,35.00792159998404,34.093722786783545,34.242774963378906,39847900,0.0,0.0
2024-07-16 00:00:00-04:00,34.143409539494236,34.232842368767805,33.626686947097056,34.12353515625,28409900,0.0,0.0
2024-07-17 00:00:00-04:00,35.85256576329393,36.925755839253235,34.18315560900105,34.242774963378906,112304200,0.0,0.0
2024-07-18 00:00:00-04:00,34.73962508799172,36.07117841001198,34.31233533453851,34.65019226074219,84188600,0.0,0.0
2024-07-19 00:00:00-04:00,34.35208356711346,34.362022653681926,32.64292457982029,32.7721061706543,69628700,0.0,0.0
2024-07-22 00:00:00-04:00,33.07021606470152,33.19939766232487,32.55349346485917,33.15964889526367,48503700,0.0,0.0
2024-07-23 00:00:00-04:00,32.75223342263411,33.020531913608885,32.623055616004486,32.7422981262207,29466400,0.0,0.0
2024-07-24 00:00:00-04:00,32.32494148650973,32.59323995949019,31.460426711784343,31.50017547607422,62216700,0.0,0.0
2024-07-25 00:00:00-04:00,31.17225584068728,31.78834652633028,30.754903291082982,30.90395736694336,49774000,0.0,0.0
2024-07-26 00:00:00-04:00,31.23187753157216,31.361057227049322,30.824462167334016,31.152381896972656,38352500,0.0,0.0
2024-07-29 00:00:00-04:00,31.221941203638227,31.27162526588968,30.595913300772725,30.63566017150879,32342200,0.0,0.0
2024-07-30 00:00:00-04:00,30.655533712816226,30.715154964946016,29.820828601697457,29.94007110595703,48256600,0.0,0.0
2024-07-31 00:00:00-04:00,30.34748836260998,30.675408092279664,30.08912707630577,30.546226501464844,56110600,0.0,0.0
2024-08-01 00:00:00-04:00,30.238180548162198,30.516414316046976,28.70788724349436,28.866878509521484,107672500,0.0,0.0
2024-08-02 00:00:00-04:00,21.801700111553938,21.8414469830145,20.291281089542203,21.3445987701416,300895900,0.0,0.0
2024-08-05 00:00:00-04:00,20.072667229540986,20.26146817330116,19.168403693593557,19.983234405517578,147385700,0.0,0.0
2024-08-06 00:00:00-04:00,20.191910941842604,20.4999563012095,19.62550428595571,19.704999923706055,106670400,0.0,0.0
2024-08-07 00:00:00-04:00,19.920000076293945,20.25,18.950000762939453,18.989999771118164,97972300,0.125,0.0
2024-08-08 00:00:00-04:00,19.100000381469727,20.549999237060547,18.84000015258789,20.489999771118164,96836800,0.0,0.0
2024-08-09 00:00:00-04:00,20.079999923706055,20.149999618530273,19.5,19.709999084472656,76394500,0.0,0.0
2024-08-12 00:00:00-04:00,19.8700008392334,19.969999313354492,19.0,19.360000610351562,54677600,0.0,0.0
2024-08-13 00:00:00-04:00,19.479999542236328,20.479999542236328,19.469999313354492,20.469999313354492,77511300,0.0,0.0
2024-08-14 00:00:00-04:00,20.489999771118164,20.5,19.790000915527344,19.920000076293945,56758200,0.0,0.0
2024-08-15 00:00:00-04:00,20.31999969482422,21.059999465942383,20.229999542236328,20.690000534057617,84814900,0.0,0.0
2024-08-16 00:00:00-04:00,20.530000686645508,20.899999618530273,20.40999984741211,20.8700008392334,48582700,0.0,0.0
2024-08-19 00:00:00-04:00,20.889999389648438,21.860000610351562,20.84000015258789,21.520000457763672,65956300,0.0,0.0
2024-08-20 00:00:00-04:00,21.209999084472656,21.229999542236328,20.81999969482422,20.989999771118164,84161300,0.0,0.0
2024-08-21 00:00:00-04:00,21.06999969482422,21.440000534057617,21.06999969482422,21.40999984741211,57028900,0.0,0.0
2024-08-22 00:00:00-04:00,21.389999389648438,21.399999618530273,20.040000915527344,20.100000381469727,81444700,0.0,0.0
2024-08-23 00:00:00-04:00,20.31999969482422,20.93000030517578,20.260000228881836,20.540000915527344,73398400,0.0,0.0
2024-08-26 00:00:00-04:00,20.530000686645508,20.559999465942383,19.950000762939453,20.1299991607666,58534800,0.0,0.0
2024-08-27 00:00:00-04:00,20.1299991607666,20.260000228881836,19.84000015258789,20.06999969482422,43862000,0.0,0.0
2024-08-28 00:00:00-04:00,19.979999542236328,20.110000610351562,19.510000228881836,19.610000610351562,50144900,0.0,0.0
2024-08-29 00:00:00-04:00,19.760000228881836,20.600000381469727,19.75,20.1299991607666,64529700,0.0,0.0
2024-08-30 00:00:00-04:00,21.25,22.1200008392334,21.0,22.040000915527344,177785400,0.0,0.0
2024-09-03 00:00:00-04:00,21.540000915527344,21.690000534057617,19.989999771118164,20.100000381469727,115305500,0.0,0.0
2024-09-04 00:00:00-04:00,19.760000228881836,20.049999237060547,19.280000686645508,19.43000030517578,85871900,0.0,0.0
2024-09-05 00:00:00-04:00,19.280000686645508,19.899999618530273,19.239999771118164,19.399999618530273,65388800,0.0,0.0
2024-09-06 00:00:00-04:00,19.440000534057617,19.489999771118164,18.639999389648438,18.889999389648438,92686500,0.0,0.0
2024-09-09 00:00:00-04:00,19.0,19.540000915527344,18.950000762939453,19.06999969482422,64244100,0.0,0.0
2024-09-10 00:00:00-04:00,19.030000686645508,19.110000610351562,18.510000228881836,18.979999542236328,55621300,0.0,0.0
2024-09-11 00:00:00-04:00,19.010000228881836,19.690000534057617,18.520000457763672,19.639999389648438,71403100,0.0,0.0
2024-09-12 00:00:00-04:00,19.43000030517578,19.540000915527344,19.040000915527344,19.360000610351562,51602900,0.0,0.0
2024-09-13 00:00:00-04:00,19.489999771118164,19.799999237060547,19.489999771118164,19.65999984741211,44236300,0.0,0.0
2024-09-16 00:00:00-04:00,20.030000686645508,21.06999969482422,19.760000228881836,20.90999984741211,149337000,0.0,0.0
2024-09-17 00:00:00-04:00,21.709999084472656,22.579999923706055,21.239999771118164,21.469999313354492,196249800,0.0,0.0
2024-09-18 00:00:00-04:00,21.360000610351562,21.739999771118164,20.719999313354492,20.770000457763672,118727900,0.0,0.0
2024-09-19 00:00:00-04:00,21.280000686645508,21.690000534057617,21.030000686645508,21.139999389648438,99829200,0.0,0.0
2024-09-20 00:00:00-04:00,20.889999389648438,23.139999389648438,20.350000381469727,21.84000015258789,260377900,0.0,0.0
2024-09-23 00:00:00-04:00,22.43000030517578,22.81999969482422,22.030000686645508,22.559999465942383,184439100,0.0,0.0
2024-09-24 00:00:00-04:00,22.530000686645508,23.110000610351562,22.290000915527344,22.809999465942383,113082500,0.0,0.0
2024-09-25 00:00:00-04:00,22.799999237060547,24.059999465942383,22.729999542236328,23.540000915527344,117013400,0.0,0.0
2024-09-26 00:00:00-04:00,24.280000686645508,24.420000076293945,23.25,23.920000076293945,95416900,0.0,0.0
2024-09-27 00:00:00-04:00,24.15999984741211,24.65999984741211,23.700000762939453,23.90999984741211,85883300,0.0,0.0
2024-09-30 00:00:00-04:00,23.739999771118164,23.950000762939453,23.09000015258789,23.459999084472656,66308200,0.0,0.0
2024-10-01 00:00:00-04:00,23.459999084472656,23.719999313354492,22.260000228881836,22.690000534057617,86344400,0.0,0.0
2024-10-02 00:00:00-04:00,22.670000076293945,23.06999969482422,22.350000381469727,22.389999389648438,59033900,0.0,0.0
2024-10-03 00:00:00-04:00,22.139999389648438,22.729999542236328,21.649999618530273,22.260000228881836,49565900,0.0,0.0
2024-10-04 00:00:00-04:00,22.700000762939453,22.90999984741211,22.299999237060547,22.59000015258789,49845500,0.0,0.0
2024-10-07 00:00:00-04:00,22.399999618530273,22.649999618530273,22.020000457763672,22.3799991607666,54928700,0.0,0.0
2024-10-08 00:00:00-04:00,22.25,23.420000076293945,22.049999237060547,23.31999969482422,58650500,0.0,0.0
2024-10-09 00:00:00-04:00,23.25,23.479999542236328,23.059999465942383,23.459999084472656,44759000,0.0,0.0
2024-10-10 00:00:00-04:00,23.190000534057617,23.530000686645508,22.959999084472656,23.219999313354492,44874600,0.0,0.0
2024-10-11 00:00:00-04:00,23.049999237060547,23.81999969482422,22.979999542236328,23.559999465942383,43585300,0.0,0.0
2024-10-14 00:00:00-04:00,23.579999923706055,23.770000457763672,23.270000457763672,23.440000534057617,35403600,0.0,0.0
2024-10-15 00:00:00-04:00,23.40999984741211,23.719999313354492,22.469999313354492,22.65999984741211,68900600,0.0,0.0
2024-10-16 00:00:00-04:00,22.3799991607666,22.540000915527344,21.739999771118164,22.309999465942383,62151800,0.0,0.0
2024-10-17 00:00:00-04:00,22.719999313354492,22.81999969482422,22.399999618530273,22.440000534057617,43807600,0.0,0.0
2024-10-18 00:00:00-04:00,22.610000610351562,22.81999969482422,22.5,22.770000457763672,39971700,0.0,0.0
2024-10-21 00:00:00-04:00,22.610000610351562,22.8799991607666,22.25,22.84000015258789,39727000,0.0,0.0
2024-10-22 00:00:00-04:00,22.729999542236328,22.81999969482422,22.170000076293945,22.399999618530273,50160400,0.0,0.0
2024-10-23 00:00:00-04:00,22.299999237060547,22.43000030517578,21.579999923706055,21.979999542236328,45799100,0.0,0.0
2024-10-24 00:00:00-04:00,22.09000015258789,22.3700008392334,21.969999313354492,22.34000015258789,40554400,0.0,0.0
2024-10-25 00:00:00-04:00,22.420000076293945,23.34000015258789,22.40999984741211,22.68000030517578,67503000,0.0,0.0
2024-10-28 00:00:00-04:00,22.670000076293945,23.270000457763672,22.559999465942383,22.920000076293945,41915000,0.0,0.0
2024-10-29 00:00:00-04:00,22.8700008392334,23.139999389648438,22.40999984741211,22.899999618530273,83422200,0.0,0.0
2024-10-30 00:00:00-04:00,22.420000076293945,22.93000030517578,22.260000228881836,22.299999237060547,50941200,0.0,0.0
2024-10-31 00:00:00-04:00,22.149999618530273,22.25,21.469999313354492,21.520000457763672,112485500,0.0,0.0
2024-11-01 00:00:00-04:00,23.0,23.579999923706055,21.90999984741211,23.200000762939453,173471100,0.0,0.0
2024-11-04 00:00:00-05:00,22.959999084472656,23.0,22.0,22.520000457763672,84616300,0.0,0.0
2024-11-05 00:00:00-05:00,22.579999923706055,23.579999923706055,22.399999618530273,23.31999969482422,59153300,0.0,0.0
2024-11-06 00:00:00-05:00,24.299999237060547,25.1200008392334,24.049999237060547,25.049999237060547,116760500,0.0,0.0
2024-11-07 00:00:00-05:00,25.43000030517578,26.3799991607666,25.190000534057617,26.229999542236328,101489300,0.0,0.0
2024-11-08 00:00:00-05:00,26.0,26.43000030517578,25.829999923706055,26.200000762939453,76428000,0.0,0.0
2024-11-11 00:00:00-05:00,25.959999084472656,26.290000915527344,24.829999923706055,25.049999237060547,80185300,0.0,0.0
2024-11-12 00:00:00-05:00,24.65999984741211,24.959999084472656,23.889999389648438,24.15999984741211,62539700,0.0,0.0
2024-11-13 00:00:00-05:00,24.059999465942383,25.139999389648438,24.020000457763672,24.920000076293945,58202000,0.0,0.0
2024-11-14 00:00:00-05:00,25.1200008392334,25.610000610351562,24.93000030517578,25.030000686645508,49252100,0.0,0.0
2024-11-15 00:00:00-05:00,24.809999465942383,24.81999969482422,24.229999542236328,24.350000381469727,55104900,0.0,0.0
2024-11-18 00:00:00-05:00,24.329999923706055,25.020000457763672,24.15999984741211,24.84000015258789,59667300,0.0,0.0
2024-11-19 00:00:00-05:00,24.5,24.540000915527344,24.100000381469727,24.200000762939453,61190900,0.0,0.0
2024-11-20 00:00:00-05:00,24.06999969482422,24.209999084472656,23.549999237060547,24.010000228881836,50191500,0.0,0.0
2024-11-21 00:00:00-05:00,24.079999923706055,24.770000457763672,23.829999923706055,24.440000534057617,58928400,0.0,0.0
2024-11-22 00:00:00-05:00,24.350000381469727,24.68000030517578,24.139999389648438,24.5,36784700,0.0,0.0
2024-11-25 00:00:00-05:00,25.040000915527344,25.56999969482422,24.760000228881836,24.8700008392334,91128400,0.0,0.0
2024-11-26 00:00:00-05:00,24.950000762939453,24.989999771118164,23.809999465942383,24.049999237060547,69613600,0.0,0.0
2024-11-27 00:00:00-05:00,23.829999923706055,23.93000030517578,23.059999465942383,23.649999618530273,53992300,0.0,0.0
2024-11-29 00:00:00-05:00,23.719999313354492,24.280000686645508,23.600000381469727,24.049999237060547,36616800,0.0,0.0
2024-12-02 00:00:00-05:00,24.84000015258789,25.479999542236328,23.440000534057617,23.93000030517578,150497900,0.0,0.0
2024-12-03 00:00:00-05:00,23.68000030517578,23.75,22.440000534057617,22.469999313354492,138160500,0.0,0.0
2024-12-04 00:00:00-05:00,22.530000686645508,22.540000915527344,21.809999465942383,21.959999084472656,104649000,0.0,0.0
2024-12-05 00:00:00-05:00,22.040000915527344,22.190000534057617,20.65999984741211,20.799999237060547,167993500,0.0,0.0
2024-12-06 00:00:00-05:00,20.950000762939453,21.049999237060547,20.65999984741211,20.920000076293945,78539100,0.0,0.0
2024-12-09 00:00:00-05:00,20.920000076293945,21.059999465942383,20.729999542236328,20.809999465942383,68818200,0.0,0.0
2024-12-10 00:00:00-05:00,20.829999923706055,20.860000610351562,19.959999084472656,20.15999984741211,90004800,0.0,0.0
2024-12-11 00:00:00-05:00,20.139999389648438,20.25,19.8700008392334,20.1200008392334,75209300,0.0,0.0
2024-12-12 00:00:00-05:00,20.020000457763672,20.899999618530273,19.920000076293945,20.780000686645508,77695000,0.0,0.0
2024-12-13 00:00:00-05:00,20.600000381469727,20.799999237060547,20.25,20.34000015258789,55104100,0.0,0.0
2024-12-16 00:00:00-05:00,20.170000076293945,21.100000381469727,20.0,20.829999923706055,73832900,0.0,0.0
2024-12-17 00:00:00-05:00,20.639999389648438,20.770000457763672,20.290000915527344,20.440000534057617,51767200,0.0,0.0
2024-12-18 00:00:00-05:00,20.479999542236328,20.579999923706055,19.209999084472656,19.299999237060547,86041200,0.0,0.0
2024-12-19 00:00:00-05:00,19.530000686645508,19.690000534057617,19.030000686645508,19.059999465942383,69117800,0.0,0.0
2024-12-20 00:00:00-05:00,18.969999313354492,19.760000228881836,18.899999618530273,19.520000457763672,108453700,0.0,0.0
2024-12-23 00:00:00-05:00,19.579999923706055,20.229999542236328,19.520000457763672,20.200000762939453,57988400,0.0,0.0
2024-12-24 00:00:00-05:00,20.219999313354492,20.399999618530273,19.959999084472656,20.399999618530273,29884000,0.0,0.0
2024-12-26 00:00:00-05:00,20.229999542236328,20.670000076293945,20.079999923706055,20.440000534057617,39846200,0.0,0.0
2024-12-27 00:00:00-05:00,20.209999084472656,20.610000610351562,20.09000015258789,20.299999237060547,48260800,0.0,0.0
2024-12-30 00:00:00-05:00,20.010000228881836,20.110000610351562,19.729999542236328,19.81999969482422,59608100,0.0,0.0
2024-12-31 00:00:00-05:00,19.989999771118164,20.399999618530273,19.8799991607666,20.049999237060547,49846700,0.0,0.0
2025-01-02 00:00:00-05:00,20.229999542236328,20.43000030517578,20.0,20.219999313354492,46438500,0.0,0.0
2025-01-03 00:00:00-05:00,20.389999389648438,20.670000076293945,20.059999465942383,20.559999465942383,48983900,0.0,0.0
2025-01-06 00:00:00-05:00,20.829999923706055,20.979999542236328,19.780000686645508,19.8700008392334,83271000,0.0,0.0
2025-01-07 00:00:00-05:00,20.020000457763672,20.34000015258789,19.899999618530273,20.010000228881836,61726100,0.0,0.0
2025-01-08 00:00:00-05:00,19.829999923706055,20.1200008392334,19.709999084472656,19.8799991607666,47897100,0.0,0.0
2025-01-10 00:00:00-05:00,19.65999984741211,19.65999984741211,18.90999984741211,19.149999618530273,71244600,0.0,0.0
2025-01-13 00:00:00-05:00,18.920000076293945,19.25,18.729999542236328,19.200000762939453,50669000,0.0,0.0
2025-01-14 00:00:00-05:00,19.360000610351562,19.520000457763672,18.81999969482422,19.200000762939453,47147500,0.0,0.0
2025-01-15 00:00:00-05:00,19.399999618530273,19.770000457763672,19.170000076293945,19.719999313354492,56306000,0.0,0.0
2025-01-16 00:00:00-05:00,19.75,19.950000762939453,19.399999618530273,19.670000076293945,44898100,0.0,0.0
2025-01-17 00:00:00-05:00,21.260000228881836,21.6200008392334,20.790000915527344,21.489999771118164,166483900,0.0,0.0
2025-01-21 00:00:00-05:00,22.030000686645508,22.40999984741211,21.75,21.770000457763672,96262200,0.0,0.0
2025-01-22 00:00:00-05:00,21.729999542236328,22.290000915527344,21.56999969482422,21.860000610351562,60972600,0.0,0.0
2025-01-23 00:00:00-05:00,21.690000534057617,21.75,21.350000381469727,21.56999969482422,55778200,0.0,0.0
2025-01-24 00:00:00-05:00,21.360000610351562,21.40999984741211,20.75,20.829999923706055,66300600,0.0,0.0
2025-01-27 00:00:00-05:00,20.809999465942383,21.059999465942383,20.139999389648438,20.290000915527344,83582100,0.0,0.0
2025-01-28 00:00:00-05:00,20.34000015258789,20.34000015258789,19.739999771118164,19.799999237060547,73411400,0.0,0.0
2025-01-29 00:00:00-05:00,19.8700008392334,20.079999923706055,19.65999984741211,19.75,86506800,0.0,0.0
2025-01-30 00:00:00-05:00,19.719999313354492,20.100000381469727,19.43000030517578,20.010000228881836,108167000,0.0,0.0
2025-01-31 00:00:00-05:00,20.100000381469727,20.329999923706055,19.3799991607666,19.43000030517578,117474900,0.0,0.0
2025-02-03 00:00:00-05:00,18.969999313354492,19.75,18.780000686645508,19.3799991607666,77523100,0.0,0.0
2025-02-04 00:00:00-05:00,19.100000381469727,19.530000686645508,19.020000457763672,19.290000915527344,54098200,0.0,0.0
2025-02-05 00:00:00-05:00,19.190000534057617,19.770000457763672,18.90999984741211,19.649999618530273,66059200,0.0,0.0
2025-02-06 00:00:00-05:00,19.510000228881836,19.700000762939453,19.219999313354492,19.3799991607666,45553800,0.0,0.0
2025-02-07 00:00:00-05:00,19.350000381469727,19.360000610351562,19.030000686645508,19.100000381469727,58277900,0.0,0.0
2025-02-10 00:00:00-05:00,19.25,20.079999923706055,19.239999771118164,19.770000457763672,73007300,0.0,0.0
2025-02-11 00:00:00-05:00,19.8700008392334,21.8799991607666,19.860000610351562,20.969999313354492,150960700,0.0,0.0
2025-02-12 00:00:00-05:00,21.979999542236328,22.559999465942383,20.93000030517578,22.479999542236328,162631200,0.0,0.0
2025-02-13 00:00:00-05:00,22.84000015258789,24.829999923706055,22.790000915527344,24.1299991607666,248661300,0.0,0.0
2025-02-14 00:00:00-05:00,24.360000610351562,25.190000534057617,22.860000610351562,23.600000381469727,230254100,0.0,0.0
2025-02-18 00:00:00-05:00,24.600000381469727,27.549999237060547,24.489999771118164,27.389999389648438,284292200,0.0,0.0
2025-02-19 00:00:00-05:00,25.979999542236328,26.329999923706055,25.459999084472656,25.719999313354492,151881700,0.0,0.0
2025-02-20 00:00:00-05:00,25.559999465942383,26.1200008392334,24.479999542236328,26.09000015258789,144939600,0.0,0.0
2025-02-21 00:00:00-05:00,25.959999084472656,26.290000915527344,24.84000015258789,24.8700008392334,111630900,0.0,0.0
2025-02-24 00:00:00-05:00,24.549999237060547,24.799999237060547,23.6200008392334,24.270000457763672,91358100,0.0,0.0
2025-02-25 00:00:00-05:00,24.209999084472656,24.280000686645508,22.770000457763672,22.989999771118164,88886500,0.0,0.0
2025-02-26 00:00:00-05:00,23.25,23.81999969482422,23.209999084472656,23.520000457763672,67449300,0.0,0.0
2025-02-27 00:00:00-05:00,23.700000762939453,24.399999618530273,23.06999969482422,23.09000015258789,97871900,0.0,0.0
2025-02-28 00:00:00-05:00,23.020000457763672,24.440000534057617,22.639999389648438,23.729999542236328,104133800,0.0,0.0
2025-03-03 00:00:00-05:00,25.0,25.040000915527344,22.520000457763672,22.739999771118164,141348700,0.0,0.0
2025-03-04 00:00:00-05:00,22.540000915527344,22.6299991607666,20.760000228881836,21.329999923706055,152182200,0.0,0.0
2025-03-05 00:00:00-05:00,21.329999923706055,21.360000610351562,20.18000030517578,20.809999465942383,127219300,0.0,0.0
2025-03-06 00:00:00-05:00,20.260000228881836,21.1299991607666,20.0,20.75,96466400,0.0,0.0
2025-03-07 00:00:00-05:00,20.270000457763672,21.200000762939453,20.110000610351562,20.639999389648438,81099600,0.0,0.0
2025-03-10 00:00:00-04:00,20.239999771118164,20.510000228881836,19.649999618530273,19.93000030517578,82760600,0.0,0.0
2025-03-11 00:00:00-04:00,19.969999313354492,20.059999465942383,19.290000915527344,19.780000686645508,80789000,0.0,0.0
2025-03-12 00:00:00-04:00,20.790000915527344,21.170000076293945,20.209999084472656,20.68000030517578,128671100,0.0,0.0
2025-03-13 00:00:00-04:00,23.5,24.530000686645508,23.1299991607666,23.700000762939453,243261000,0.0,0.0
2025-03-14 00:00:00-04:00,23.68000030517578,24.3700008392334,23.520000457763672,24.049999237060547,116901600,0.0,0.0
2025-03-17 00:00:00-04:00,24.420000076293945,26.149999618530273,24.3700008392334,25.690000534057617,160723600,0.0,0.0
2025-03-18 00:00:00-04:00,25.549999237060547,26.40999984741211,25.389999389648438,25.920000076293945,132488800,0.0,0.0
2025-03-19 00:00:00-04:00,24.899999618530273,25.229999542236328,24.030000686645508,24.1200008392334,135491400,0.0,0.0
2025-03-20 00:00:00-04:00,23.770000457763672,24.309999465942383,23.729999542236328,23.959999084472656,68937600,0.0,0.0
2025-03-21 00:00:00-04:00,23.600000381469727,24.700000762939453,23.489999771118164,24.260000228881836,94110700,0.0,0.0
2025-03-24 00:00:00-04:00,24.719999313354492,24.989999771118164,24.1299991607666,24.219999313354492,69169000,0.0,0.0
2025-03-25 00:00:00-04:00,24.18000030517578,24.75,24.110000610351562,24.200000762939453,51743300,0.0,0.0
2025-03-26 00:00:00-04:00,24.25,24.420000076293945,23.25,23.420000076293945,59496700,0.0,0.0
2025-03-27 00:00:00-04:00,23.290000915527344,23.760000228881836,22.860000610351562,23.6200008392334,57720600,0.0,0.0
2025-03-28 00:00:00-04:00,23.350000381469727,23.579999923706055,22.559999465942383,22.709999084472656,58365300,0.0,0.0
2025-03-31 00:00:00-04:00,22.3799991607666,22.75,21.75,22.709999084472656,65832000,0.0,0.0
2025-04-01 00:00:00-04:00,22.559999465942383,22.6200008392334,21.65999984741211,22.049999237060547,64060400,0.0,0.0
2025-04-02 00:00:00-04:00,21.889999389648438,22.3799991607666,21.700000762939453,21.979999542236328,58878800,0.0,0.0
2025-04-03 00:00:00-04:00,21.399999618530273,23.899999618530273,20.860000610351562,22.43000030517578,242972100,0.0,0.0
2025-04-04 00:00:00-04:00,21.700000762939453,22.200000762939453,19.700000762939453,19.850000381469727,175014700,0.0,0.0
2025-04-07 00:00:00-04:00,19.139999389648438,20.670000076293945,18.559999465942383,19.56999969482422,142491200,0.0,0.0
2025-04-08 00:00:00-04:00,20.059999465942383,20.389999389648438,17.670000076293945,18.1299991607666,163982700,0.0,0.0
2025-04-09 00:00:00-04:00,18.06999969482422,21.729999542236328,17.979999542236328,21.530000686645508,224183500,0.0,0.0
2025-04-10 00:00:00-04:00,20.68000030517578,20.81999969482422,19.15999984741211,19.8799991607666,129064900,0.0,0.0
2025-04-11 00:00:00-04:00,19.25,19.799999237060547,18.18000030517578,19.739999771118164,128425800,0.0,0.0
2025-04-14 00:00:00-04:00,20.59000015258789,21.049999237060547,19.979999542236328,20.309999465942383,101964400,0.0,0.0
2025-04-15 00:00:00-04:00,20.200000762939453,20.469999313354492,19.809999465942383,19.850000381469727,64056900,0.0,0.0
2025-04-16 00:00:00-04:00,19.34000015258789,19.43000030517578,18.719999313354492,19.229999542236328,89469700,0.0,0.0
2025-04-17 00:00:00-04:00,18.90999984741211,19.100000381469727,18.559999465942383,18.93000030517578,85433400,0.0,0.0
2025-04-21 00:00:00-04:00,18.93000030517578,18.989999771118164,18.25,18.84000015258789,72409900,0.0,0.0
2025-04-22 00:00:00-04:00,19.059999465942383,19.739999771118164,19.040000915527344,19.510000228881836,83365600,0.0,0.0
2025-04-23 00:00:00-04:00,20.719999313354492,21.030000686645508,20.309999465942383,20.59000015258789,97188100,0.0,0.0
2025-04-24 00:00:00-04:00,21.040000915527344,21.549999237060547,20.8799991607666,21.489999771118164,117086200,0.0,0.0
2025-04-25 00:00:00-04:00,19.729999542236328,20.18000030517578,19.34000015258789,20.049999237060547,147711200,0.0,0.0
2025-04-28 00:00:00-04:00,20.1200008392334,21.079999923706055,20.049999237060547,20.510000228881836,96624400,0.0,0.0
2025-04-29 00:00:00-04:00,20.309999465942383,20.850000381469727,20.219999313354492,20.34000015258789,70031900,0.0,0.0
2025-04-30 00:00:00-04:00,19.709999084472656,20.18000030517578,19.549999237060547,20.100000381469727,68297300,0.0,0.0
2025-05-01 00:00:00-04:00,20.219999313354492,20.649999618530273,19.940000534057617,19.979999542236328,72607500,0.0,0.0
2025-05-02 00:00:00-04:00,20.260000228881836,20.780000686645508,20.209999084472656,20.6200008392334,63298500,0.0,0.0
2025-05-05 00:00:00-04:00,20.389999389648438,20.579999923706055,20.239999771118164,20.270000457763672,44237000,0.0,0.0
2025-05-06 00:00:00-04:00,19.920000076293945,20.1200008392334,19.770000457763672,19.940000534057617,51330800,0.0,0.0
2025-05-07 00:00:00-04:00,19.969999313354492,20.3700008392334,19.81999969482422,20.309999465942383,61002600,0.0,0.0
2025-05-08 00:00:00-04:00,21.010000228881836,21.239999771118164,20.639999389648438,21.0,71651700,0.0,0.0
2025-05-09 00:00:00-04:00,21.200000762939453,21.450000762939453,20.829999923706055,21.420000076293945,51768600,0.0,0.0
2025-05-12 00:00:00-04:00,22.18000030517578,22.670000076293945,21.8799991607666,22.18000030517578,94578700,0.0,0.0
2025-05-13 00:00:00-04:00,22.360000610351562,22.8799991607666,22.299999237060547,22.559999465942383,76850400,0.0,0.0
2025-05-14 00:00:00-04:00,22.350000381469727,22.459999084472656,21.459999084472656,21.520000457763672,91584800,0.0,0.0
2025-05-15 00:00:00-04:00,21.229999542236328,21.6299991607666,21.190000534057617,21.549999237060547,66705500,0.0,0.0
2025-05-16 00:00:00-04:00,21.530000686645508,21.760000228881836,21.350000381469727,21.65999984741211,55795100,0.0,0.0
2025-05-19 00:00:00-04:00,21.18000030517578,21.559999465942383,21.049999237060547,21.3799991607666,64279100,0.0,0.0
2025-05-20 00:00:00-04:00,21.329999923706055,21.40999984741211,21.1200008392334,21.270000457763672,48497400,0.0,0.0
2025-05-21 00:00:00-04:00,21.190000534057617,21.6299991607666,20.59000015258789,20.690000534057617,62904700,0.0,0.0
2025-05-22 00:00:00-04:00,20.729999542236328,20.899999618530273,20.510000228881836,20.549999237060547,56077500,0.0,0.0
2025-05-23 00:00:00-04:00,20.15999984741211,20.270000457763672,19.940000534057617,20.049999237060547,68206100,0.0,0.0
2025-05-27 00:00:00-04:00,20.440000534057617,20.670000076293945,20.18000030517578,20.549999237060547,69504600,0.0,0.0
2025-05-28 00:00:00-04:00,20.56999969482422,20.639999389648438,20.329999923706055,20.3700008392334,46096500,0.0,0.0
2025-05-29 00:00:00-04:00,20.540000915527344,20.600000381469727,20.100000381469727,20.25,66372200,0.0,0.0
2025-05-30 00:00:00-04:00,20.260000228881836,20.260000228881836,19.309999465942383,19.549999237060547,114281900,0.0,0.0
2025-06-02 00:00:00-04:00,19.479999542236328,19.81999969482422,19.3700008392334,19.739999771118164,67885500,0.0,0.0
2025-06-03 00:00:00-04:00,19.75,20.40999984741211,19.399999618530273,20.290000915527344,80401900,0.0,0.0
2025-06-04 00:00:00-04:00,20.34000015258789,20.5,20.010000228881836,20.25,71166500,0.0,0.0
2025-06-05 00:00:00-04:00,20.270000457763672,20.549999237060547,19.850000381469727,19.989999771118164,72458400,0.0,0.0
2025-06-06 00:00:00-04:00,20.170000076293945,20.440000534057617,20.030000686645508,20.059999465942383,70072800,0.0,0.0
2025-06-09 00:00:00-04:00,20.219999313354492,20.959999084472656,20.219999313354492,20.479999542236328,92893900,0.0,0.0
2025-06-10 00:00:00-04:00,20.5,22.440000534057617,20.280000686645508,22.079999923706055,171457000,0.0,0.0
2025-06-11 00:00:00-04:00,21.780000686645508,21.829999923706055,20.3799991607666,20.68000030517578,146784500,0.0,0.0
2025-06-12 00:00:00-04:00,20.5,20.979999542236328,20.40999984741211,20.770000457763672,78175900,0.0,0.0
2025-06-13 00:00:00-04:00,20.329999923706055,20.600000381469727,20.100000381469727,20.139999389648438,87655900,0.0,0.0
2025-06-16 00:00:00-04:00,20.40999984741211,20.93000030517578,20.299999237060547,20.739999771118164,86393600,0.0,0.0
