Date,Open,High,Low,Close,Volume,Dividends,Stock Splits
2020-06-17 00:00:00-04:00,186.85545304847912,188.09139178921902,185.57162171808363,186.09857177734375,25687800,0.0,0.0
2020-06-18 00:00:00-04:00,185.8686191262758,188.25425769653995,185.8686191262758,188.0913848876953,23061600,0.0,0.0
2020-06-19 00:00:00-04:00,190.2662302616709,190.93688730881695,186.2231075527269,186.9704132080078,44441100,0.0,0.0
2020-06-22 00:00:00-04:00,187.58360563324936,192.34529305829906,187.04707994353592,192.16326904296875,32818900,0.0,0.0
2020-06-23 00:00:00-04:00,193.61950037935048,195.4015400419146,192.98716042377694,193.44705200195312,30917400,0.0,0.0
2020-06-24 00:00:00-04:00,193.1500333434356,194.73086849459517,188.3212744692766,189.54762268066406,36740600,0.0,0.0
2020-06-25 00:00:00-04:00,189.50932496716712,192.2015430271898,187.27698387837606,191.94285583496094,27803900,0.0,0.0
2020-06-26 00:00:00-04:00,191.35843741947582,191.51173462779505,186.71173091870725,188.1009521484375,54675800,0.0,0.0
2020-06-29 00:00:00-04:00,187.574046721713,190.20878281171676,185.437519367567,190.12255859375,26701600,0.0,0.0
2020-06-30 00:00:00-04:00,189.585968889164,195.83267600358784,189.45183750006225,194.97998046875,34310300,0.0,0.0
2020-07-01 00:00:00-04:00,194.6255211499115,197.70098256301688,193.31294846872325,196.12013244628906,32061200,0.0,0.0
2020-07-02 00:00:00-04:00,197.05908507961797,199.30101701630502,196.40759373713468,197.61477661132812,29315800,0.0,0.0
2020-07-06 00:00:00-04:00,200.07706702491933,202.28066737309322,199.36807824286504,201.86868286132812,31897600,0.0,0.0
2020-07-07 00:00:00-04:00,201.6291326622737,205.6722554862354,199.2722500267943,199.52134704589844,33600700,0.0,0.0
2020-07-08 00:00:00-04:00,201.26505176370065,204.3213325893784,199.94288893945347,203.90936279296875,33600000,0.0,0.0
2020-07-09 00:00:00-04:00,207.2626608673324,207.31056807147002,202.6063642381437,205.3369140625,33121700,0.0,0.0
2020-07-10 00:00:00-04:00,204.6662498986094,205.1069757258136,202.23271880356717,204.7141571044922,26177600,0.0,0.0
2020-07-13 00:00:00-04:00,205.49021185970298,206.75489197026513,197.84469225248222,198.39080810546875,38135600,0.0,0.0
2020-07-14 00:00:00-04:00,197.49020560640852,200.09619982171807,193.56204847648868,199.61715698242188,37591800,0.0,0.0
2020-07-15 00:00:00-04:00,200.77640828518986,202.47222382543762,196.4362818534303,199.3201141357422,32179400,0.0,0.0
2020-07-16 00:00:00-04:00,196.79081135729675,197.0782400122111,193.83032983590473,195.3728485107422,29940700,0.0,0.0
2020-07-17 00:00:00-04:00,195.89978710275213,196.44588835771034,192.94888134945083,194.37643432617188,31635300,0.0,0.0
2020-07-20 00:00:00-04:00,196.4075258999188,203.4015529167852,194.50093050753048,202.73089599609375,36884800,0.0,0.0
2020-07-21 00:00:00-04:00,204.7045699499503,204.97283274467122,199.3105434190192,200.0003662109375,37990400,0.0,0.0
2020-07-22 00:00:00-04:00,200.43151248900887,203.40158381365865,199.65546546152484,202.8746337890625,49605700,0.0,0.0
2020-07-23 00:00:00-04:00,198.50575057010292,202.079405634506,193.6769911352823,194.05064392089844,67457000,0.0,0.0
2020-07-24 00:00:00-04:00,192.01953553978714,194.3572670026915,189.23150262529578,192.86265563964844,39827000,0.0,0.0
2020-07-27 00:00:00-04:00,193.0255222872974,195.42073647697526,192.4410894402469,195.30577087402344,30160900,0.0,0.0
2020-07-28 00:00:00-04:00,195.07582771240598,196.12013760474971,193.2842121522174,193.55247497558594,23251400,0.0,0.0
2020-07-29 00:00:00-04:00,194.0123164286746,196.07219443442497,193.54284926427198,195.50692749023438,19632600,0.0,0.0
2020-07-30 00:00:00-04:00,192.57521049122226,195.89019318387906,191.20515506565272,195.35365295410156,25079600,0.0,0.0
2020-07-31 00:00:00-04:00,195.83269669820726,196.50336833381417,190.6686157432386,196.41712951660156,51044000,0.0,0.0
2020-08-03 00:00:00-04:00,202.65424287363794,208.51772127668497,201.61950881088418,207.4638214111328,78983000,0.0,0.0
2020-08-04 00:00:00-04:00,205.19318712810264,205.76804432439195,201.4949762006801,204.35006713867188,49280100,0.0,0.0
2020-08-05 00:00:00-04:00,205.89261028578034,205.9884247031007,202.70219778204324,204.0147705078125,28806400,0.0,0.0
2020-08-06 00:00:00-04:00,203.43991211560916,207.3009962807494,202.68303085218935,207.28184509277344,32656800,0.0,0.0
2020-08-07 00:00:00-04:00,205.8447085853178,206.6590726195856,202.08899995716098,203.57403564453125,27820400,0.0,0.0
2020-08-10 00:00:00-04:00,202.79799838593433,202.99920281541554,197.70099006339882,199.52134704589844,36716500,0.0,0.0
2020-08-11 00:00:00-04:00,198.47701588010221,198.9464684665569,194.62550768489723,194.85545349121094,36446500,0.0,0.0
2020-08-12 00:00:00-04:00,196.68540826683247,201.46626120547887,196.16804841775132,200.4219512939453,28013100,0.0,0.0
2020-08-13 00:00:00-04:00,200.66142687829444,202.49137366837272,199.42548841242456,199.9524383544922,22588900,0.0,0.0
2020-08-14 00:00:00-04:00,200.00997258590266,200.8051854995055,198.81236541828898,200.14410400390625,17958900,0.0,0.0
2020-08-17 00:00:00-04:00,200.8147563394942,202.3381090011182,200.16325050116794,201.46624755859375,20184800,0.0,0.0
2020-08-18 00:00:00-04:00,201.7057198567468,203.45901790838937,200.44105471968098,202.62548828125,21336200,0.0,0.0
2020-08-19 00:00:00-04:00,203.11532137379675,203.7011668832375,200.96401670782853,201.3961944580078,27627600,0.51,0.0
2020-08-20 00:00:00-04:00,201.24251521868314,206.4863136314716,200.637472264773,206.08294677734375,26981500,0.0,0.0
2020-08-21 00:00:00-04:00,205.39148111919297,207.68684029394694,204.42148080548662,204.58474731445312,36249300,0.0,0.0
2020-08-24 00:00:00-04:00,206.2846433660355,206.98574705184538,204.0180951120791,205.22821044921875,25460100,0.0,0.0
2020-08-25 00:00:00-04:00,204.6615686502585,208.03257269130896,204.6615686502585,207.8981170654297,23043700,0.0,0.0
2020-08-26 00:00:00-04:00,209.2522742741493,213.29555620414402,208.75286141291292,212.3927764892578,39600800,0.0,0.0
2020-08-27 00:00:00-04:00,214.06391898104908,221.99683117871206,210.71211201268858,217.60780334472656,57602200,0.0,0.0
2020-08-28 00:00:00-04:00,219.14440113397762,221.50699520620194,217.60776756950182,219.8455047607422,26292900,0.0,0.0
2020-08-31 00:00:00-04:00,218.0111567167562,219.64383645729026,215.42767414485365,216.599365234375,28774200,0.0,0.0
2020-09-01 00:00:00-04:00,216.5801610879219,218.44334254996568,215.54292559396254,218.27047729492188,25725500,0.0,0.0
2020-09-02 00:00:00-04:00,218.94277951435643,223.63914330108395,218.34733514222197,222.47705078125,34080800,0.0,0.0
2020-09-03 00:00:00-04:00,220.19127483386666,220.22968444914244,206.4479305385887,208.6952667236328,58400300,0.0,0.0
2020-09-04 00:00:00-04:00,206.58238418606985,209.71328803798121,197.06480108183683,205.7660369873047,59664100,0.0,0.0
2020-09-08 00:00:00-04:00,198.32293318553906,201.71314970879104,194.19320331662198,194.63499450683594,52924300,0.0,0.0
2020-09-09 00:00:00-04:00,199.37940866967836,206.33270794359146,198.51503830407134,202.92327880859375,45679000,0.0,0.0
2020-09-10 00:00:00-04:00,204.94969453481173,206.23664380972983,196.02757016424147,197.2376708984375,35461500,0.0,0.0
2020-09-11 00:00:00-04:00,198.99520056074192,200.36858241370766,193.2712154622294,195.9507293701172,33620100,0.0,0.0
2020-09-14 00:00:00-04:00,196.15239409284695,200.91597699740282,195.950703343764,197.27606201171875,30375800,0.0,0.0
2020-09-15 00:00:00-04:00,200.1668739009576,201.47302049470625,198.73587042584893,200.5126190185547,21823900,0.0,0.0
2020-09-16 00:00:00-04:00,202.2798040655635,202.30861494458284,196.5366059261538,196.9303741455078,26328100,0.0,0.0
2020-09-17 00:00:00-04:00,192.12831231186047,196.2388293306999,192.04187969876673,194.87506103515625,34011300,0.0,0.0
2020-09-18 00:00:00-04:00,194.7694820632117,195.5858147757098,188.47884753310404,192.4549102783203,55225300,0.0,0.0
2020-09-21 00:00:00-04:00,189.38160480843675,194.68302605051372,188.603681812148,194.51974487304688,39839700,0.0,0.0
2020-09-22 00:00:00-04:00,196.93997901103268,199.85960851536447,194.077985921099,199.20652770996094,33517100,0.0,0.0
2020-09-23 00:00:00-04:00,199.66745926371297,199.85955128089475,192.109104402726,192.6469268798828,30803800,0.0,0.0
2020-09-24 00:00:00-04:00,191.93627447628725,197.4297730540802,191.312004614749,195.14401245117188,31202500,0.0,0.0
2020-09-25 00:00:00-04:00,195.48976373093728,200.76235954382076,194.51974866099025,199.59068298339844,29437300,0.0,0.0
2020-09-28 00:00:00-04:00,202.52948018753506,204.1525611247907,199.82114082735507,201.14649963378906,32004900,0.0,0.0
2020-09-29 00:00:00-04:00,201.0600763647072,201.75156667374338,198.620648148228,199.05282592773438,24221900,0.0,0.0
2020-09-30 00:00:00-04:00,199.50418636439377,203.5858924708185,198.3613063098648,202.00123596191406,33829100,0.0,0.0
2020-10-01 00:00:00-04:00,205.03613320542445,205.51633398281396,202.95206359010166,204.0469207763672,27158400,0.0,0.0
2020-10-02 00:00:00-04:00,199.76354745713493,202.6351537274752,197.40095289977685,198.0252227783203,33154800,0.0,0.0
2020-10-05 00:00:00-04:00,199.01444348604974,202.07812728517993,198.78394180004324,202.04931640625,21331600,0.0,0.0
2020-10-06 00:00:00-04:00,200.55105864789076,201.8571906871355,196.70945244898837,197.75628662109375,28554300,0.0,0.0
2020-10-07 00:00:00-04:00,198.86075581411842,201.7899836672014,198.53422278251327,201.5210723876953,25681100,0.0,0.0
2020-10-08 00:00:00-04:00,202.17414363529622,202.82722436981922,200.07087635691752,202.2413787841797,19925800,0.0,0.0
2020-10-09 00:00:00-04:00,202.8656557507978,207.31232050333938,202.8656557507978,207.26429748535156,26458000,0.0,0.0
2020-10-12 00:00:00-04:00,210.1262854993607,214.99552924534586,208.22469420040088,212.6329345703125,40461400,0.0,0.0
2020-10-13 00:00:00-04:00,213.90062433155887,216.29202935426724,211.7012966789068,214.0350799560547,28950800,0.0,0.0
2020-10-14 00:00:00-04:00,214.16959329447866,215.3412846185,210.45284315860573,212.1143341064453,23421700,0.0,0.0
2020-10-15 00:00:00-04:00,208.50318163632085,211.63408540270825,207.45633281301943,210.96180725097656,22733100,0.0,0.0
2020-10-16 00:00:00-04:00,211.43239462990644,213.48765335352311,210.6352742422161,210.96180725097656,26057900,0.0,0.0
2020-10-19 00:00:00-04:00,211.69174668127602,213.4973066155741,205.25705804814436,205.7372589111328,27625800,0.0,0.0
2020-10-20 00:00:00-04:00,207.2546935460719,208.76251662201668,204.65199844390534,206.1502227783203,22753500,0.0,0.0
2020-10-21 00:00:00-04:00,204.68082886379068,208.33035866924627,204.68082886379068,206.2943115234375,22724900,0.0,0.0
2020-10-22 00:00:00-04:00,205.4586995787532,207.50435959979706,203.3170081940359,206.3806915283203,22351500,0.0,0.0
2020-10-23 00:00:00-04:00,206.51513889792986,207.7156408050492,204.7191927343399,207.66761779785156,18879600,0.0,0.0
2020-10-26 00:00:00-04:00,205.38190309336022,207.7732938739257,199.85959348811673,201.7611846923828,37111600,0.0,0.0
2020-10-27 00:00:00-04:00,203.21137857142563,206.169417367795,202.0012777861424,204.80564880371094,36700300,0.0,0.0
2020-10-28 00:00:00-04:00,199.446583708592,200.5702517386346,194.09715481405252,194.6541748046875,51195600,0.0,0.0
2020-10-29 00:00:00-04:00,195.9891177640134,199.14883187415336,195.31682507054512,196.61337280273438,31432600,0.0,0.0
2020-10-30 00:00:00-04:00,195.44175780465162,196.20046874566228,191.7153942931651,194.45254516601562,36953700,0.0,0.0
2020-11-02 00:00:00-05:00,196.20047931662495,197.15128238416838,192.1956055274786,194.31809997558594,30842200,0.0,0.0
2020-11-03 00:00:00-05:00,195.81629302920805,199.87878793026076,195.07677965090937,198.25570678710938,27512000,0.0,0.0
2020-11-04 00:00:00-05:00,205.54514209769113,209.67487165871327,204.00849376884793,207.8212890625,42311800,0.0,0.0
2020-11-05 00:00:00-05:00,213.24760264543318,215.24524008635552,212.39284565598464,214.44810485839844,36080100,0.0,0.0
2020-11-06 00:00:00-05:00,213.45887580060662,215.4757252251983,209.3963807274589,214.86106872558594,25231900,0.0,0.0
2020-11-09 00:00:00-05:00,215.5525596748849,219.08683089312086,209.25232687398287,209.74212646484375,44395000,0.0,0.0
2020-11-10 00:00:00-05:00,206.0061651265541,207.9269685309975,201.41544616229973,202.65435791015625,44045100,0.0,0.0
2020-11-11 00:00:00-05:00,203.9797312255418,209.40599536106023,203.79725254461698,207.97500610351562,29440800,0.0,0.0
2020-11-12 00:00:00-05:00,208.60883520068344,210.43359235451078,205.9677308359219,206.90892028808594,21593900,0.0,0.0
2020-11-13 00:00:00-05:00,207.7925148190157,208.8105382881452,205.6796339853135,207.9365692138672,18621100,0.0,0.0
2020-11-16 00:00:00-05:00,206.3615032186207,209.11786599098707,206.02537142510928,208.6280517578125,24953300,0.0,0.0
2020-11-17 00:00:00-05:00,207.54281640460673,209.06023821778518,205.6028008376703,205.96775817871094,24154100,0.0,0.0
2020-11-18 00:00:00-05:00,205.72697502743802,207.19061130141648,203.10784261839467,203.25228881835938,28372800,0.56,0.0
2020-11-19 00:00:00-05:00,203.54119160883235,205.1299971537273,202.14495163509352,204.54261779785156,24792700,0.0,0.0
2020-11-20 00:00:00-05:00,204.3307815723391,205.38035653386234,202.21236921439393,202.58790588378906,22843100,0.0,0.0
2020-11-23 00:00:00-05:00,203.12711368188866,204.4174175093251,200.44058468637957,202.31826782226562,25683500,0.0,0.0
2020-11-24 00:00:00-05:00,201.8175740349854,206.30476641302658,201.11464942330534,205.92922973632812,33979700,0.0,0.0
2020-11-25 00:00:00-05:00,207.13284857044923,207.30616638715045,204.58112720502842,205.93882751464844,21012900,0.0,0.0
2020-11-27 00:00:00-05:00,206.88253021746993,208.2498693180052,206.10255583344318,207.24842834472656,14512200,0.0,0.0
2020-11-30 00:00:00-05:00,206.16031025318807,206.79582361196043,203.02119486061437,206.1314239501953,33064800,0.0,0.0
2020-12-01 00:00:00-05:00,206.55510866026424,209.26091499887167,205.43813725180692,208.19207763671875,30904500,0.0,0.0
2020-12-02 00:00:00-05:00,206.9113898033444,207.4795067033715,204.90852280838254,207.38320922851562,23724500,0.0,0.0
2020-12-03 00:00:00-05:00,206.65139444216604,208.35575980273816,205.72698865711277,206.2951202392578,25120900,0.0,0.0
2020-12-04 00:00:00-05:00,206.27585214726403,207.39283815478925,205.2744113498514,206.41065979003906,24666000,0.0,0.0
2020-12-07 00:00:00-05:00,206.42028149687246,207.54689136245784,205.0914675157089,206.34324645996094,24620000,0.0,0.0
2020-12-08 00:00:00-05:00,206.03512389881018,208.90460927264132,204.99517292529603,207.9994659423828,23284100,0.0,0.0
2020-12-09 00:00:00-05:00,207.18100061683145,207.24839709342632,203.3774855292624,203.9456024169922,32440600,0.0,0.0
2020-12-10 00:00:00-05:00,203.91671869066522,205.17813625808205,202.55900364926,202.71307373046875,26733300,0.0,0.0
2020-12-11 00:00:00-05:00,202.26050363451907,205.40924298908126,201.35536026649135,205.35145568847656,30979400,0.0,0.0
2020-12-14 00:00:00-05:00,205.1974082570739,208.1920776453613,204.9855655587694,206.25660705566406,28798400,0.0,0.0
2020-12-15 00:00:00-05:00,207.190604499529,207.43133346530337,204.36926807325986,206.18917846679688,27000600,0.0,0.0
2020-12-16 00:00:00-05:00,206.7862304214941,211.94746125395747,206.75734411421567,211.1482391357422,35023300,0.0,0.0
2020-12-17 00:00:00-05:00,211.71629868655242,212.69847694645915,209.83861575800245,211.28298950195312,32515800,0.0,0.0
2020-12-18 00:00:00-05:00,210.48379516601562,211.54300859413542,208.0091088009451,210.48379516601562,63354900,0.0,0.0
2020-12-21 00:00:00-05:00,209.4823594895829,215.6931641802954,209.2223680794521,214.33544921875,37181900,0.0,0.0
2020-12-22 00:00:00-05:00,214.43176152147345,217.26273684805577,213.62291562614473,215.63540649414062,22612200,0.0,0.0
2020-12-23 00:00:00-05:00,214.8361600730579,215.2694692754266,212.61182676702595,212.82366943359375,18699600,0.0,0.0
2020-12-24 00:00:00-05:00,213.208897969581,215.317686746314,212.99705523538367,214.4895782470703,10550600,0.0,0.0
2020-12-28 00:00:00-05:00,216.12653335031368,217.64794267566884,214.74957026751082,216.6176300048828,17933500,0.0,0.0
2020-12-29 00:00:00-05:00,217.91751805737886,218.75525027736376,215.2887614859926,215.83761596679688,17403200,0.0,0.0
2020-12-30 00:00:00-05:00,216.87758352145826,217.26275876733052,213.2570243678587,213.459228515625,20272300,0.0,0.0
2020-12-31 00:00:00-05:00,213.47846751495206,214.73026121397862,211.53337314240096,214.17176818847656,20942100,0.0,0.0
2021-01-04 00:00:00-05:00,214.27772863444477,214.73030039816265,206.8440148174234,209.61721801757812,37130100,0.0,0.0
2021-01-05 00:00:00-05:00,209.2031160874575,210.4163995999961,207.70096954139206,209.8193817138672,23823000,0.0,0.0
2021-01-06 00:00:00-05:00,204.30190171848312,208.46170621201424,204.08043513541824,204.37893676757812,35930700,0.0,0.0
2021-01-07 00:00:00-05:00,206.10255291692314,211.2060111195895,205.78480353780907,210.1949462890625,27694500,0.0,0.0
2021-01-08 00:00:00-05:00,210.57045783119477,212.40000699485586,208.9816523536104,211.47560119628906,22956200,0.0,0.0
2021-01-11 00:00:00-05:00,210.36825989009438,210.79194528135557,208.69278075908844,209.4246063232422,23031300,0.0,0.0
2021-01-12 00:00:00-05:00,208.47134964004505,209.0491052159904,205.4092832891648,206.95956420898438,23249300,0.0,0.0
2021-01-13 00:00:00-05:00,206.08325779657693,208.72163786646962,205.99658420199273,208.3172149658203,20087100,0.0,0.0
2021-01-14 00:00:00-05:00,207.90320332267183,209.39572610602872,204.85076127426112,205.12037658691406,29480800,0.0,0.0
2021-01-15 00:00:00-05:00,205.601846104287,206.55512362273902,204.16709585152313,204.76409912109375,31746500,0.0,0.0
2021-01-19 00:00:00-05:00,205.8232972815894,208.93351188204568,204.74483605137272,208.41354370117188,30480900,0.0,0.0
2021-01-20 00:00:00-05:00,209.62683690044295,217.41682480407795,209.23203776396883,216.02059936523438,37777300,0.0,0.0
2021-01-21 00:00:00-05:00,216.36723633227427,217.90790790964056,214.17178888493385,216.62722778320312,30709400,0.0,0.0
2021-01-22 00:00:00-05:00,218.65896157091333,221.53808562831492,217.4264302971937,217.57086181640625,30172700,0.0,0.0
2021-01-25 00:00:00-05:00,220.62334355245156,221.25887173765844,215.9050602953484,221.0181427001953,33152100,0.0,0.0
2021-01-26 00:00:00-05:00,223.2617379288762,225.49569574456467,221.54774836650682,223.7143096923828,49169600,0.0,0.0
2021-01-27 00:00:00-05:00,229.1739998613671,231.52351716879807,221.6054797824299,224.26312255859375,69870600,0.0,0.0
2021-01-28 00:00:00-05:00,226.87264547692646,233.6419439643718,226.37192502937796,230.06951904296875,49111200,0.0,0.0
2021-01-29 00:00:00-05:00,227.23853648764572,229.19325465765945,222.77060714290988,223.3579864501953,42503100,0.0,0.0
2021-02-01 00:00:00-05:00,226.34302142864746,233.5071184656375,223.81054777200376,230.76280212402344,33314200,0.0,0.0
2021-02-02 00:00:00-05:00,232.35161847748856,233.32415828415557,229.83840729484163,230.62799072265625,25916300,0.0,0.0
2021-02-03 00:00:00-05:00,230.68579162060908,236.00107732593798,230.38727532055444,233.98858642578125,27158100,0.0,0.0
2021-02-04 00:00:00-05:00,233.6611977887063,234.21969082636647,231.45611194234698,233.03529357910156,25296100,0.0,0.0
2021-02-05 00:00:00-05:00,233.24711750312878,234.25818215041332,231.50424205138432,233.21823120117188,18054800,0.0,0.0
2021-02-08 00:00:00-05:00,234.13303208811857,234.6433764200728,231.879812053498,233.47825622558594,22211900,0.0,0.0
2021-02-09 00:00:00-05:00,232.90044683685136,235.6832729946856,232.4286274841601,234.72999572753906,23565000,0.0,0.0
2021-02-10 00:00:00-05:00,235.91439619763204,236.80027706510006,231.95681124921168,233.81524658203125,22186700,0.0,0.0
2021-02-11 00:00:00-05:00,235.7026095746687,236.05888384170802,233.17013544620877,235.42337036132812,15751100,0.0,0.0
2021-02-12 00:00:00-05:00,234.8840819016654,236.20328675149594,233.7285856940002,235.90478515625,16561100,0.0,0.0
2021-02-16 00:00:00-05:00,235.94330822741708,237.0025217132221,233.91155486314173,234.66262817382812,26728500,0.0,0.0
2021-02-17 00:00:00-05:00,232.90607856108954,235.79181898578886,232.53932303148682,235.68565368652344,21653500,0.56,0.0
2021-02-18 00:00:00-05:00,233.36937106473076,235.4250961791194,232.46214287704817,235.28997802734375,16925600,0.0,0.0
2021-02-19 00:00:00-05:00,235.25136918771977,235.35753449724464,231.80583437322684,232.56829833984375,25262600,0.0,0.0
2021-02-22 00:00:00-05:00,229.1420850074163,229.63429798669347,224.29710878549207,226.3335418701172,36446900,0.0,0.0
2021-02-23 00:00:00-05:00,222.29926881223878,226.64237089057255,220.75504884923313,225.1367645263672,30228700,0.0,0.0
2021-02-24 00:00:00-05:00,221.9904157335927,226.99946241478764,221.01563591612486,226.37213134765625,26339700,0.0,0.0
2021-02-25 00:00:00-05:00,223.98822571657408,226.41070594627433,219.9346672150681,221.00596618652344,39542200,0.0,0.0
2021-02-26 00:00:00-05:00,223.4574318770251,227.16354220659915,221.53681027607436,224.27780151367188,37819200,0.0,0.0
2021-03-01 00:00:00-05:00,227.67503991012973,229.19030692771832,225.02092216552478,228.6787872314453,25324000,0.0,0.0
2021-03-02 00:00:00-05:00,228.74637055743898,229.0262676234659,225.31049637662178,225.71585083007812,22812500,0.0,0.0
2021-03-03 00:00:00-05:00,224.0654449168302,225.43593301334528,219.3362809171999,219.62582397460938,34029500,0.0,0.0
2021-03-04 00:00:00-05:00,218.8344288289104,224.38394781665767,216.44088655787567,218.82476806640625,44727800,0.0,0.0
2021-03-05 00:00:00-05:00,221.5175138259382,225.1367655747364,218.5642067552026,223.52499389648438,41872800,0.0,0.0
2021-03-08 00:00:00-05:00,223.3030051783677,225.23327280071229,219.21084724413203,219.46177673339844,35267400,0.0,0.0
2021-03-09 00:00:00-05:00,224.7603071992306,227.17314108885898,223.59248911687195,225.62892150878906,33080500,0.0,0.0
2021-03-10 00:00:00-05:00,228.73672102262907,228.73672102262907,223.949650676721,224.31640625,29746800,0.0,0.0
2021-03-11 00:00:00-05:00,226.7678289200637,230.8310336985803,226.1404831560715,228.86216735839844,29907600,0.0,0.0
2021-03-12 00:00:00-05:00,225.8509506169985,227.5978551297582,225.09814744653752,227.53028869628906,22653700,0.0,0.0
2021-03-15 00:00:00-04:00,226.76782576934298,226.98980240187598,223.72764570940294,226.623046875,26034900,0.0,0.0
2021-03-16 00:00:00-04:00,228.0418175338921,231.69002219090973,227.71367556991711,229.42196655273438,28092200,0.0,0.0
2021-03-17 00:00:00-04:00,227.91634581988245,230.23267582514157,225.09815683124123,228.7753143310547,29562100,0.0,0.0
2021-03-18 00:00:00-04:00,224.45150173889445,226.02467445832062,222.29925760760807,222.6756591796875,34833000,0.0,0.0
2021-03-19 00:00:00-04:00,222.96521086600634,224.36465190721847,221.35343921420778,222.31857299804688,46430700,0.0,0.0
2021-03-22 00:00:00-04:00,222.241350930954,228.64017762727764,222.11587883190595,227.7619171142578,30127000,0.0,0.0
2021-03-23 00:00:00-04:00,229.20960451533284,232.64547808309152,228.80425013420336,229.2964630126953,31638400,0.0,0.0
2021-03-24 00:00:00-04:00,229.5570657763023,229.70182994648408,227.11527859408858,227.25039672851562,25620100,0.0,0.0
2021-03-25 00:00:00-04:00,227.09596856717204,228.6787872880025,223.49602389436822,224.23916625976562,34061900,0.0,0.0
2021-03-26 00:00:00-04:00,223.47674522544813,228.45683941055526,223.47674522544813,228.23484802246094,25479900,0.0,0.0
2021-03-29 00:00:00-04:00,228.34097707042457,228.54366162589199,223.7952056198434,227.03805541992188,25227500,0.0,0.0
2021-03-30 00:00:00-04:00,225.38768350058652,225.69653336949372,223.04241555650822,223.76626586914062,24792000,0.0,0.0
2021-03-31 00:00:00-04:00,224.7893229912808,230.76350373165258,224.28744927816783,227.5496063232422,43623500,0.0,0.0
2021-04-01 00:00:00-04:00,230.15546824503565,234.37309841770448,229.7501137990221,233.9001922607422,30338000,0.0,0.0
2021-04-05 00:00:00-04:00,234.29588781932924,241.24486331170138,234.23798214468843,240.38589477539062,36910600,0.0,0.0
2021-04-06 00:00:00-04:00,238.97677990540257,240.70436292110418,238.2722363575573,239.2180633544922,22931900,0.0,0.0
2021-04-07 00:00:00-04:00,239.1697941467853,242.1810067583357,238.5714159295599,241.18692016601562,22719800,0.0,0.0
2021-04-08 00:00:00-04:00,243.95687539631507,245.27910399325341,243.21371824484822,244.42013549804688,23625200,0.0,0.0
2021-04-09 00:00:00-04:00,244.0534099645916,247.0646378132302,243.6384094472879,246.9295196533203,24326800,0.0,0.0
2021-04-12 00:00:00-04:00,245.82925380369397,248.68605653049582,245.74238056329435,246.98741149902344,27148700,0.0,0.0
2021-04-13 00:00:00-04:00,248.2903516862392,250.15305300798045,247.87532173265367,249.47744750976562,23837500,0.0,0.0
2021-04-14 00:00:00-04:00,248.50264472916203,249.8055517087764,246.26352739476826,246.67852783203125,23070900,0.0,0.0
2021-04-15 00:00:00-04:00,248.93700307403802,250.8672710548304,248.74399394808995,250.4522705078125,25627500,0.0,0.0
2021-04-16 00:00:00-04:00,250.42327744872844,251.8999310387447,248.6184818891027,251.64898681640625,24878600,0.0,0.0
2021-04-19 00:00:00-04:00,251.11817532705464,252.36320622338988,248.83081284664505,249.71871948242188,23209300,0.0,0.0
2021-04-20 00:00:00-04:00,248.83078618875894,251.1278091865846,247.88494452684714,249.2554473876953,19722900,0.0,0.0
2021-04-21 00:00:00-04:00,249.91174849635092,251.59107188300158,248.28067001827566,251.4945526123047,24030400,0.0,0.0
2021-04-22 00:00:00-04:00,251.13744610153964,252.6527131654989,246.72679249981408,248.20346069335938,25606200,0.0,0.0
2021-04-23 00:00:00-04:00,248.88868584716414,252.39212592702822,248.29993896822205,252.04466247558594,21462600,0.0,0.0
2021-04-26 00:00:00-04:00,252.53687459750554,253.28967766697224,251.09883488297672,252.43069458007812,19763300,0.0,0.0
2021-04-27 00:00:00-04:00,252.45965855098842,254.0135391131492,251.05057160566682,252.83607482910156,31014200,0.0,0.0
2021-04-28 00:00:00-04:00,247.15144095800966,247.59542369534182,244.13058229538743,245.6844482421875,46903100,0.0,0.0
2021-04-29 00:00:00-04:00,246.553073695862,247.17075870539085,240.31830320521595,243.70591735839844,40589000,0.0,0.0
2021-04-30 00:00:00-04:00,241.0325369101685,244.2560804870284,240.89741875804782,243.387451171875,30945100,0.0,0.0
2021-05-03 00:00:00-04:00,244.56489758590888,245.48178647191602,242.36439371303774,243.07859802246094,19626600,0.0,0.0
2021-05-04 00:00:00-04:00,242.2196305734956,242.45126798676034,237.19127700382506,239.15049743652344,32756100,0.0,0.0
2021-05-05 00:00:00-04:00,240.37621885511075,240.80088007806515,237.24919480748818,237.87652587890625,21901300,0.0,0.0
2021-05-06 00:00:00-04:00,237.85720494915813,241.14831450476535,236.15857488502473,241.02284240722656,26491100,0.0,0.0
2021-05-07 00:00:00-04:00,243.35848047928084,245.43352697425988,242.41265348382987,243.65768432617188,27032900,0.0,0.0
2021-05-10 00:00:00-04:00,242.12306722597756,242.95308273061082,238.50381614067626,238.5617218017578,29299900,0.0,0.0
2021-05-11 00:00:00-04:00,236.02344939541925,238.00197642673814,234.11248879198368,237.64486694335938,33641600,0.0,0.0
2021-05-12 00:00:00-04:00,233.72643382946092,235.85938585438927,229.7693943690945,230.66696166992188,36684400,0.0,0.0
2021-05-13 00:00:00-04:00,233.3693622947048,237.03687378235696,233.00260672790753,234.5564727783203,29624300,0.0,0.0
2021-05-14 00:00:00-04:00,237.0175388221205,240.49201135016557,236.93068032244304,239.4979248046875,23901100,0.0,0.0
2021-05-17 00:00:00-04:00,237.9537435768014,237.99234244938484,235.0293893133968,236.63150024414062,24970200,0.0,0.0
2021-05-18 00:00:00-04:00,237.68353110267162,237.8186492604114,234.43101982594882,234.60475158691406,20168000,0.0,0.0
2021-05-19 00:00:00-04:00,231.4994866163232,235.29154533892452,230.8126675990261,235.1851348876953,25739800,0.56,0.0
2021-05-20 00:00:00-04:00,235.99772805935274,239.85749443243662,235.90098591895168,238.4354705810547,21800700,0.0,0.0
2021-05-21 00:00:00-04:00,239.48989126289104,240.22508129568112,236.75225418755065,237.168212890625,21863100,0.0,0.0
2021-05-24 00:00:00-04:00,239.7027196949933,242.96274098079692,239.43185940713963,242.5951385498047,21411500,0.0,0.0
2021-05-25 00:00:00-04:00,243.55281137496547,244.5008222997272,242.63382013845728,243.5044403076172,17704300,0.0,0.0
2021-05-26 00:00:00-04:00,243.22389776682317,244.68462429730863,242.56609848322825,243.28195190429688,17771600,0.0,0.0
2021-05-27 00:00:00-04:00,242.97242093958207,243.27230093259868,241.11508683634887,241.17312622070312,24426200,0.0,0.0
2021-05-28 00:00:00-04:00,242.807946487655,243.85269958248085,241.41494236122048,241.53102111816406,18270200,0.0,0.0
2021-06-01 00:00:00-04:00,243.0304700144353,243.0885094011038,238.89984288154076,239.32546997070312,23213300,0.0,0.0
2021-06-02 00:00:00-04:00,240.03162651736798,241.13441901461294,237.81635845240393,239.2287139892578,19406700,0.0,0.0
2021-06-03 00:00:00-04:00,237.2166151494074,238.3000563424607,235.06906938404882,237.6906280517578,25307700,0.0,0.0
2021-06-04 00:00:00-04:00,239.67370569685207,243.4367448861745,239.43186509404015,242.6048126220703,25281100,0.0,0.0
2021-06-07 00:00:00-04:00,241.82124540316434,245.7971054047232,241.6567955686447,245.5262451171875,23079200,0.0,0.0
2021-06-08 00:00:00-04:00,246.83215535983035,247.6544191769982,244.26863653975062,244.32669067382812,22455000,0.0,0.0
2021-06-09 00:00:00-04:00,245.52625169786907,247.19011622920024,244.9458431064985,245.3134307861328,17937600,0.0,0.0
2021-06-10 00:00:00-04:00,245.99055296376196,249.057089685856,245.3907930607438,248.84426879882812,24563600,0.0,0.0
2021-06-11 00:00:00-04:00,249.56981137579473,250.05349256658252,248.23484656577125,249.4730987548828,18999700,0.0,0.0
2021-06-14 00:00:00-04:00,249.48278073944263,251.46589156063672,248.41867609411415,251.40785217285156,19150500,0.0,0.0
2021-06-15 00:00:00-04:00,251.2917035534177,251.50452444833414,249.2699198124895,249.92771911621094,18038900,0.0,0.0
2021-06-16 00:00:00-04:00,250.93378234700253,252.07526281054376,246.1163220795132,248.97972106933594,27220000,0.0,0.0
2021-06-17 00:00:00-04:00,247.71253948860925,253.20715178114932,247.65450009634432,252.3848876953125,27565500,0.0,0.0
2021-06-18 00:00:00-04:00,251.15626807393355,253.73910877387,250.30498456240804,250.96278381347656,37202200,0.0,0.0
2021-06-21 00:00:00-04:00,251.3401093654806,254.91933258256324,249.50212668410757,254.0583953857422,26696100,0.0,0.0
2021-06-22 00:00:00-04:00,254.1454416058992,257.1152511503635,253.83587856405688,256.8443908691406,24694100,0.0,0.0
2021-06-23 00:00:00-04:00,257.3087152433959,258.12129611653836,255.7996322616232,256.6122131347656,19518700,0.0,0.0
2021-06-24 00:00:00-04:00,257.47316949097063,259.10801424243357,256.8056871002997,257.9858703613281,21446900,0.0,0.0
2021-06-25 00:00:00-04:00,257.5409216930038,258.5276207872366,256.1188976775025,256.3703918457031,25611100,0.0,0.0
2021-06-28 00:00:00-04:00,257.50222011018576,260.12376415677653,257.2313597974926,259.94964599609375,19590000,0.0,0.0
2021-06-29 00:00:00-04:00,260.0947493609752,262.78401591676874,259.2338120914586,262.54217529296875,19937800,0.0,0.0
2021-06-30 00:00:00-04:00,261.8553338390695,262.50345012346537,260.80091235187956,262.0584716796875,21656500,0.0,0.0
2021-07-01 00:00:00-04:00,260.8105550251696,262.9677837431567,260.80090147610525,262.7356262207031,16725300,0.0,0.0
2021-07-02 00:00:00-04:00,263.9158178662931,268.9267480285578,263.60625481216545,268.5881652832031,26458000,0.0,0.0
2021-07-06 00:00:00-04:00,268.95578926737534,270.2520514486332,265.34751658741817,268.5978698730469,31565600,0.0,0.0
2021-07-07 00:00:00-04:00,270.28100037232684,271.52890591143546,268.1044353611514,270.793701171875,23260000,0.0,0.0
2021-07-08 00:00:00-04:00,267.8626447928614,269.6329345310581,265.8989002860557,268.3656921386719,24618600,0.0,0.0
2021-07-09 00:00:00-04:00,266.7212281732726,268.9751701340681,266.33428902174285,268.8687744140625,23916700,0.0,0.0
2021-07-12 00:00:00-04:00,270.04886399300807,270.6389408273715,267.55305271970633,268.2689208984375,18931700,0.0,0.0
2021-07-13 00:00:00-04:00,268.46238383445865,273.61844159773335,268.3366515293652,271.8094787597656,26120100,0.0,0.0
2021-07-14 00:00:00-04:00,273.13476926049077,274.4020115950531,271.3934992931169,273.28955078125,23113700,0.0,0.0
2021-07-15 00:00:00-04:00,272.7962224357139,273.28958675297565,270.6970328409596,271.8578796386719,22604200,0.0,0.0
2021-07-16 00:00:00-04:00,272.86390046289694,274.8276448188049,270.3390694215549,271.58697509765625,26186800,0.0,0.0
2021-07-19 00:00:00-04:00,269.82634363461955,271.21934762770826,265.49257967527933,267.9690246582031,32935600,0.0,0.0
2021-07-20 00:00:00-04:00,268.9557989233247,271.79984707977076,267.2435778991628,270.2037048339844,26259700,0.0,0.0
2021-07-21 00:00:00-04:00,269.7973836497617,272.33186856644005,268.239944262627,272.2157897949219,24364300,0.0,0.0
2021-07-22 00:00:00-04:00,274.57619577662746,277.0720078070246,274.1699200182787,276.8011474609375,23384100,0.0,0.0
2021-07-23 00:00:00-04:00,277.99089982397254,280.5253843301381,277.14929934522115,280.2158508300781,22768100,0.0,0.0
2021-07-26 00:00:00-04:00,279.56773255599114,280.2352149712231,277.2847714708642,279.6160888671875,23176100,0.0,0.0
2021-07-27 00:00:00-04:00,279.9837114923662,280.12880995797667,273.7152216055181,277.18804931640625,33604100,0.0,0.0
2021-07-28 00:00:00-04:00,279.5580623373282,280.6802063113132,274.5664685999018,276.87847900390625,33566900,0.0,0.0
2021-07-29 00:00:00-04:00,276.89782933336903,279.20015678004756,276.74304779258154,277.14935302734375,18168300,0.0,0.0
2021-07-30 00:00:00-04:00,275.8627907992205,277.3041515488227,274.64390454185576,275.61126708984375,20944800,0.0,0.0
2021-08-02 00:00:00-04:00,277.0138867843524,277.41050891679623,274.4794019823745,275.524169921875,16267400,0.0,0.0
2021-08-03 00:00:00-04:00,276.1045861238973,277.8555096866815,274.7309185417036,277.74908447265625,17879000,0.0,0.0
2021-08-04 00:00:00-04:00,276.878453234256,278.20373493143853,275.3596872582859,277.15899658203125,16191300,0.0,0.0
2021-08-05 00:00:00-04:00,277.5168882284502,280.177134427693,276.7623468509817,280.0707092285156,13900200,0.0,0.0
2021-08-06 00:00:00-04:00,279.09368838290385,280.05136755042815,278.23272182181637,280.0126647949219,16589300,0.0,0.0
2021-08-09 00:00:00-04:00,280.29316176751536,282.0344016972277,278.416476976701,278.91949462890625,16117600,0.0,0.0
2021-08-10 00:00:00-04:00,279.37430062429394,279.80962559287354,275.8918189619097,277.0913391113281,18616600,0.0,0.0
2021-08-11 00:00:00-04:00,277.8361193687977,279.2388065197493,276.5301743526626,277.5846252441406,13955900,0.0,0.0
2021-08-12 00:00:00-04:00,277.27508257112635,280.50606936455193,276.99453921603543,280.3512878417969,14561300,0.0,0.0
2021-08-13 00:00:00-04:00,280.03213752002733,283.34050109701457,279.8579898147408,283.2921447753906,18249000,0.0,0.0
2021-08-16 00:00:00-04:00,283.6210007464478,285.1978062726774,280.5544487724139,284.9849853515625,22507600,0.0,0.0
2021-08-17 00:00:00-04:00,282.84707354832176,283.853109072286,281.57980179125826,283.5145263671875,20075300,0.0,0.0
2021-08-18 00:00:00-04:00,283.0493007029757,285.74371478122373,281.33377277566484,281.7796325683594,21813000,0.56,0.0
2021-08-19 00:00:00-04:00,279.80251888858925,288.31222048376185,279.75406999784815,287.6337585449219,29850500,0.0,0.0
2021-08-20 00:00:00-04:00,290.492942333406,296.4245297530549,288.88404287348874,294.9900817871094,40817600,0.0,0.0
2021-08-23 00:00:00-04:00,293.91425449406785,295.9980594512055,292.557360306495,295.2711486816406,22830200,0.0,0.0
2021-08-24 00:00:00-04:00,295.6297277308702,296.24033745706305,292.70271126631314,293.3036193847656,18175800,0.0,0.0
2021-08-25 00:00:00-04:00,294.9319124080589,295.2129928490699,291.17138560708065,292.7124328613281,20006100,0.0,0.0
2021-08-26 00:00:00-04:00,291.72382561785435,293.11949668578245,289.7466495866857,289.88232421875,17666100,0.0,0.0
2021-08-27 00:00:00-04:00,289.7853828134745,291.6075104848054,287.691876313099,290.492919921875,22605700,0.0,0.0
2021-08-30 00:00:00-04:00,291.8498441090429,294.8544147543633,291.79169360955285,294.2438049316406,16348100,0.0,0.0
2021-08-31 00:00:00-04:00,295.0481769051044,295.12570102074363,292.21805864615504,292.58636474609375,26285300,0.0,0.0
2021-09-01 00:00:00-04:00,293.54589386073576,295.79447785628054,292.20837356031564,292.53790283203125,18983800,0.0,0.0
2021-09-02 00:00:00-04:00,292.8965378535566,294.02080027682723,290.93870627446864,291.87884521484375,16285600,0.0,0.0
2021-09-03 00:00:00-04:00,291.72382635847964,293.2842768886712,291.016318792049,291.8692321777344,14747900,0.0,0.0
2021-09-07 00:00:00-04:00,291.74321568037084,291.82073981261544,289.0197257723892,290.9387512207031,17180400,0.0,0.0
2021-09-08 00:00:00-04:00,290.5511098708358,291.35554485893255,288.31222683267,290.9678649902344,15046800,0.0,0.0
2021-09-09 00:00:00-04:00,291.5590399856498,292.83840990404906,287.85663442395133,288.09893798828125,19927000,0.0,0.0
2021-09-10 00:00:00-04:00,289.23300741621466,290.68682918286163,286.28658702061455,286.6064147949219,19633400,0.0,0.0
2021-09-13 00:00:00-04:00,288.3896814290302,289.34922362690304,285.026506878026,287.846923828125,23652900,0.0,0.0
2021-09-14 00:00:00-04:00,290.3378610572379,292.1115399592732,288.922816326019,290.560791015625,21853400,0.0,0.0
2021-09-15 00:00:00-04:00,293.92391076712056,295.9204896733223,292.5282399385816,295.4358825683594,28356300,0.0,0.0
2021-09-16 00:00:00-04:00,294.40853334187324,295.91080361496756,291.50089055931244,295.8235778808594,19550800,0.0,0.0
2021-09-17 00:00:00-04:00,294.8059451626839,295.1257728874207,290.3087763307329,290.6383056640625,41372500,0.0,0.0
2021-09-20 00:00:00-04:00,287.2072191386727,289.5236551795154,280.60687307255535,285.2397155761719,38278700,0.0,0.0
2021-09-21 00:00:00-04:00,286.58698016315407,288.380032542715,285.01685772181173,285.724365234375,22364100,0.0,0.0
2021-09-22 00:00:00-04:00,287.5949776473581,290.9775261806469,285.4433206601765,289.38800048828125,26626300,0.0,0.0
2021-09-23 00:00:00-04:00,289.6496652823487,291.63654253160206,288.37029545861924,290.3377990722656,18604600,0.0,0.0
2021-09-24 00:00:00-04:00,289.04882297657673,290.5704671148013,287.7888265018128,290.13433837890625,14999000,0.0,0.0
2021-09-27 00:00:00-04:00,287.023153512802,287.3429812358506,283.92165574313407,285.1138000488281,23571700,0.0,0.0
2021-09-28 00:00:00-04:00,280.87835294662506,281.8281938137892,274.0454024877123,274.79168701171875,43186200,0.0,0.0
2021-09-29 00:00:00-04:00,276.32300812104705,277.9415794692271,274.29735374474296,275.2568664550781,26353700,0.0,0.0
2021-09-30 00:00:00-04:00,276.9142066260927,278.9689361892325,272.9501237277574,273.24090576171875,32343600,0.0,0.0
2021-10-01 00:00:00-04:00,273.43470338656726,281.05274232386216,272.63026862075776,280.1998291015625,30086300,0.0,0.0
2021-10-04 00:00:00-04:00,278.552225356997,278.8914563280941,271.62234799634535,274.394287109375,31350700,0.0,0.0
2021-10-05 00:00:00-04:00,275.30528014026925,281.45979619148966,275.30528014026925,279.87030029296875,24993000,0.0,0.0
2021-10-06 00:00:00-04:00,276.98206730927467,284.5904056402625,276.7203900908652,284.0863952636719,28002600,0.0,0.0
2021-10-07 00:00:00-04:00,286.0926853878935,287.50775963834025,284.87149541719424,285.7728576660156,20430500,0.0,0.0
2021-10-08 00:00:00-04:00,287.1006765960573,287.50775963834025,284.71641757147097,285.7728576660156,17685700,0.0,0.0
2021-10-11 00:00:00-04:00,283.9022676599514,288.79678807629915,283.7374882135025,285.17193603515625,19298600,0.0,0.0
2021-10-12 00:00:00-04:00,286.2477845931223,286.34471195119124,283.34984292874395,283.863525390625,17974100,0.0,0.0
2021-10-13 00:00:00-04:00,285.8309722041459,288.1280051974415,284.4546749827831,287.1878662109375,23416300,0.0,0.0
2021-10-14 00:00:00-04:00,289.998539272945,293.9335461078376,288.66101909770293,293.4295654296875,27262900,0.0,0.0
2021-10-15 00:00:00-04:00,293.0322395704326,295.0772970658108,291.26826249591284,294.84466552734375,25384800,0.0,0.0
2021-10-18 00:00:00-04:00,294.2244163439284,298.72155568513193,293.3715029573013,297.82989501953125,22729300,0.0,0.0
2021-10-19 00:00:00-04:00,298.8572372635613,299.7779731077033,297.7620203649493,298.7409362792969,17682100,0.0,0.0
2021-10-20 00:00:00-04:00,299.6907101782224,300.16564524246087,296.68614028593805,297.9461364746094,16537100,0.0,0.0
2021-10-21 00:00:00-04:00,297.713578309162,301.4450298115465,296.92848749122396,301.19305419921875,16918100,0.0,0.0
2021-10-22 00:00:00-04:00,300.8441197616063,301.51288001031764,298.32415660771585,299.6423034667969,17449300,0.0,0.0
2021-10-25 00:00:00-04:00,299.8361271319988,299.87490398656814,297.0254115262291,298.6440124511719,17554500,0.0,0.0
2021-10-26 00:00:00-04:00,301.42560307917466,302.7824969844961,299.0994950160424,300.56298828125,28107300,0.0,0.0
2021-10-27 00:00:00-04:00,306.2717285345529,316.0607991913037,306.2717285345529,313.22100830078125,52588700,0.0,0.0
2021-10-28 00:00:00-04:00,314.34519029425104,314.8685741805454,311.4666232867318,314.3645935058594,26297900,0.0,0.0
2021-10-29 00:00:00-04:00,314.15139247801113,321.7791032348523,313.92846257164115,321.4107971191406,34766000,0.0,0.0
2021-11-01 00:00:00-04:00,321.1588294904815,321.284832079321,316.3224597002652,319.2301025390625,27073200,0.0,0.0
2021-11-02 00:00:00-04:00,320.14119801074173,323.184545347341,319.84074392057755,322.8743896484375,26487100,0.0,0.0
2021-11-03 00:00:00-04:00,323.62063247374465,324.58984672468614,320.47068615818483,323.7175598144531,21500100,0.0,0.0
2021-11-04 00:00:00-04:00,322.6417897891467,326.1794163674773,319.36584044582264,326.0824890136719,23992200,0.0,0.0
2021-11-05 00:00:00-04:00,328.08869787384174,328.36007665808916,324.124615471267,325.714111328125,22570100,0.0,0.0
2021-11-08 00:00:00-05:00,326.9159936378273,327.25522458135265,324.14405475009283,326.61553955078125,20897000,0.0,0.0
2021-11-09 00:00:00-05:00,326.73183708622446,328.292287578706,324.23127706414436,325.6075744628906,21307400,0.0,0.0
2021-11-10 00:00:00-05:00,324.2700458250661,324.32819631868085,319.7632051014801,320.6160888671875,25500900,0.0,0.0
2021-11-11 00:00:00-05:00,321.0522265953406,323.4946359050316,320.335017501288,322.1958923339844,16849800,0.0,0.0
2021-11-12 00:00:00-05:00,323.6400327539822,326.84812952926194,323.5140301700109,326.35382080078125,23831000,0.0,0.0
2021-11-15 00:00:00-05:00,327.1486232449633,327.4781525778822,323.74667137753664,325.723876953125,16723000,0.0,0.0
2021-11-16 00:00:00-05:00,325.345845588492,330.1822450060062,325.1810957230039,329.0579528808594,20886800,0.0,0.0
2021-11-17 00:00:00-05:00,329.1065403784231,332.2622500867063,328.1938096614522,329.28131103515625,19053400,0.62,0.0
2021-11-18 00:00:00-05:00,328.36851839657044,332.5146536422035,327.33927410253233,331.3688659667969,22463500,0.0,0.0
2021-11-19 00:00:00-05:00,332.6991818854003,335.08780291493565,332.27194500113376,333.155517578125,21963400,0.0,0.0
2021-11-22 00:00:00-05:00,334.62168013132515,339.5251843844504,329.6987667973751,329.97064208984375,31031100,0.0,0.0
2021-11-23 00:00:00-05:00,327.2712993049668,329.60169282759273,323.88256267855536,327.8830261230469,30427600,0.0,0.0
2021-11-24 00:00:00-05:00,326.5236699372593,328.34913114834603,324.22243434130775,328.10638427734375,21661300,0.0,0.0
2021-11-26 00:00:00-05:00,324.64969830687374,328.1258207516535,318.600435108913,320.11517333984375,24217200,0.0,0.0
2021-11-29 00:00:00-05:00,325.22252378808867,329.19385871851557,325.02831445422294,326.8634948730469,28563500,0.0,0.0
2021-11-30 00:00:00-05:00,325.591468337764,327.9800887972131,319.4451021387063,320.9986877441406,42885600,0.0,0.0
2021-12-01 00:00:00-05:00,325.4070446792567,329.4366368662176,319.83358592760334,320.5035400390625,33337600,0.0,0.0
2021-12-02 00:00:00-05:00,320.71722275746043,323.8146758649628,318.2897535278938,319.93072509765625,30766000,0.0,0.0
2021-12-03 00:00:00-05:00,322.35808901688773,323.04751138803783,308.803113564242,313.6386413574219,41779300,0.0,0.0
2021-12-06 00:00:00-05:00,314.5514377373279,317.94989426023443,309.9683751840063,316.7264404296875,30032600,0.0,0.0
2021-12-07 00:00:00-05:00,322.0183176149268,326.0575996501338,320.52298852662585,325.2031555175781,31021900,0.0,0.0
2021-12-08 00:00:00-05:00,325.581810655257,325.76630064765925,321.2026476232676,325.2516784667969,24761000,0.0,0.0
2021-12-09 00:00:00-05:00,324.707904225957,326.72754500614406,322.48433475393716,323.4359130859375,22214200,0.0,0.0
2021-12-10 00:00:00-05:00,325.26138799978173,333.0486967130661,325.07689801295186,332.60205078125,38095700,0.0,0.0
2021-12-13 00:00:00-05:00,330.7959632083575,333.81574927488094,329.242377522287,329.5531005859375,28899400,0.0,0.0
2021-12-14 00:00:00-05:00,323.5525114684959,324.93132699331227,314.7067984165173,318.8140869140625,44438700,0.0,0.0
2021-12-15 00:00:00-05:00,319.0762058810178,325.4653205800536,315.0854612577218,324.94097900390625,35381100,0.0,0.0
2021-12-16 00:00:00-05:00,325.9701878599148,326.98974245959107,313.6483547746416,315.47381591796875,35034800,0.0,0.0
2021-12-17 00:00:00-05:00,311.5704341380039,315.4932314363967,308.04574521987075,314.40570068359375,47750300,0.0,0.0
2021-12-20 00:00:00-05:00,310.76455444045945,313.4347702108287,308.3565242739635,310.6286315917969,28326500,0.0,0.0
2021-12-21 00:00:00-05:00,313.9105447822028,318.2217314826185,310.52177839106776,317.79449462890625,24740600,0.0,0.0
2021-12-22 00:00:00-05:00,318.7751278896037,323.93106823006343,316.29912205638647,323.5329895019531,24831500,0.0,0.0
2021-12-23 00:00:00-05:00,323.0961096493684,326.6305185809292,323.0767005658128,324.9798278808594,19617800,0.0,0.0
2021-12-27 00:00:00-05:00,325.7274263319234,332.54377687434004,325.6982978950834,332.5146484375,19947000,0.0,0.0
2021-12-28 00:00:00-05:00,333.1943576445619,333.8352129560905,330.4464760334282,331.3494873046875,15661500,0.0,0.0
2021-12-29 00:00:00-05:00,331.3980397075951,334.3110023641477,329.82504461420683,332.0292053222656,15042000,0.0,0.0
2021-12-30 00:00:00-05:00,331.99031777035117,333.1749236274577,328.98997014922884,329.4754638671875,15994500,0.0,0.0
2021-12-31 00:00:00-05:00,328.6889955613775,329.51431124934464,326.1061651969411,326.5625305175781,18000800,0.0,0.0
2022-01-03 00:00:00-05:00,325.6206844003455,328.19379550970876,320.2122765756348,325.0380859375,28865100,0.0,0.0
2022-01-04 00:00:00-05:00,325.11578632553096,325.4750766520605,316.658492073616,319.46466064453125,32674300,0.0,0.0
2022-01-05 00:00:00-05:00,316.4060243657828,316.6099531093686,306.8126911850702,307.2010803222656,40054300,0.0,0.0
2022-01-06 00:00:00-05:00,304.06469758500975,309.45369542016715,302.4528549493808,304.7735290527344,39646100,0.0,0.0
2022-01-07 00:00:00-05:00,305.0357189627148,307.31754552734895,301.0935120604903,304.9289245605469,32720000,0.0,0.0
2022-01-10 00:00:00-05:00,300.5109027560878,305.5891778942772,295.8501747506654,305.1522216796875,44289500,0.0,0.0
2022-01-11 00:00:00-05:00,304.2881191321677,307.4243903248276,300.8993816643617,305.8417053222656,29386800,0.0,0.0
2022-01-12 00:00:00-05:00,310.3955694582875,314.0270530188489,307.88068590041127,309.0361633300781,34372200,0.0,0.0
2022-01-13 00:00:00-05:00,311.1724211432239,311.570529645518,295.18025296349924,295.95703125,45366000,0.0,0.0
2022-01-14 00:00:00-05:00,295.42293023044414,301.8023248577446,294.93743650779754,301.2003173828125,39846400,0.0,0.0
2022-01-18 00:00:00-05:00,295.2481388440062,300.8118775497677,292.98572166151314,293.86932373046875,42333200,0.0,0.0
2022-01-19 00:00:00-05:00,297.40374615872065,304.8026655825984,293.91790486518016,294.52960205078125,45933900,0.0,0.0
2022-01-20 00:00:00-05:00,300.10313176155984,302.60826662386137,292.4032075358108,292.849853515625,35380700,0.0,0.0
2022-01-21 00:00:00-05:00,293.9081860566442,295.28697160618094,287.033578493321,287.44140625,57984400,0.0,0.0
2022-01-24 00:00:00-05:00,283.7225142551913,288.4900360460694,268.04104491701077,287.7715148925781,85731500,0.0,0.0
2022-01-25 00:00:00-05:00,283.0622692025946,286.4315970589494,276.8965221990427,280.12017822265625,72848600,0.0,0.0
2022-01-26 00:00:00-05:00,299.05442207109365,299.5496351641995,284.5284577844545,288.1016845703125,90428900,0.0,0.0
2022-01-27 00:00:00-05:00,293.8790916253967,298.38445839019573,289.28630990590625,291.1408996582031,53481300,0.0,0.0
2022-01-28 00:00:00-05:00,291.519591338495,299.5302383109327,285.907284705517,299.3166198730469,49743700,0.0,0.0
2022-01-31 00:00:00-05:00,299.9865385653693,303.31701789683694,297.48137473419564,301.9576416015625,46444500,0.0,0.0
2022-02-01 00:00:00-05:00,301.4042475470351,301.6178659923273,296.27743449220986,299.8021240234375,40950400,0.0,0.0
2022-02-02 00:00:00-05:00,300.64682355662984,305.9775347257443,299.91858303048053,304.3656921386719,36636000,0.0,0.0
2022-02-03 00:00:00-05:00,300.510875273196,302.20041346720024,291.2573667110929,292.50994873046875,43730000,0.0,0.0
2022-02-04 00:00:00-05:00,291.5001350340584,299.8409137013529,291.26710752758504,297.06390380859375,35096500,0.0,0.0
2022-02-07 00:00:00-05:00,297.28724470910936,298.90877717897297,291.1991343489562,292.21868896484375,28533300,0.0,0.0
2022-02-08 00:00:00-05:00,292.5099718712418,296.694925446775,291.2477000280742,295.72393798828125,32421200,0.0,0.0
2022-02-09 00:00:00-05:00,300.8798801126251,302.8801119137957,298.47185017143323,302.1809997558594,31284700,0.0,0.0
2022-02-10 00:00:00-05:00,295.21908176083,300.1516857901449,291.97598669358683,293.60723876953125,45386200,0.0,0.0
2022-02-11 00:00:00-05:00,294.3936745027329,295.4617665776092,285.68391627062516,286.4801330566406,39175600,0.0,0.0
2022-02-14 00:00:00-05:00,285.24701978585097,288.1502928923247,282.8972463615049,286.44134521484375,36359500,0.0,0.0
2022-02-15 00:00:00-05:00,291.3060090155031,292.0730679097554,288.40273584536635,291.7526550292969,27058300,0.0,0.0
2022-02-16 00:00:00-05:00,290.3125894683754,292.7450776057495,285.7492393471848,291.4120788574219,29982100,0.62,0.0
2022-02-17 00:00:00-05:00,288.35681319555755,288.78493341445846,282.1685786207332,282.8788757324219,32461600,0.0,0.0
2022-02-18 00:00:00-05:00,285.1362724036193,285.9243962532494,278.57829331636475,280.154541015625,34264000,0.0,0.0
2022-02-22 00:00:00-05:00,277.30364703724825,283.667044304482,276.8171494108671,279.9501953125,41736100,0.0,0.0
2022-02-23 00:00:00-05:00,282.34370941320185,283.8226809607446,272.53593192514944,272.7013244628906,37811200,0.0,0.0
2022-02-24 00:00:00-05:00,265.1509232671374,287.18925792799297,264.1876378573289,286.6346435546875,56989700,0.0,0.0
2022-02-25 00:00:00-05:00,287.16980609363816,289.59255454281833,283.77403278992335,289.28118896484375,32546700,0.0,0.0
2022-02-28 00:00:00-05:00,286.3622231310244,291.0618067098429,285.08760175802655,290.72125244140625,34627500,0.0,0.0
2022-03-01 00:00:00-05:00,288.39578010076116,291.86938019669464,284.26055037516176,286.9849548339844,31217800,0.0,0.0
2022-03-02 00:00:00-05:00,287.3838215298585,293.328837094481,285.76867577697493,292.0834045410156,31873000,0.0,0.0
2022-03-03 00:00:00-05:00,294.71051892315563,294.9440282601711,286.1092155593134,287.9287414550781,27314500,0.0,0.0
2022-03-04 00:00:00-05:00,286.34270855775105,287.67570696468294,279.41498886772894,282.0323181152344,32356500,0.0,0.0
2022-03-07 00:00:00-05:00,280.73832248678326,281.86700055685185,271.0083698414943,271.37811279296875,43157200,0.0,0.0
2022-03-08 00:00:00-05:00,270.2980491031206,276.29170297461434,262.7086985771629,268.4007263183594,48159500,0.0,0.0
2022-03-09 00:00:00-05:00,275.78572328000666,281.7793764366867,273.1975528468867,280.7090759277344,35204500,0.0,0.0
2022-03-10 00:00:00-05:00,275.37708084695583,278.8604201652107,273.0029702694113,277.877685546875,30628000,0.0,0.0
2022-03-11 00:00:00-05:00,280.183723026545,281.6918835832038,271.88407416449775,272.5068054199219,27209300,0.0,0.0
2022-03-14 00:00:00-04:00,272.7694677796933,277.69282106161535,268.3715402141121,268.97479248046875,30660700,0.0,0.0
2022-03-15 00:00:00-04:00,272.77924308637034,280.04751929281093,271.2029954236296,279.3955993652344,34245100,0.0,0.0
2022-03-16 00:00:00-04:00,281.3026504232545,286.6152260176592,275.5522744635128,286.4400939941406,37826300,0.0,0.0
2022-03-17 00:00:00-04:00,285.36977649759285,287.62710284183214,281.55562216860625,287.2476501464844,30816600,0.0,0.0
2022-03-18 00:00:00-04:00,287.3935719777553,292.87153940935485,284.82488022884814,292.3169250488281,43390600,0.0,0.0
2022-03-21 00:00:00-04:00,290.8186007675323,292.0348449816022,286.936329044667,291.081298828125,28351200,0.0,0.0
2022-03-22 00:00:00-04:00,291.70390847621564,296.76349468928294,290.7017247474621,295.848876953125,27599700,0.0,0.0
2022-03-23 00:00:00-04:00,292.39475668563443,295.041304451988,289.6800921382554,291.40228271484375,25715400,0.0,0.0
2022-03-24 00:00:00-04:00,291.0617999957818,295.9851533596219,290.2639368009253,295.8878479003906,24484500,0.0,0.0
2022-03-25 00:00:00-04:00,296.9873167746891,297.25001477240545,291.2077232772877,295.4791564941406,22566500,0.0,0.0
2022-03-28 00:00:00-04:00,296.1115669753053,302.4068460615797,296.1115669753053,302.3095703125,29578200,0.0,0.0
2022-03-29 00:00:00-04:00,305.43296308129663,307.2913876972963,300.7041904069108,306.8924560546875,30393400,0.0,0.0
2022-03-30 00:00:00-04:00,305.2869405570279,307.41780212109006,303.1657887520506,305.38421630859375,28163600,0.0,0.0
2022-03-31 00:00:00-04:00,305.42320122905414,306.62973552346665,299.57552000270795,299.9841613769531,33422100,0.0,0.0
2022-04-01 00:00:00-04:00,301.0155108922393,301.7549967231003,297.2889524574944,301.0641784667969,27110500,0.0,0.0
2022-04-04 00:00:00-04:00,301.71610322728264,306.6005288499604,301.3463602694202,306.4643249511719,24289600,0.0,0.0
2022-04-05 00:00:00-04:00,304.81018421134456,306.3669824117958,301.50200659379556,302.4847412109375,23156700,0.0,0.0
2022-04-06 00:00:00-04:00,296.9484242335621,298.70954326954427,288.6974137819439,291.4120788574219,40110400,0.0,0.0
2022-04-07 00:00:00-04:00,288.6487080875969,295.449933820053,288.3470820048968,293.23150634765625,31411200,0.0,0.0
2022-04-08 00:00:00-04:00,292.32667286424794,292.9883024570714,288.2790093714856,288.95037841796875,24361900,0.0,0.0
2022-04-11 00:00:00-04:00,283.9102361272485,284.7080695073327,277.3035913730021,277.55657958984375,34569300,0.0,0.0
2022-04-12 00:00:00-04:00,281.42912208981386,282.888614889522,272.9154140915164,274.4430236816406,30966700,0.0,0.0
2022-04-13 00:00:00-04:00,275.09497366578125,280.7869724534047,273.7035678106113,279.8529052734375,21907200,0.0,0.0
2022-04-14 00:00:00-04:00,280.31017343940124,280.5242335633767,271.7770165344988,272.2732238769531,28221600,0.0,0.0
2022-04-18 00:00:00-04:00,271.37807218947415,274.83219298436376,270.82345784524375,272.944580078125,20778000,0.0,0.0
2022-04-19 00:00:00-04:00,271.8354050361262,278.4420507901121,270.8915984998425,277.59552001953125,22297700,0.0,0.0
2022-04-20 00:00:00-04:00,281.58480582125515,281.8767221982416,277.66363634073986,278.62689208984375,22906700,0.0,0.0
2022-04-21 00:00:00-04:00,280.7869066754208,285.3794446334665,272.4969992966275,273.22674560546875,29454600,0.0,0.0
2022-04-22 00:00:00-04:00,274.07329041466824,275.5522621743124,265.99744184902704,266.6298828125,29405800,0.0,0.0
2022-04-25 00:00:00-04:00,265.9098737843962,273.5186738891718,263.4579068096184,273.13922119140625,35678900,0.0,0.0
2022-04-26 00:00:00-04:00,270.00619510672965,270.84295680987526,262.7087303741153,262.92279052734375,46518400,0.0,0.0
2022-04-27 00:00:00-04:00,274.4819967747988,283.11246086013085,271.6213880432135,275.5717468261719,63477700,0.0,0.0
2022-04-28 00:00:00-04:00,277.4885229014795,283.12217381828333,273.8592398616046,281.8086242675781,33646600,0.0,0.0
2022-04-29 00:00:00-04:00,280.8160851975912,282.0518079064076,269.0331294759327,270.02557373046875,37073900,0.0,0.0
2022-05-02 00:00:00-04:00,270.210536174692,277.2453033968884,268.7607825737646,276.7879943847656,35151100,0.0,0.0
2022-05-03 00:00:00-04:00,276.29174647907155,276.45716875082513,272.58463663535474,274.1706237792969,25978600,0.0,0.0
2022-05-04 00:00:00-04:00,274.9586911173627,283.0248290854527,269.256953889885,282.1491394042969,33599300,0.0,0.0
2022-05-05 00:00:00-04:00,277.82903127964823,278.61715494116163,266.931474199446,269.8601989746094,43260400,0.0,0.0
2022-05-06 00:00:00-04:00,267.3888311961461,271.7089326257257,263.9444195820846,267.3110046386719,37780300,0.0,0.0
2022-05-09 00:00:00-04:00,262.7670518637602,265.00492869537015,256.2090744532294,257.4350280761719,47726000,0.0,0.0
2022-05-10 00:00:00-04:00,264.3530602854969,266.35742796153,257.9118370068413,262.2221984863281,39336400,0.0,0.0
2022-05-11 00:00:00-04:00,258.5053867043685,264.03199293595867,252.29767187873665,253.513916015625,48975900,0.0,0.0
2022-05-12 00:00:00-04:00,250.73115104944105,252.8620130453764,243.268279183141,248.454345703125,51033800,0.0,0.0
2022-05-13 00:00:00-04:00,250.40031556437413,255.93666051521544,248.4543252039647,254.06849670410156,34925100,0.0,0.0
2022-05-16 00:00:00-04:00,252.93982674153148,258.64159411868263,248.8727138859147,254.43824768066406,32550900,0.0,0.0
2022-05-17 00:00:00-04:00,258.9237150792665,261.0837654162938,255.37228885809023,259.61456298828125,28828800,0.0,0.0
2022-05-18 00:00:00-04:00,256.4937482385101,257.07891103112115,246.5168282817784,247.79441833496094,31356000,0.62,0.0
2022-05-19 00:00:00-04:00,247.6188635950773,251.29561812245223,245.6488462809221,246.87767028808594,32692300,0.0,0.0
2022-05-20 00:00:00-04:00,250.87622783351006,252.1440854849092,240.3434168359691,246.31201171875,39199300,0.0,0.0
2022-05-23 00:00:00-04:00,249.16952139108813,255.03083659964506,247.16047056040694,254.2018585205078,33175400,0.0,0.0
2022-05-24 00:00:00-04:00,251.5101285506524,254.86499974235826,247.22871753877996,253.1973114013672,29043900,0.0,0.0
2022-05-25 00:00:00-04:00,251.75404446302966,258.0347018042022,250.7690207200445,256.0256652832031,28547900,0.0,0.0
2022-05-26 00:00:00-04:00,255.78175734933586,260.5020182283092,254.96254147076476,259.32196044921875,25002100,0.0,0.0
2022-05-27 00:00:00-04:00,261.8381838235103,266.57793980454977,260.9409302658759,266.48040771484375,26910800,0.0,0.0
2022-05-31 00:00:00-04:00,265.7880243276553,267.9726006369589,262.27707685726034,265.14434814453125,37827700,0.0,0.0
2022-06-01 00:00:00-04:00,268.3919506135823,270.8203419884705,263.35959819128334,265.68072509765625,25292200,0.0,0.0
2022-06-02 00:00:00-04:00,257.90794777056277,267.85559845459716,255.12844619611838,267.7873229980469,44008200,0.0,0.0
2022-06-03 00:00:00-04:00,263.62292204667295,266.685257307547,261.7699312309948,263.340087890625,28059000,0.0,0.0
2022-06-06 00:00:00-04:00,265.3296143204805,267.3971637281567,260.60935271212526,262.10150146484375,22400300,0.0,0.0
2022-06-07 00:00:00-04:00,260.04377030670094,266.37320863959985,259.361075273785,265.7587890625,22860700,0.0,0.0
2022-06-08 00:00:00-04:00,264.9882563323359,266.24635182283305,262.94020151963724,263.7204284667969,17372300,0.0,0.0
2022-06-09 00:00:00-04:00,261.155493463589,265.96352496663144,258.08342604184816,258.2394714355469,26439700,0.0,0.0
2022-06-10 00:00:00-04:00,254.1335840539714,254.1335840539714,246.28274225937133,246.7313690185547,31422800,0.0,0.0
2022-06-13 00:00:00-04:00,239.04634693147696,242.85962296912743,235.55490897467953,236.266845703125,46135800,0.0,0.0
2022-06-14 00:00:00-04:00,237.82723098436355,239.66072706571066,235.5353608826797,238.441650390625,28651500,0.0,0.0
2022-06-15 00:00:00-04:00,242.16715053653422,248.98423293014517,240.3239071262525,245.53179931640625,33111700,0.0,0.0
2022-06-16 00:00:00-04:00,239.89479871100755,241.29917752971096,237.0080332559467,238.9097900390625,33169200,0.0,0.0
2022-06-17 00:00:00-04:00,238.64645000368492,244.30296882499619,237.99302668320328,241.52346801757812,43084800,0.0,0.0
2022-06-21 00:00:00-04:00,244.06892429949633,248.4478535525514,243.33747821445448,247.4628448486328,29928300,0.0,0.0
2022-06-22 00:00:00-04:00,245.65859044340866,250.8079842631734,244.1761889667899,246.867919921875,25939900,0.0,0.0
2022-06-23 00:00:00-04:00,249.24758786265207,252.95356964518353,247.3555781779838,252.4561767578125,25861400,0.0,0.0
2022-06-24 00:00:00-04:00,255.33318029900627,261.3505561275913,255.24541034605122,261.0774841308594,33923200,0.0,0.0
2022-06-27 00:00:00-04:00,261.5747890320201,261.662558965458,256.7667586260653,258.3369445800781,24615100,0.0,0.0
2022-06-28 00:00:00-04:00,257.4495160699315,260.3070248398186,249.97901014588223,250.1350555419922,27295500,0.0,0.0
2022-06-29 00:00:00-04:00,251.21761756131548,255.48926788629058,249.43288714993972,253.8215789794922,20069800,0.0,0.0
2022-06-30 00:00:00-04:00,250.6909533710016,253.10961257371625,246.64362415178596,250.4763946533203,31730900,0.0,0.0
2022-07-01 00:00:00-04:00,250.04726890657363,253.34362723066812,248.31129003294606,253.1583251953125,22837700,0.0,0.0
2022-07-05 00:00:00-04:00,249.82291230706377,256.47420082726245,248.43804319024196,256.347412109375,22941000,0.0,0.0
2022-07-06 00:00:00-04:00,257.2252241415935,261.36032343408743,255.90861514607,259.6243591308594,23824400,0.0,0.0
2022-07-07 00:00:00-04:00,258.5612759029467,262.4038078774227,258.4637438186101,261.7601318359375,20859900,0.0,0.0
2022-07-08 00:00:00-04:00,258.2394568827498,261.4675695162726,256.7765648822066,261.0384521484375,19658800,0.0,0.0
2022-07-11 00:00:00-04:00,259.0782133051506,259.936448193075,255.69405468636,257.9664306640625,19455200,0.0,0.0
2022-07-12 00:00:00-04:00,259.30249421900527,259.36100751938403,245.80486573573233,247.39454650878906,35868500,0.0,0.0
2022-07-13 00:00:00-04:00,244.00065319142416,247.27753210604573,241.9721076841529,246.4680633544922,29497400,0.0,0.0
2022-07-14 00:00:00-04:00,244.37125617771787,248.8281930381069,239.85579113302134,247.79441833496094,25102800,0.0,0.0
2022-07-15 00:00:00-04:00,249.39384869842797,253.92880829772642,248.46735333614538,250.36911010742188,29774100,0.0,0.0
2022-07-18 00:00:00-04:00,253.3241426511031,254.38717398041587,247.03370974632665,247.960205078125,20975000,0.0,0.0
2022-07-19 00:00:00-04:00,251.20783214212213,253.29490593904364,247.40431842531214,253.10960388183594,25012600,0.0,0.0
2022-07-20 00:00:00-04:00,253.47043453645153,258.31748493522934,252.50493526447454,255.78179931640625,22788300,0.0,0.0
2022-07-21 00:00:00-04:00,253.36312024272672,258.336958408717,250.67138975610862,258.2881774902344,22404700,0.0,0.0
2022-07-22 00:00:00-04:00,258.6783171289362,258.766087081019,252.66097112276574,253.91903686523438,21881300,0.0,0.0
2022-07-25 00:00:00-04:00,254.54322547578266,255.03085617592782,250.45687782755678,252.42689514160156,21056000,0.0,0.0
2022-07-26 00:00:00-04:00,253.4314071898155,253.45093146543303,243.39598904764202,245.6683349609375,39348000,0.0,0.0
2022-07-27 00:00:00-04:00,254.6992379588771,263.3692952105454,252.44638679633113,262.0917053222656,45994000,0.0,0.0
2022-07-28 00:00:00-04:00,263.0767468611036,270.9666075420693,261.2432507771247,269.5719909667969,33459300,0.0,0.0
2022-07-29 00:00:00-04:00,270.8301481503752,275.02376096932716,269.7866111341647,273.794921875,32152800,0.0,0.0
2022-08-01 00:00:00-04:00,270.9472052252777,274.3216022814361,269.01617639755585,271.13250732421875,21539600,0.0,0.0
2022-08-02 00:00:00-04:00,269.1721023903474,271.01536042103027,265.6416614615932,268.02130126953125,22754200,0.0,0.0
2022-08-03 00:00:00-04:00,269.91332207440206,276.4865735945541,269.76700907193407,275.4820556640625,23518900,0.0,0.0
2022-08-04 00:00:00-04:00,274.8286644195843,276.779187317559,273.2390132583336,276.6329040527344,18098700,0.0,0.0
2022-08-05 00:00:00-04:00,272.2441715124077,276.63284712978975,271.7857975351989,275.9111633300781,16774600,0.0,0.0
2022-08-08 00:00:00-04:00,277.0229904194802,278.8467542489701,272.41002301800336,273.3852844238281,18739200,0.0,0.0
2022-08-09 00:00:00-04:00,272.72214524982263,276.07701749099675,270.74233579565794,275.3163146972656,23405200,0.0,0.0
2022-08-10 00:00:00-04:00,281.0411229418407,282.64053634457866,279.8415405678226,282.0066223144531,24687800,0.0,0.0
2022-08-11 00:00:00-04:00,283.6547930934179,284.00587292244074,279.42216205536863,279.9195251464844,20065900,0.0,0.0
2022-08-12 00:00:00-04:00,281.34339838835007,284.68853759765625,279.84148761091336,284.68853759765625,22619700,0.0,0.0
2022-08-15 00:00:00-04:00,283.80112463831415,286.9024493727757,282.9331275311968,286.21002197265625,18085700,0.0,0.0
2022-08-16 00:00:00-04:00,284.76659105891446,286.7658949577714,283.23545314932466,285.4687805175781,18102900,0.0,0.0
2022-08-17 00:00:00-04:00,283.17198623113995,286.70016804395624,282.9081174942072,284.7161865234375,18253400,0.62,0.0
2022-08-18 00:00:00-04:00,283.6118210483233,285.29283236609757,282.52696760957303,283.59228515625,17186200,0.0,0.0
2022-08-19 00:00:00-04:00,282.35108343721635,282.69315545045663,279.0867995860452,279.6634216308594,20570000,0.0,0.0
2022-08-22 00:00:00-04:00,275.6855972326125,276.056987895036,270.9357814783353,271.4537658691406,25061100,0.0,0.0
2022-08-23 00:00:00-04:00,270.17352294921875,272.53864848293165,269.15708983535205,270.17352294921875,17527400,0.0,0.0
2022-08-24 00:00:00-04:00,269.1668782921524,270.94562882196186,268.87366093981734,269.53826904296875,18137000,0.0,0.0
2022-08-25 00:00:00-04:00,271.0433067972825,272.6949992661562,268.2970079213942,272.52886962890625,16583400,0.0,0.0
2022-08-26 00:00:00-04:00,272.7536818076415,273.98512913178996,261.905325226345,262.0128173828125,27549300,0.0,0.0
2022-08-29 00:00:00-04:00,259.82356155223977,261.3384133088157,257.86889873044487,259.2176208496094,20338500,0.0,0.0
2022-08-30 00:00:00-04:00,260.6250193047335,260.99638024255165,254.7512471057002,257.0088806152344,22767100,0.0,0.0
2022-08-31 00:00:00-04:00,259.3740454185862,261.05502712342525,255.406051716846,255.5428924560547,24791800,0.0,0.0
2022-09-01 00:00:00-04:00,253.00183042837662,254.97605937938334,249.62027139135873,254.4971466064453,23263400,0.0,0.0
2022-09-02 00:00:00-04:00,255.76767255162795,258.7387389192011,248.7015548739836,250.25550842285156,22855400,0.0,0.0
2022-09-06 00:00:00-04:00,250.39235632621703,251.98538170723285,246.22891435758206,247.50921630859375,21328200,0.0,0.0
2022-09-07 00:00:00-04:00,248.92633346068814,252.9627024699416,247.4798869965814,252.23948669433594,24126700,0.0,0.0
2022-09-08 00:00:00-04:00,251.67259887150337,254.52638963609638,249.01424156341204,252.65968322753906,20319900,0.0,0.0
2022-09-09 00:00:00-04:00,254.5949535676061,259.21774407600714,254.3897222249757,258.4651794433594,22084700,0.0,0.0
2022-09-12 00:00:00-04:00,259.75513418244464,261.3872907179251,259.1491934961734,260.60540771484375,18747700,0.0,0.0
2022-09-13 00:00:00-04:00,252.97249852255345,254.49713337678742,245.88684468142785,246.2777862548828,33353300,0.0,0.0
2022-09-14 00:00:00-04:00,247.78283473838562,248.46696375261976,244.1960302017849,246.50253295898438,23913000,0.0,0.0
2022-09-15 00:00:00-04:00,244.1080964445823,245.7011366717456,238.4884402386865,239.81761169433594,31530900,0.0,0.0
2022-09-16 00:00:00-04:00,238.72297831373123,239.73941138872883,236.57285207293663,239.19210815429688,39791800,0.0,0.0
2022-09-19 00:00:00-04:00,236.97356405032403,239.58303730028243,235.3902918321884,238.9770965576172,26826900,0.0,0.0
2022-09-20 00:00:00-04:00,236.58263419492624,237.9899789735556,234.20771098725592,236.95401000976562,26660300,0.0,0.0
2022-09-21 00:00:00-04:00,238.73278197769002,242.0459353368341,233.48450141158338,233.5333709716797,28625600,0.0,0.0
2022-09-22 00:00:00-04:00,232.47783250945622,238.33205339630862,232.18464499812544,235.517333984375,31061200,0.0,0.0
2022-09-23 00:00:00-04:00,234.10999046186149,235.66395894381048,229.86837515858966,232.52671813964844,34176000,0.0,0.0
2022-09-26 00:00:00-04:00,231.67642567591042,235.97667813661488,231.52981700911016,232.06735229492188,27694200,0.0,0.0
2022-09-27 00:00:00-04:00,234.540014881578,236.3187654128993,229.18424230732046,231.0509490966797,27018700,0.0,0.0
2022-09-28 00:00:00-04:00,231.44187435188914,236.83674850593616,229.40902300524974,235.60531616210938,29029700,0.0,0.0
2022-09-29 00:00:00-04:00,233.47471635519574,234.51068533657707,229.09627550613527,232.11622619628906,27484200,0.0,0.0
2022-09-30 00:00:00-04:00,232.88829919380572,235.08729490470347,227.45433884538363,227.6204833984375,35694800,0.0,0.0
2022-10-03 00:00:00-04:00,230.0736124429844,236.13306477222778,229.34061381655428,235.2827911376953,28880400,0.0,0.0
2022-10-04 00:00:00-04:00,239.53417129307422,244.6847124207283,239.42666423266377,243.23826599121094,34888400,0.0,0.0
2022-10-05 00:00:00-04:00,240.4137692631259,244.8997170490285,238.56661341523102,243.55099487304688,20347100,0.0,0.0
2022-10-06 00:00:00-04:00,242.30977491236527,244.66514724389015,240.50172070989598,241.19561767578125,20239900,0.0,0.0
2022-10-07 00:00:00-04:00,235.43914629265618,235.84963863538212,227.88437816875282,228.9301300048828,37769600,0.0,0.0
2022-10-10 00:00:00-04:00,227.76713148081896,229.24289682246297,221.5903886345407,224.0532684326172,29743600,0.0,0.0
2022-10-11 00:00:00-04:00,222.46018719306292,223.86754691341076,219.02975905938624,220.30029296875,30474000,0.0,0.0
2022-10-12 00:00:00-04:00,220.29051163189263,222.69475365624942,218.8831668147149,220.63258361816406,21903900,0.0,0.0
2022-10-13 00:00:00-04:00,214.86633068031122,230.74796714436056,214.16265082548793,228.9301300048828,42551800,0.0,0.0
2022-10-14 00:00:00-04:00,230.2006765855883,231.86215222207161,223.16389210675854,223.37890625,30198600,0.0,0.0
2022-10-17 00:00:00-04:00,230.47435534714663,233.54317611147087,229.8097620748058,232.1455841064453,28142300,0.0,0.0
2022-10-18 00:00:00-04:00,237.7261080934971,238.40045426951124,230.03449941447604,233.0935516357422,26329600,0.0,0.0
2022-10-19 00:00:00-04:00,231.6666422196203,234.17839122462001,228.97898071038742,231.1193389892578,19985700,0.0,0.0
2022-10-20 00:00:00-04:00,230.42546862628225,235.83987896691403,229.54586126481243,230.79684448242188,21811000,0.0,0.0
2022-10-21 00:00:00-04:00,229.41880384674636,237.49155674439498,229.18423891588736,236.63150024414062,26299700,0.0,0.0
2022-10-24 00:00:00-04:00,238.2343405714641,242.22185520740007,235.8301132358931,241.64523315429688,24911200,0.0,0.0
2022-10-25 00:00:00-04:00,241.6549693897686,245.34928108433226,240.25739257196295,244.9779052734375,34775500,0.0,0.0
2022-10-26 00:00:00-04:00,225.9297157935745,232.89809399809977,224.84487725737247,226.07632446289062,82543200,0.0,0.0
2022-10-27 00:00:00-04:00,225.80265446885284,228.39259179146362,220.6618963462355,221.6099090576172,40424600,0.0,0.0
2022-10-28 00:00:00-04:00,221.11148581601782,231.23664083896048,220.92579044336952,230.52317810058594,40647700,0.0,0.0
2022-10-31 00:00:00-04:00,228.4609905353531,229.59469857735252,225.91015489730142,226.86795043945312,28357300,0.0,0.0
2022-11-01 00:00:00-04:00,229.28197573661194,230.3961330494715,222.17677155998481,222.9977264404297,30592300,0.0,0.0
2022-11-02 00:00:00-04:00,224.2584955561427,226.0567819611401,215.05201957945258,215.1106719970703,38407000,0.0,0.0
2022-11-03 00:00:00-04:00,215.100876903244,215.4136301278351,209.1293811013709,209.3932647705078,36633900,0.0,0.0
2022-11-04 00:00:00-04:00,212.6184649078027,216.5668774965675,208.5918490987652,216.3714141845703,36789100,0.0,0.0
2022-11-07 00:00:00-05:00,216.95781474366044,223.23228088594615,216.2639028499617,222.7045135498047,33498000,0.0,0.0
2022-11-08 00:00:00-05:00,223.51572493107818,226.3988500523262,220.72055607119086,223.68186950683594,28192500,0.0,0.0
2022-11-09 00:00:00-05:00,222.21585343877905,223.44730064563345,219.2447723065567,219.42068481445312,27852900,0.0,0.0
2022-11-10 00:00:00-05:00,230.09314442549228,237.81407210708258,229.67289904500376,237.4720001220703,46268000,0.0,0.0
2022-11-11 00:00:00-05:00,237.48176123777364,242.36841821684956,236.4457774313789,241.50836181640625,34620200,0.0,0.0
2022-11-14 00:00:00-05:00,236.50446062924806,238.38093536393862,233.7874801882267,236.07443237304688,31123300,0.0,0.0
2022-11-15 00:00:00-05:00,240.09123376905967,241.4008542575975,234.5888532500905,236.48487854003906,31390100,0.0,0.0
2022-11-16 00:00:00-05:00,237.95502625687746,238.94492249208088,235.63222768224927,236.9161376953125,24093300,0.68,0.0
2022-11-17 00:00:00-05:00,233.04481287972584,238.40588369087442,232.89780598377683,236.8671417236328,23123500,0.0,0.0
2022-11-18 00:00:00-05:00,238.6606955166367,238.88612602549412,234.26991517757338,236.4163055419922,27613500,0.0,0.0
2022-11-21 00:00:00-05:00,236.6221034906922,239.79758681244928,236.38689247384355,237.22976684570312,26394700,0.0,0.0
2022-11-22 00:00:00-05:00,238.73908003593303,240.42482869254758,235.9164432951424,240.15040588378906,19665700,0.0,0.0
2022-11-23 00:00:00-05:00,240.2288147274977,243.3356847079872,239.40554630056928,242.64962768554688,19508500,0.0,0.0
2022-11-25 00:00:00-05:00,242.38499342243637,243.74731195481718,241.81654191868392,242.56141662597656,9200800,0.0,0.0
2022-11-28 00:00:00-05:00,241.1795192833434,241.73816042164293,236.00466737367165,236.94554138183594,24778200,0.0,0.0
2022-11-29 00:00:00-05:00,236.5927209603739,237.95503970952518,233.46625962463852,235.54403686523438,17956300,0.0,0.0
2022-11-30 00:00:00-05:00,235.77924018050268,250.2453007197951,235.08337270566386,250.05908203125,47594200,0.0,0.0
2022-12-01 00:00:00-05:00,248.81436449904433,251.01955743594272,245.92311452831746,249.6180419921875,26041500,0.0,0.0
2022-12-02 00:00:00-05:00,244.84505437069396,250.96078050717315,244.71763842454288,249.94149780273438,21528500,0.0,0.0
2022-12-05 00:00:00-05:00,246.9914211965386,248.76538908628117,243.1200852129101,245.21746826171875,23435300,0.0,0.0
2022-12-06 00:00:00-05:00,245.82513335844158,246.84441603442448,238.92532078821492,240.23863220214844,22463700,0.0,0.0
2022-12-07 00:00:00-05:00,239.9544013330992,241.25791720433986,237.386581396251,239.50355529785156,20481500,0.0,0.0
2022-12-08 00:00:00-05:00,239.96418847025336,243.78653182088883,238.21963705324325,242.47320556640625,22611800,0.0,0.0
2022-12-09 00:00:00-05:00,239.82699084040345,243.3651011555244,239.29775109172195,240.53265380859375,20609700,0.0,0.0
2022-12-12 00:00:00-05:00,242.52221385109104,247.51084668836435,242.24779103974268,247.4814453125,30665100,0.0,0.0
2022-12-13 00:00:00-05:00,256.47864827094884,258.6642503117867,248.0303136951813,251.80364990234375,42196900,0.0,0.0
2022-12-14 00:00:00-05:00,252.00949788257842,257.36075864137047,249.24564840446928,252.0977020263672,35410900,0.0,0.0
2022-12-15 00:00:00-05:00,248.66735792808984,249.13779490116903,242.41440605143725,244.0511474609375,35560400,0.0,0.0
2022-12-16 00:00:00-05:00,243.60031603967155,244.8646200764153,238.66067548722324,239.8171844482422,86102000,0.0,0.0
2022-12-19 00:00:00-05:00,239.98381847989876,240.32685450458052,233.95629656849025,235.66163635253906,29696400,0.0,0.0
2022-12-20 00:00:00-05:00,234.6324961848999,238.07260635172838,233.67201644527864,236.98471069335938,25150800,0.0,0.0
2022-12-21 00:00:00-05:00,236.87692208746932,240.7286518216814,235.32838484202188,239.56234741210938,23690600,0.0,0.0
2022-12-22 00:00:00-05:00,236.4554956559447,237.1709690603081,229.21266216360232,233.44664001464844,28651700,0.0,0.0
2022-12-23 00:00:00-05:00,231.40805587690517,234.11308726654062,229.28127151269362,233.9758758544922,21207000,0.0,0.0
2022-12-27 00:00:00-05:00,233.94645897077334,234.17187449957135,231.13361773276105,232.24111938476562,16688600,0.0,0.0
2022-12-28 00:00:00-05:00,232.17251532323996,234.94615982143847,229.5066808569475,229.85951232910156,17457100,0.0,0.0
2022-12-29 00:00:00-05:00,230.95717434810328,237.10231547869984,230.95717434810328,236.21043395996094,19770700,0.0,0.0
2022-12-30 00:00:00-05:00,233.46626583488708,235.1814161379632,231.94712971832064,235.04420471191406,21938500,0.0,0.0
2023-01-03 00:00:00-05:00,238.23924481140818,240.85607195731004,232.6723500003931,234.80894470214844,25740000,0.0,0.0
2023-01-04 00:00:00-05:00,227.65432430054253,228.2325713228783,221.46018993339348,224.53765869140625,50623400,0.0,0.0
2023-01-05 00:00:00-05:00,222.67547694258565,223.01851293325473,217.34380812885354,217.8828582763672,39585600,0.0,0.0
2023-01-06 00:00:00-05:00,218.55911012079767,221.26414125690687,214.98180331379334,220.45066833496094,43613600,0.0,0.0
2023-01-09 00:00:00-05:00,221.9404207414047,226.63503997806498,221.9012238905733,222.59707641601562,27369800,0.0,0.0
2023-01-10 00:00:00-05:00,223.22432820821962,226.70363566114452,222.8028985080936,224.29263305664062,27033900,0.0,0.0
2023-01-11 00:00:00-05:00,226.6840340289095,231.2512373640301,226.5076257664419,231.0748291015625,28669300,0.0,0.0
2023-01-12 00:00:00-05:00,230.57496007171358,235.12255719396836,228.90881734615303,233.76023864746094,27269500,0.0,0.0
2023-01-13 00:00:00-05:00,232.2803550438294,234.60315380869207,230.24177460581592,234.4659423828125,21333300,0.0,0.0
2023-01-17 00:00:00-05:00,233.2310050418497,236.11245951391456,232.36852480397408,235.56361389160156,29831300,0.0,0.0
2023-01-18 00:00:00-05:00,236.75933268112436,237.55319978230224,230.82981063027438,231.11402893066406,30028700,0.0,0.0
2023-01-19 00:00:00-05:00,229.12444390420126,230.82979848155264,226.08617211757934,227.311279296875,28623000,0.0,0.0
2023-01-20 00:00:00-05:00,230.18297255574166,235.94588237031485,229.83993651252226,235.4362335205078,35389800,0.0,0.0
2023-01-23 00:00:00-05:00,236.29869896460573,240.2876405055047,234.8775625509585,237.7492218017578,31934000,0.0,0.0
2023-01-24 00:00:00-05:00,237.67080148298487,239.0919228720018,235.6518271703912,237.21995544433594,40234400,0.0,0.0
2023-01-25 00:00:00-05:00,229.81052003551318,238.45488418950694,226.30181098777524,235.81845092773438,66526600,0.0,0.0
2023-01-26 00:00:00-05:00,238.79790006917452,243.3651035032085,237.18076447517643,243.061279296875,33454500,0.0,0.0
2023-01-27 00:00:00-05:00,244.0315668744898,244.85483535106292,241.9145779733684,243.2180938720703,26498900,0.0,0.0
2023-01-30 00:00:00-05:00,239.64077517830026,240.7090800731922,237.37677935793346,237.8766326904297,25867400,0.0,0.0
2023-01-31 00:00:00-05:00,238.60187133523615,243.01225718230123,238.11182846334003,242.8750457763672,26541100,0.0,0.0
2023-02-01 00:00:00-05:00,243.06128243617087,250.09829141866163,240.58166651738924,247.71669006347656,31259900,0.0,0.0
2023-02-02 00:00:00-05:00,253.66579418989215,259.4188926025156,252.1270524252997,259.3306884765625,39940400,0.0,0.0
2023-02-03 00:00:00-05:00,254.37147415992763,258.9386775277901,251.98006244096368,253.20516967773438,29077300,0.0,0.0
2023-02-06 00:00:00-05:00,252.31327154852002,253.1561309156688,249.70623992968441,251.65660095214844,22518000,0.0,0.0
2023-02-07 00:00:00-05:00,255.34171889390444,263.4176152589011,254.90066837762996,262.2317199707031,50841400,0.0,0.0
2023-02-08 00:00:00-05:00,267.7594297078376,271.2485324657394,260.9086102109095,261.41827392578125,54686000,0.0,0.0
2023-02-09 00:00:00-05:00,268.3474431140304,268.5238812652101,257.56650079899157,258.37017822265625,42375100,0.0,0.0
2023-02-10 00:00:00-05:00,256.32182338936,258.8308405007959,255.46915357779656,257.8605651855469,25818500,0.0,0.0
2023-02-13 00:00:00-05:00,262.3101918765242,269.13158103404106,261.8299294701828,265.9169006347656,44630900,0.0,0.0
2023-02-14 00:00:00-05:00,267.24001239002024,269.4941978010345,263.91750711977755,266.7499694824219,37047900,0.0,0.0
2023-02-15 00:00:00-05:00,263.63528781822424,266.00321414410365,261.53263664657936,264.6178283691406,28922400,0.68,0.0
2023-02-16 00:00:00-05:00,259.41034406969123,262.08285555326694,257.3273629104609,257.572998046875,29603600,0.0,0.0
2023-02-17 00:00:00-05:00,254.86122390687038,255.54898434486645,251.53039683731646,253.55442810058594,30000100,0.0,0.0
2023-02-21 00:00:00-05:00,250.03691036831407,251.02928590068828,247.19736883072432,248.25851440429688,28397400,0.0,0.0
2023-02-22 00:00:00-05:00,249.65371547921086,249.899350607588,245.9691885535539,247.11875915527344,22491100,0.0,0.0
2023-02-23 00:00:00-05:00,251.0980693615476,252.35572011024465,246.1067613934901,250.32186889648438,29219100,0.0,0.0
2023-02-24 00:00:00-05:00,245.5958445657205,246.61768014977395,243.76831852746525,244.86875915527344,24990900,0.0,0.0
2023-02-27 00:00:00-05:00,248.05222016040298,248.40593539561652,245.03581315561252,245.79237365722656,21190000,0.0,0.0
2023-02-28 00:00:00-05:00,244.72139688160397,247.09914335825746,244.38732168006,245.06527709960938,22491000,0.0,0.0
2023-03-01 00:00:00-05:00,246.38188908047658,246.54891919262562,241.49866082910683,241.9702911376953,27565300,0.0,0.0
2023-03-02 00:00:00-05:00,242.24540131691637,247.01071449485826,241.32181070309053,246.7257843017578,24808200,0.0,0.0
2023-03-03 00:00:00-05:00,247.78691211765954,251.15701912226012,247.00087665249143,250.83277893066406,30760100,0.0,0.0
2023-03-06 00:00:00-05:00,251.9528726190246,255.57844974197445,251.51073235845544,252.38519287109375,24109800,0.0,0.0
2023-03-07 00:00:00-05:00,251.8251639819943,253.19090991820912,248.965982000902,249.71270751953125,21473200,0.0,0.0
2023-03-08 00:00:00-05:00,249.6045985239911,250.09586880646756,246.43099669705938,249.27053833007812,17340200,0.0,0.0
2023-03-09 00:00:00-05:00,251.3535343083889,255.02822642305847,247.18755691928234,247.91464233398438,26653400,0.0,0.0
2023-03-10 00:00:00-05:00,246.69628726753015,248.37642324072814,243.27705029353803,244.249755859375,28333900,0.0,0.0
2023-03-13 00:00:00-04:00,243.08054062729633,253.4070520212103,241.43969960963778,249.48670959472656,33339700,0.0,0.0
2023-03-14 00:00:00-04:00,252.2673132455693,256.51189607276245,251.39285266205692,256.2367858886719,33620300,0.0,0.0
2023-03-15 00:00:00-04:00,255.44093925824916,261.8274537401873,254.68436373706405,260.80560302734375,46028000,0.0,0.0
2023-03-16 00:00:00-04:00,260.5796041680503,271.73144683254515,258.68330786057317,271.37774658203125,54768800,0.0,0.0
2023-03-17 00:00:00-04:00,273.4017443911038,278.38320221583945,271.4956133158903,274.5513000488281,69527400,0.0,0.0
2023-03-20 00:00:00-04:00,272.14408779839806,272.63535806521134,265.13856899607947,267.4770202636719,43466600,0.0,0.0
2023-03-21 00:00:00-04:00,270.08077016032206,270.19867023704575,264.814336850172,268.9999694824219,34558700,0.0,0.0
2023-03-22 00:00:00-04:00,268.62658586472133,276.133210212867,267.42788516982534,267.5359802246094,34873300,0.0,0.0
2023-03-23 00:00:00-04:00,273.08736605749635,276.15288826078046,270.395214119826,272.812255859375,36610900,0.0,0.0
2023-03-24 00:00:00-04:00,272.3995101639137,275.7303367481384,270.4737392394616,275.67138671875,28172000,0.0,0.0
2023-03-27 00:00:00-04:00,275.60262774915475,276.54585829331256,270.70956495396155,271.5545654296875,26840200,0.0,0.0
2023-03-28 00:00:00-04:00,270.9748724204844,271.318767617221,267.30015029600474,270.4246520996094,21878600,0.0,0.0
2023-03-29 00:00:00-04:00,274.0895014430885,276.2314626149595,273.5491161384135,275.6124572753906,25087000,0.0,0.0
2023-03-30 00:00:00-04:00,279.26754783515247,279.4935130009522,276.56556096936856,279.0906677246094,25053400,0.0,0.0
2023-03-31 00:00:00-04:00,278.77626112609994,284.21951457614847,278.05899567842283,283.2664489746094,32766000,0.0,0.0
2023-04-03 00:00:00-04:00,281.5175539489557,283.23700019459676,278.99244710806266,282.2151794433594,24883300,0.0,0.0
2023-04-04 00:00:00-04:00,282.2151301252811,285.37891186376925,280.6823692815174,282.1659851074219,25824300,0.0,0.0
2023-04-05 00:00:00-04:00,280.85928703719094,282.1365780530884,277.9804497575929,279.3756408691406,22064800,0.0,0.0
2023-04-06 00:00:00-04:00,278.2653199230616,286.9804504038719,277.10592919060144,286.50885009765625,29770300,0.0,0.0
2023-04-10 00:00:00-04:00,284.1605527684974,284.54375798741194,279.7391201581484,284.3374328613281,23103000,0.0,0.0
2023-04-11 00:00:00-04:00,280.76099975689954,280.98699490817353,276.72277194835743,277.8919677734375,27276600,0.0,0.0
2023-04-12 00:00:00-04:00,279.81775661090296,281.9989980260232,277.0371498147004,278.5404357910156,27403400,0.0,0.0
2023-04-13 00:00:00-04:00,278.6386627592207,284.83849104810594,278.22601253185434,284.779541015625,24222700,0.0,0.0
2023-04-14 00:00:00-04:00,281.98913551237405,283.4433063088322,278.7369287176148,281.1441650390625,20987900,0.0,0.0
2023-04-17 00:00:00-04:00,284.86799665280347,286.5088526923991,281.16382928530817,283.7577209472656,23836200,0.0,0.0
2023-04-18 00:00:00-04:00,286.47937759362446,286.66606271139386,281.99899473668074,283.3352355957031,20161800,0.0,0.0
2023-04-19 00:00:00-04:00,280.99677740499226,284.00334925083666,279.5721115217609,283.4138488769531,17150300,0.0,0.0
2023-04-20 00:00:00-04:00,280.26968408422516,283.9836860604295,280.1026390020825,281.1146545410156,23244400,0.0,0.0
2023-04-21 00:00:00-04:00,280.03387709676457,281.271857735347,278.11791113062174,280.7707824707031,21676400,0.0,0.0
2023-04-24 00:00:00-04:00,277.1648535144223,279.9749350122071,273.85369673777154,276.8504333496094,26611000,0.0,0.0
2023-04-25 00:00:00-04:00,274.6299462973571,276.6834526548498,270.56221361928937,270.6113586425781,45772200,0.0,0.0
2023-04-26 00:00:00-04:00,291.5198084868981,294.3396952159119,287.6191210991788,290.2130126953125,64599200,0.0,0.0
2023-04-27 00:00:00-04:00,290.80254754565533,299.8714082329825,290.09511710218845,299.5078430175781,46462600,0.0,0.0
2023-04-28 00:00:00-04:00,298.7021896959071,303.5362728554159,298.0143992536934,301.89544677734375,36446700,0.0,0.0
2023-05-01 00:00:00-04:00,301.6104834742064,303.21202941946285,299.82225241970167,300.22509765625,21294100,0.0,0.0
2023-05-02 00:00:00-04:00,302.38673543104494,303.78192643359597,298.6039477390434,300.0777587890625,26404400,0.0,0.0
2023-05-03 00:00:00-04:00,301.26659903403873,303.2218452657529,298.78077247368105,299.0853576660156,22360800,0.0,0.0
2023-05-04 00:00:00-04:00,300.8932543767775,302.38673543104494,298.10284238691287,300.0777587890625,22519900,0.0,0.0
2023-05-05 00:00:00-04:00,300.38227888450245,306.5231569282417,298.9575831844526,305.2261962890625,28181200,0.0,0.0
2023-05-08 00:00:00-04:00,304.715371072281,304.78415612190935,300.74589800125,303.2611999511719,21318600,0.0,0.0
2023-05-09 00:00:00-04:00,302.62255541276465,304.62694696772616,300.9620591222706,301.6400146484375,21340800,0.0,0.0
2023-05-10 00:00:00-04:00,303.23169187465317,307.53522473722796,302.29829624410297,306.8572692871094,30078000,0.0,0.0
2023-05-11 00:00:00-04:00,304.68581266049245,305.6879931681305,300.91286076821495,304.69561767578125,31680200,0.0,0.0
2023-05-12 00:00:00-04:00,305.12799310648273,305.2262531704453,301.24697545043415,303.5755920410156,19758100,0.0,0.0
2023-05-15 00:00:00-04:00,303.7033370933557,304.4893576613307,302.21969103768305,304.0570373535156,16336500,0.0,0.0
2023-05-16 00:00:00-04:00,304.4205241349901,308.2327862505442,304.4205241349901,306.29718017578125,26730300,0.0,0.0
2023-05-17 00:00:00-04:00,307.5083603764243,309.61557800525054,305.9820752690315,309.1921691894531,24315000,0.68,0.0
2023-05-18 00:00:00-04:00,309.71404716104996,314.1550015459057,308.91645194585186,313.6429443359375,27276000,0.0,0.0
2023-05-19 00:00:00-04:00,311.8902211734482,313.8694546447181,311.5258912419883,313.4657287597656,27529500,0.0,0.0
2023-05-22 00:00:00-04:00,313.72172423013296,317.65062125464465,313.1407616913175,316.26220703125,24115700,0.0,0.0
2023-05-23 00:00:00-04:00,315.129844956525,317.7786593037001,310.4230353450579,310.4328918457031,30797200,0.0,0.0
2023-05-24 00:00:00-04:00,309.9110253250696,311.6539131682788,307.82346044326306,309.04449462890625,23384900,0.0,0.0
2023-05-25 00:00:00-04:00,318.29069949526894,321.89466299286516,315.10031838769214,320.9296875,43301700,0.0,0.0
2023-05-26 00:00:00-04:00,319.05872682002087,328.29510888578733,318.9208860691988,327.7929382324219,36630600,0.0,0.0
2023-05-30 00:00:00-04:00,330.0971080159677,330.59927867316253,325.4592039473821,326.1386413574219,29503100,0.0,0.0
2023-05-31 00:00:00-04:00,327.2021566585661,330.79626374577583,322.3180799641337,323.36187744140625,45950600,0.0,0.0
2023-06-01 00:00:00-04:00,320.9395286349785,328.42316754915356,319.74806391564715,327.4877014160156,26773900,0.0,0.0
2023-06-02 00:00:00-04:00,329.1321101568125,332.3323475779333,327.4581277933345,330.2644958496094,25864000,0.0,0.0
2023-06-05 00:00:00-04:00,330.0872268058912,333.37608225813574,329.53580373906595,330.79620361328125,21307100,0.0,0.0
2023-06-06 00:00:00-04:00,330.19556121403355,330.23495716570153,327.08397218930753,328.5708312988281,20396200,0.0,0.0
2023-06-07 00:00:00-04:00,326.57192107899317,329.36843269361947,317.5620276985379,318.4285583496094,40717100,0.0,0.0
2023-06-08 00:00:00-04:00,318.97995875467535,321.63862942191327,318.3989962118977,320.2797546386719,23277700,0.0,0.0
2023-06-09 00:00:00-04:00,320.0138891984146,324.9373314399376,319.44278312053285,321.7863464355469,22514900,0.0,0.0
2023-06-12 00:00:00-04:00,323.54896991488965,327.0150930506813,320.1813517003694,326.7689208984375,24260300,0.0,0.0
2023-06-13 00:00:00-04:00,329.3487149631308,331.82029234775854,325.3311997009598,329.1714782714844,22951300,0.0,0.0
2023-06-14 00:00:00-04:00,329.2207392790675,333.8487871057347,327.71416712277926,332.1748046875,26003800,0.0,0.0
2023-06-15 00:00:00-04:00,332.312663682813,344.48339830870674,332.0369521231739,342.7700500488281,38899100,0.0,0.0
2023-06-16 00:00:00-04:00,345.9408110137167,346.088508295725,336.71428351042255,337.08843994140625,46533600,0.0,0.0
2023-06-20 00:00:00-04:00,334.1146489977438,336.842225295789,330.7174616885454,332.8739318847656,26375400,0.0,0.0
2023-06-21 00:00:00-04:00,331.21963929473736,332.5588311731775,326.98549110544155,328.4526672363281,25117800,0.0,0.0
2023-06-22 00:00:00-04:00,329.0041094190213,334.9122402862619,328.23605360829237,334.5085144042969,23556800,0.0,0.0
2023-06-23 00:00:00-04:00,329.24045228657593,332.7853371103675,328.3444121418227,329.8903503417969,23084700,0.0,0.0
2023-06-26 00:00:00-04:00,328.61026513447996,330.9636551501701,323.4603331837818,323.56866455078125,21520600,0.0,0.0
2023-06-27 00:00:00-04:00,326.7787076649522,331.0030296985232,324.2579075361374,329.4472351074219,24354100,0.0,0.0
2023-06-28 00:00:00-04:00,329.53585987238114,332.80503293279156,328.6988686300646,330.7076416015625,20259500,0.0,0.0
2023-06-29 00:00:00-04:00,329.5851008516896,330.9636588312666,327.52710535890856,329.9198913574219,16997000,0.0,0.0
2023-06-30 00:00:00-04:00,332.5785468035808,337.48230643910676,332.0369801390501,335.3258361816406,26823800,0.0,0.0
2023-07-03 00:00:00-04:00,333.99651867597373,335.68032771766394,331.41663942897316,332.81488037109375,12508700,0.0,0.0
2023-07-05 00:00:00-04:00,329.9592676867089,336.41882187846574,329.6047942488933,332.972412109375,18172400,0.0,0.0
2023-07-06 00:00:00-04:00,332.13540234854474,337.7382820361676,330.3629751576873,336.04461669921875,28161200,0.0,0.0
2023-07-07 00:00:00-04:00,334.1244923820167,336.5566740578288,331.84000796378285,332.056640625,21185300,0.0,0.0
2023-07-10 00:00:00-04:00,329.4767824384207,330.0971410096197,322.5741063466411,326.7491760253906,32791400,0.0,0.0
2023-07-11 00:00:00-04:00,325.99098010741216,327.7634074291619,321.9931471069892,327.37939453125,26698200,0.0,0.0
2023-07-12 00:00:00-04:00,331.4461986346193,336.4188641924921,330.53044542143925,332.0370178222656,29995300,0.0,0.0
2023-07-13 00:00:00-04:00,334.3607597926536,338.4767497121104,333.82901969172065,337.4132995605469,20567200,0.0,0.0
2023-07-14 00:00:00-04:00,342.2678200196118,346.0490196781183,339.03804343316017,339.95379638671875,28302200,0.0,0.0
2023-07-17 00:00:00-04:00,340.3870878805487,341.67702731455745,336.96039139033553,340.43634033203125,20363900,0.0,0.0
2023-07-18 00:00:00-04:00,340.5347789596811,361.16401313001876,336.93084583021295,353.9856262207031,64872700,0.0,0.0
2023-07-19 00:00:00-04:00,356.21107416498864,356.9101946041354,347.04362639492615,349.6431884765625,39732900,0.0,0.0
2023-07-20 00:00:00-04:00,348.1563239681224,352.4889474054873,340.0818661596131,341.55889892578125,33778400,0.0,0.0
2023-07-21 00:00:00-04:00,343.8039764820787,344.93636222302956,334.62667264440915,338.50634765625,69368900,0.0,0.0
2023-07-24 00:00:00-04:00,340.5545261109339,341.6081500253585,337.06872038252897,339.8258361816406,26678100,0.0,0.0
2023-07-25 00:00:00-04:00,341.79521773437693,346.50205770801625,339.78647478990905,345.6059875488281,41637700,0.0,0.0
2023-07-26 00:00:00-04:00,336.212087083463,339.3926421656176,328.00961399538977,332.5982666015625,58383700,0.0,0.0
2023-07-27 00:00:00-04:00,335.2667271305917,336.1036882550132,324.01171554866875,325.6561584472656,39635300,0.0,0.0
2023-07-28 00:00:00-04:00,328.5610382897155,334.8039600258681,328.0686940198267,333.1890563964844,28484900,0.0,0.0
2023-07-31 00:00:00-04:00,331.7613305472498,332.52938653244365,328.25581112345435,330.7766418457031,25446000,0.0,0.0
2023-08-01 00:00:00-04:00,330.0577387535238,333.3564512189415,328.5905625133595,331.19012451171875,18311900,0.0,0.0
2023-08-02 00:00:00-04:00,328.5215876676995,328.5215876676995,321.36288394253444,322.4854431152344,27761300,0.0,0.0
2023-08-03 00:00:00-04:00,321.0084881392415,324.8290847693167,320.95926572866995,321.65838623046875,18253700,0.0,0.0
2023-08-04 00:00:00-04:00,326.7984288690622,330.00852304114176,322.229459739469,322.7611999511719,23727700,0.0,0.0
2023-08-07 00:00:00-04:00,323.3421327167684,326.0401693802271,322.5051415469907,325.05548095703125,17741500,0.0,0.0
2023-08-08 00:00:00-04:00,321.9537483771396,323.71634923267544,318.05439027271234,321.05767822265625,22327600,0.0,0.0
2023-08-09 00:00:00-04:00,321.4712425475284,322.101427535395,316.134217875359,317.2961730957031,22373300,0.0,0.0
2023-08-10 00:00:00-04:00,321.0281577170199,323.23388055451517,316.26226863024675,317.9854736328125,20113700,0.0,0.0
2023-08-11 00:00:00-04:00,315.3563627423326,317.4734371020371,314.32242174086554,316.0948791503906,24342600,0.0,0.0
2023-08-14 00:00:00-04:00,316.4690119861492,319.0981131252165,315.1790425656813,319.07843017578125,18836100,0.0,0.0
2023-08-15 00:00:00-04:00,318.05438303591984,320.11237837893884,315.98653119187856,316.93182373046875,16966300,0.0,0.0
2023-08-16 00:00:00-04:00,316.5568737212436,320.129018488505,315.57010038655903,316.16217041015625,20698900,0.68,0.0
2023-08-17 00:00:00-04:00,316.3003145091052,317.6127097168365,312.02756935768224,312.688720703125,21257200,0.0,0.0
2023-08-18 00:00:00-04:00,310.3303071193683,314.1688694839408,307.4291913799028,312.29400634765625,24744800,0.0,0.0
2023-08-21 00:00:00-04:00,313.7248527414595,318.5008322758043,312.8466400945614,317.62261962890625,24040000,0.0,0.0
2023-08-22 00:00:00-04:00,321.1947150908699,321.7670303653258,317.2081424532329,318.1949157714844,16102000,0.0,0.0
2023-08-23 00:00:00-04:00,319.5369338888436,324.8457790055064,319.18167984531766,322.67486572265625,21166400,0.0,0.0
2023-08-24 00:00:00-04:00,328.44749892606876,328.57578427329713,315.7279766344483,315.73785400390625,23281400,0.0,0.0
2023-08-25 00:00:00-04:00,317.2180314460419,321.05656413544324,314.5833333396425,318.70806884765625,21684100,0.0,0.0
2023-08-28 00:00:00-04:00,321.3525852347555,321.83609449836024,317.46469615983295,319.41851806640625,14808500,0.0,0.0
2023-08-29 00:00:00-04:00,317.62256478776396,324.6286605824637,317.62256478776396,324.0661926269531,19284600,0.0,0.0
2023-08-30 00:00:00-04:00,324.32281515894806,325.4477211359216,322.13217708385923,324.44122314453125,15222100,0.0,0.0
2023-08-31 00:00:00-04:00,324.8457912046821,326.5331651614873,322.45778650386836,323.4248352050781,26411000,0.0,0.0
2023-09-01 00:00:00-04:00,326.92783979218484,327.59883836815857,322.457758218764,324.3128967285156,14931200,0.0,0.0
2023-09-05 00:00:00-04:00,324.6484378531068,330.4210680748013,324.31293852188503,329.13824462890625,18553900,0.0,0.0
2023-09-06 00:00:00-04:00,328.9705290461866,330.036231094412,325.81284204251835,328.4771423339844,17535800,0.0,0.0
2023-09-07 00:00:00-04:00,326.9081080612324,328.6744104407102,324.6779909504708,325.5463562011719,18381000,0.0,0.0
2023-09-08 00:00:00-04:00,325.7240188957701,331.7137404938382,325.10234685290214,329.8487243652344,19530100,0.0,0.0
2023-09-11 00:00:00-04:00,332.7794004894833,333.94381580860636,330.9933433198764,333.47015380859375,16583300,0.0,0.0
2023-09-12 00:00:00-04:00,331.3782249333898,332.33539626234364,327.09563232037993,327.38177490234375,17565500,0.0,0.0
2023-09-13 00:00:00-04:00,326.92781766085665,332.3945494732388,326.7896850758268,331.614990234375,16544400,0.0,0.0
2023-09-14 00:00:00-04:00,334.6641837585193,336.3515577961035,332.11832170381217,334.22015380859375,20267000,0.0,0.0
2023-09-15 00:00:00-04:00,332.4637195102644,332.93735148691496,325.28985735324517,325.8523254394531,37666900,0.0,0.0
2023-09-18 00:00:00-04:00,323.4642671224755,326.0298836572718,322.043311199017,324.7076110839844,16834200,0.0,0.0
2023-09-19 00:00:00-04:00,321.8558307484151,325.0332416851502,320.21778360821713,324.3030090332031,16505900,0.0,0.0
2023-09-20 00:00:00-04:00,325.15167108778996,325.23059969956495,316.2707116235492,316.5272521972656,21436500,0.0,0.0
2023-09-21 00:00:00-04:00,315.03720147868455,321.04664627170126,310.8335382769588,315.3036193847656,35529500,0.0,0.0
2023-09-22 00:00:00-04:00,317.0700380905197,317.19832345154833,311.96840633060816,312.8170471191406,21447900,0.0,0.0
2023-09-25 00:00:00-04:00,312.40254967459873,313.4682816827549,310.83358377019226,313.3399963378906,17836000,0.0,0.0
2023-09-26 00:00:00-04:00,310.9618559252266,311.7019358551928,305.9194290098136,308.01141357421875,26297600,0.0,0.0
2023-09-27 00:00:00-04:00,308.1692621621633,310.14280858680456,305.5937985326922,308.6528015136719,19410100,0.0,0.0
2023-09-28 00:00:00-04:00,306.8766039400304,311.3072363180732,305.3569948142918,309.4915771484375,19683600,0.0,0.0
2023-09-29 00:00:00-04:00,313.5472160333315,315.24446731366316,310.81386483371,311.57366943359375,24140300,0.0,0.0
2023-10-02 00:00:00-04:00,312.0966322948684,317.63244570904936,311.0111757318988,317.5436096191406,20570000,0.0,0.0
2023-10-03 00:00:00-04:00,316.5864380793077,317.1390587858504,307.09368454641833,309.244873046875,21033500,0.0,0.0
2023-10-04 00:00:00-04:00,309.87642567835275,315.80694299104033,309.84682368319505,314.7412109375,20720100,0.0,0.0
2023-10-05 00:00:00-04:00,314.869507327209,315.74775007089806,310.73492454627984,315.13592529296875,16965600,0.0,0.0
2023-10-06 00:00:00-04:00,312.3630341767249,324.83586147061334,312.1163408848103,322.931396484375,25645500,0.0,0.0
2023-10-09 00:00:00-04:00,320.45460260529177,325.9311819206421,318.9053614253998,325.4575500488281,19891200,0.0,0.0
2023-10-10 00:00:00-04:00,326.58249336445317,326.720656085552,323.3360307858184,324.0465087890625,20557100,0.0,0.0
2023-10-11 00:00:00-04:00,326.82917598535187,328.4178966562557,324.786578142663,328.023193359375,20063200,0.0,0.0
2023-10-12 00:00:00-04:00,326.19762310101714,329.2171466760317,324.3720866629903,326.7798156738281,19313100,0.0,0.0
2023-10-13 00:00:00-04:00,327.9837231000112,329.414526355163,322.0433284012077,323.3952331542969,21072400,0.0,0.0
2023-10-16 00:00:00-04:00,326.6712385695699,331.6939403926801,326.227208721367,328.240234375,22158000,0.0,0.0
2023-10-17 00:00:00-04:00,325.230576696379,329.04938417767374,323.07941833897735,327.66790771484375,18338500,0.0,0.0
2023-10-18 00:00:00-04:00,328.0922078686212,331.1512107763228,323.9576257989268,325.7436828613281,23153600,0.0,0.0
2023-10-19 00:00:00-04:00,327.75675274742485,332.42420139961934,326.5331634650962,326.937744140625,25052100,0.0,0.0
2023-10-20 00:00:00-04:00,327.33240523235037,327.5297719167904,321.14534814482755,322.3492126464844,25012600,0.0,0.0
2023-10-23 00:00:00-04:00,321.16511950696747,328.3291035769389,320.0994175521123,324.9642028808594,24374700,0.0,0.0
2023-10-24 00:00:00-04:00,326.91797719567256,327.450843201344,323.2669341104162,326.1581726074219,31153600,0.0,0.0
2023-10-25 00:00:00-04:00,340.45653303242403,341.62094848109837,333.1544162082352,336.1640930175781,55053800,0.0,0.0
2023-10-26 00:00:00-04:00,336.0358080707796,337.11138741830564,322.61568436698997,323.5531311035156,37828500,0.0,0.0
2023-10-27 00:00:00-04:00,326.059518061042,332.2663310024127,324.0563693205719,325.4477233886719,29856500,0.0,0.0
2023-10-30 00:00:00-04:00,329.0001007639954,334.9602201307453,327.44098203313024,332.8485107421875,22828100,0.0,0.0
2023-10-31 00:00:00-04:00,334.368141661427,334.5161516349393,330.2631610837394,333.6379089355469,20265300,0.0,0.0
2023-11-01 00:00:00-04:00,335.2956501784497,342.8247339764188,335.1574874856048,341.4925842285156,28158800,0.0,0.0
2023-11-02 00:00:00-04:00,342.64712815086057,344.2160939793093,340.2097970582298,343.7128601074219,24348100,0.0,0.0
2023-11-03 00:00:00-04:00,345.00555147993623,349.7026019942071,342.7359548361638,348.13360595703125,23624000,0.0,0.0
2023-11-06 00:00:00-05:00,348.77505187557927,352.810951254989,348.6763685179985,351.8143005371094,23828300,0.0,0.0
2023-11-07 00:00:00-05:00,354.6462939673867,357.66581765167786,352.89971618574515,355.7613525390625,25833900,0.0,0.0
2023-11-08 00:00:00-05:00,356.89620329285094,359.0572394916119,355.7811445101007,358.3961181640625,26767800,0.0,0.0
2023-11-09 00:00:00-05:00,357.507940986345,359.96502688763604,355.5935984478297,355.91925048828125,24847300,0.0,0.0
2023-11-10 00:00:00-05:00,356.7086886877949,365.2048228913201,356.2942607445592,364.780517578125,28042100,0.0,0.0
2023-11-13 00:00:00-05:00,363.3496257188251,363.5963190166595,361.06030468757956,361.8299865722656,19986500,0.0,0.0
2023-11-14 00:00:00-05:00,366.1027607739128,367.03033005742196,362.4911669897253,365.3725280761719,27683900,0.0,0.0
2023-11-15 00:00:00-05:00,367.1127890598003,368.94203087910716,362.9895794473633,365.5208740234375,26860100,0.75,0.0
2023-11-16 00:00:00-05:00,366.79639155264005,372.12590947641365,366.02514736390873,371.94793701171875,27182300,0.0,0.0
2023-11-17 00:00:00-05:00,369.41663021620167,370.1681097203814,362.88083457344084,365.6988525390625,40157000,0.0,0.0
2023-11-20 00:00:00-05:00,367.053455411311,374.6175863426899,366.83592346802067,373.2036437988281,52465100,0.0,0.0
2023-11-21 00:00:00-05:00,371.45354494039043,371.9973597461241,366.9545954086588,368.8827209472656,28423100,0.0,0.0
2023-11-22 00:00:00-05:00,373.7573802099264,375.5272979461787,370.76138971842033,373.60906982421875,23345300,0.0,0.0
2023-11-24 00:00:00-05:00,373.0949029680178,373.7277342076605,370.92951089344206,373.19378662109375,10176600,0.0,0.0
2023-11-27 00:00:00-05:00,372.5510875373221,376.36777927950243,371.9776106304941,374.36053466796875,22179200,0.0,0.0
2023-11-28 00:00:00-05:00,374.1034504184605,378.70125333384794,373.91558054196696,378.4046325683594,20453100,0.0,0.0
2023-11-29 00:00:00-05:00,379.4527337290247,379.98665110815534,373.20366140430053,374.59783935546875,28963400,0.0,0.0
2023-11-30 00:00:00-05:00,374.2418662773965,375.82391411402256,371.2557732398662,374.65716552734375,30554400,0.0,0.0
2023-12-01 00:00:00-05:00,372.53132601143756,373.91560663875174,367.1424837202218,370.30657958984375,33020400,0.0,0.0
2023-12-04 00:00:00-05:00,364.9572666786292,365.3725357450279,358.82684275276864,364.996826171875,32063300,0.0,0.0
2023-12-05 00:00:00-05:00,362.3369890872158,368.89254883397666,361.51628808242225,368.3388366699219,23065000,0.0,0.0
2023-12-06 00:00:00-05:00,369.3474023420888,369.98020330280474,363.8992368249849,364.66058349609375,21182100,0.0,0.0
2023-12-07 00:00:00-05:00,364.0970571720749,367.2809176222543,362.2084910807366,366.7865295410156,23118900,0.0,0.0
2023-12-08 00:00:00-05:00,365.0561208819856,370.2570622598937,364.09700692973007,370.0296630859375,20144800,0.0,0.0
2023-12-11 00:00:00-05:00,364.3442425802933,367.429219306122,361.990950541345,367.132568359375,27708800,0.0,0.0
2023-12-12 00:00:00-05:00,366.68757007317674,370.21750748538165,366.30193296551937,370.1779479980469,24838300,0.0,0.0
2023-12-13 00:00:00-05:00,371.7995959454895,373.40143865073276,366.60852117355006,370.1681213378906,30955500,0.0,0.0
2023-12-14 00:00:00-05:00,369.1200181959737,369.5649795287377,360.0430604780347,361.8228454589844,43277500,0.0,0.0
2023-12-15 00:00:00-05:00,362.73254387781907,368.22023954945644,362.1689342190952,366.5690002441406,78478200,0.0,0.0
2023-12-18 00:00:00-05:00,365.30334181505793,368.813484896194,364.5419649068583,368.4674072265625,21802900,0.0,0.0
2023-12-19 00:00:00-05:00,367.3204340997758,369.0705871582031,365.68895952374146,369.0705871582031,20603700,0.0,0.0
2023-12-20 00:00:00-05:00,370.7910493626897,371.80948757127044,366.3712188472843,366.460205078125,26316700,0.0,0.0
2023-12-21 00:00:00-05:00,368.3784311602655,370.20767302873213,365.88672618527943,369.3474426269531,17708000,0.0,0.0
2023-12-22 00:00:00-05:00,369.4858095366605,370.96897354107074,368.52669560680664,370.3757019042969,17091100,0.0,0.0
2023-12-26 00:00:00-05:00,370.79107530680284,372.7093035503944,369.30791100557565,370.45489501953125,12673100,0.0,0.0
2023-12-27 00:00:00-05:00,369.49578121145504,370.85039977971724,368.6256533259875,369.87152099609375,14905400,0.0,0.0
2023-12-28 00:00:00-05:00,371.1568573163463,372.234619578968,369.9604467569295,371.06787109375,14327000,0.0,0.0
2023-12-29 00:00:00-05:00,371.7798679914323,372.9268520562424,369.28816271791425,371.8194274902344,18723000,0.0,0.0
2024-01-02 00:00:00-05:00,369.6638284252025,371.68094017367383,362.65340930447013,366.7073974609375,25258600,0.0,0.0
2024-01-03 00:00:00-05:00,364.86827930524817,369.0705777416299,364.3738912539091,366.4404296875,23083500,0.0,0.0
2024-01-04 00:00:00-05:00,366.5096725142683,368.91239134112124,363.04895595417344,363.810302734375,20901500,0.0,0.0
2024-01-05 00:00:00-05:00,364.82871403903994,367.8840285269613,362.3864358970699,363.6224060058594,20987000,0.0,0.0
2024-01-08 00:00:00-05:00,365.1550098059731,370.988813066157,364.86828645661416,370.4845275878906,23134000,0.0,0.0
2024-01-09 00:00:00-05:00,367.83460167151895,371.76991118457596,367.0237980384077,371.5721740722656,20830000,0.0,0.0
2024-01-10 00:00:00-05:00,372.14565492996707,379.85812659429405,372.0962281951205,378.47381591796875,25514200,0.0,0.0
2024-01-11 00:00:00-05:00,381.66754557205917,386.2950101261023,376.1106291407019,380.31292724609375,27850800,0.0,0.0
2024-01-12 00:00:00-05:00,381.1632995596287,384.3174978189153,380.33273123391484,384.10986328125,21645700,0.0,0.0
2024-01-16 00:00:00-05:00,389.2416139939335,389.6074563331201,383.2693977344923,385.8896484375,27202300,0.0,0.0
2024-01-17 00:00:00-05:00,383.6253964652766,385.73146439966996,380.4909626708054,385.0986633300781,22234100,0.0,0.0
2024-01-18 00:00:00-05:00,387.32338662433057,389.56789757510035,385.74133878224427,389.4492492675781,23392100,0.0,0.0
2024-01-19 00:00:00-05:00,391.31800122328355,394.1953430175781,389.0833577969474,394.1953430175781,29272000,0.0,0.0
2024-01-22 00:00:00-05:00,395.53021503062706,396.1234867411943,389.17239178292385,392.05963134765625,27016900,0.0,0.0
2024-01-23 00:00:00-05:00,391.30815176623645,394.89741393072353,389.5085719753557,394.42279052734375,20525900,0.0,0.0
2024-01-24 00:00:00-05:00,397.03320717730816,401.07729824873246,395.9554447311388,398.041748046875,24867000,0.0,0.0
2024-01-25 00:00:00-05:00,399.78199083712803,402.44180116533613,398.0120730325646,400.3258056640625,21021200,0.0,0.0
2024-01-26 00:00:00-05:00,399.8313345932274,401.61114944618066,397.9131067953494,399.3962707519531,17803300,0.0,0.0
2024-01-29 00:00:00-05:00,401.5024138062242,405.37842932819404,399.7918203197978,405.121337890625,24510200,0.0,0.0
2024-01-30 00:00:00-05:00,407.63288072311394,408.41399218521565,401.88809348762567,404.0040588378906,33477600,0.0,0.0
2024-01-31 00:00:00-05:00,402.39234000988097,410.6585244475091,392.7517723927337,393.11761474609375,47871100,0.0,0.0
2024-02-01 00:00:00-05:00,397.3198605033387,403.4206219107263,397.29019842931785,399.24798583984375,30657700,0.0,0.0
2024-02-02 00:00:00-05:00,399.27768793699545,408.0184653335539,399.03049390369324,406.6045227050781,28245000,0.0,0.0
2024-02-05 00:00:00-05:00,405.29931376867506,406.54518129966755,399.4556434483769,401.0970153808594,25352300,0.0,0.0
2024-02-06 00:00:00-05:00,401.3244494199643,403.3909878537456,398.38778318773774,400.9388122558594,18382600,0.0,0.0
2024-02-07 00:00:00-05:00,402.86697483873127,409.6499650445578,402.8274153419617,409.40277099609375,22340500,0.0,0.0
2024-02-08 00:00:00-05:00,409.40274249689327,410.895804101699,407.89981364987307,409.4620666503906,21225300,0.0,0.0
2024-02-09 00:00:00-05:00,410.58927173757974,416.0967618057892,410.4310639420329,415.82977294921875,22032800,0.0,0.0
2024-02-12 00:00:00-05:00,415.83965259906256,416.01762504580444,410.09486617050925,410.5991516113281,21202900,0.0,0.0
2024-02-13 00:00:00-05:00,400.39497519288363,405.4674011458871,398.8623843888798,401.7594909667969,27824900,0.0,0.0
2024-02-14 00:00:00-05:00,404.23602806912544,405.989387335356,400.7689119546156,405.6426696777344,20401200,0.75,0.0
2024-02-15 00:00:00-05:00,404.30537605508795,405.2860649354581,400.49154229797136,402.7402038574219,21825500,0.0,0.0
2024-02-16 00:00:00-05:00,404.1270851963654,404.45400167684636,399.6495628327148,400.26373291015625,22281100,0.0,0.0
2024-02-20 00:00:00-05:00,399.451369143448,400.68962483118145,394.2705266937162,399.005615234375,24307900,0.0,0.0
2024-02-21 00:00:00-05:00,396.4102420513832,398.5103188921078,393.4879464924858,398.4013366699219,18631100,0.0,0.0
2024-02-22 00:00:00-05:00,406.3361048933316,408.95128532759105,404.7313302719457,407.7823791503906,27009900,0.0,0.0
2024-02-23 00:00:00-05:00,411.76461952225566,411.9528065802778,405.1275567366277,406.48468017578125,16295900,0.0,0.0
2024-02-26 00:00:00-05:00,407.5941515550284,408.28758685257475,403.53266673551263,403.71099853515625,16193500,0.0,0.0
2024-02-27 00:00:00-05:00,404.1567686089776,404.4836850623454,400.055681208624,403.6515808105469,14835800,0.0,0.0
2024-02-28 00:00:00-05:00,404.3449824000404,405.45445472615467,401.51186772663095,403.8893127441406,13183100,0.0,0.0
2024-02-29 00:00:00-05:00,404.80066973124497,410.30842877280423,402.1062240667456,409.7536926269531,31947300,0.0,0.0
2024-03-01 00:00:00-05:00,407.4059534745647,411.9627407983519,407.019633390637,411.5962219238281,17800300,0.0,0.0
2024-03-04 00:00:00-05:00,409.55556181237966,413.42882936527116,408.4460895147351,411.02166748046875,17596000,0.0,0.0
2024-03-05 00:00:00-05:00,410.0706791695835,410.35796297341943,396.8758486343361,398.866943359375,26919200,0.0,0.0
2024-03-06 00:00:00-05:00,399.1839622822259,401.35338891279406,394.6470062269907,398.3122253417969,22344100,0.0,0.0
2024-03-07 00:00:00-05:00,402.3043446808418,405.92996122894976,398.46079390642615,405.2959899902344,18718500,0.0,0.0
2024-03-08 00:00:00-05:00,404.1270542383835,406.56396338142315,400.5311546136932,402.4034118652344,17971700,0.0,0.0
2024-03-11 00:00:00-04:00,399.9665214154685,401.8684653107991,397.49000992509303,400.7193603515625,16120800,0.0,0.0
2024-03-12 00:00:00-04:00,403.7902307329295,411.66554917132913,402.9680422398846,411.3782653808594,22457000,0.0,0.0
2024-03-13 00:00:00-04:00,414.1717955341408,414.25103060175684,407.5842808912539,411.1999816894531,17115900,0.0,0.0
2024-03-14 00:00:00-04:00,416.29166230285614,423.80046200765156,414.06280198030794,421.2248840332031,34157300,0.0,0.0
2024-03-15 00:00:00-04:00,415.3506293663728,418.62952831732593,408.9116991847294,412.5075988769531,45049800,0.0,0.0
2024-03-18 00:00:00-04:00,410.3579455831781,416.77707411837673,409.8923602232522,413.39910888671875,20106000,0.0,0.0
2024-03-19 00:00:00-04:00,413.90430223487067,417.7082504608342,411.6457249805596,417.45068359375,19837900,0.0,0.0
2024-03-20 00:00:00-04:00,418.03516881122687,421.957954821688,416.70776218725405,421.2348327636719,17860100,0.0,0.0
2024-03-21 00:00:00-04:00,425.7915460992778,426.77226517382667,423.1466488448073,425.33587646484375,21296200,0.0,0.0
2024-03-22 00:00:00-04:00,425.6628247277611,425.8212948665726,422.0669250575301,424.7118225097656,17636500,0.0,0.0
2024-03-25 00:00:00-04:00,421.2446982721868,423.39432359578046,417.64879867030754,418.8870544433594,18060500,0.0,0.0
2024-03-26 00:00:00-04:00,421.6112320076055,421.98766661282076,417.39127674125456,417.6884460449219,16725600,0.0,0.0
2024-03-27 00:00:00-04:00,420.45224975865324,420.4621654792554,415.0732736405377,417.47052001953125,16705000,0.0,0.0
2024-03-28 00:00:00-04:00,417.00488629896955,417.9063400745122,415.1821775398297,416.76715087890625,21871200,0.0,0.0
2024-04-01 00:00:00-04:00,419.96679317686176,423.869777356087,418.2530364952505,420.5809631347656,16316000,0.0,0.0
2024-04-02 00:00:00-04:00,416.1628866591322,418.41157846327263,413.91422508584526,417.48040771484375,17912000,0.0,0.0
2024-04-03 00:00:00-04:00,415.7864888048433,419.2833219106777,415.1524873360607,416.4997253417969,16502300,0.0,0.0
2024-04-04 00:00:00-04:00,420.9970416568271,424.6424895808556,413.64677241260966,413.953857421875,19370900,0.0,0.0
2024-04-05 00:00:00-04:00,416.0638232237435,422.50275274464576,414.3896991298408,421.52203369140625,16544300,0.0,0.0
2024-04-08 00:00:00-04:00,421.1753671524619,423.26552832814343,419.32291117383534,420.6007995605469,14272400,0.0,0.0
2024-04-09 00:00:00-04:00,422.43343322697575,423.72120713043927,417.65871174097106,422.2749328613281,12512300,0.0,0.0
2024-04-10 00:00:00-04:00,418.2233709862432,420.0460798769914,415.7567751324305,419.2833251953125,16216600,0.0,0.0
2024-04-11 00:00:00-04:00,421.8192626102262,425.33589688609106,418.39174889077384,423.909423828125,17966400,0.0,0.0
2024-04-12 00:00:00-04:00,420.06585947169174,421.1852474824693,415.82607308443,417.9360656738281,19232100,0.0,0.0
2024-04-15 00:00:00-04:00,422.59191950798987,422.80985372463516,409.54564389911945,409.7536926269531,20273500,0.0,0.0
2024-04-16 00:00:00-04:00,410.67492896476267,414.46893102886065,409.8428247838056,410.684814453125,16765600,0.0,0.0
2024-04-17 00:00:00-04:00,413.3297553873522,414.944445667743,406.4747584853447,407.9705810546875,15855500,0.0,0.0
2024-04-18 00:00:00-04:00,406.7719711724091,408.02014264055606,400.15473970896494,400.4717102050781,21029900,0.0,0.0
2024-04-19 00:00:00-04:00,400.23398957432255,401.67037838778936,394.03279488372993,395.3701171875,30276500,0.0,0.0
2024-04-22 00:00:00-04:00,396.32104272721153,399.0650365930518,392.0317384607879,397.1927795410156,20286900,0.0,0.0
2024-04-23 00:00:00-04:00,400.4419924205836,404.36480838898973,399.27308625210287,403.74072265625,15734500,0.0,0.0
2024-04-24 00:00:00-04:00,405.7120076101216,408.5946705531457,402.95812809887644,405.2167053222656,15065300,0.0,0.0
2024-04-25 00:00:00-04:00,390.32792438015684,396.1328829826048,384.3842968555106,395.2908630371094,40586500,0.0,0.0
2024-04-26 00:00:00-04:00,408.2975149317784,409.1197034555493,401.94773576133974,402.5024719238281,29694700,0.0,0.0
2024-04-29 00:00:00-04:00,401.4424862005164,402.5024403041244,395.4394251609336,398.4706726074219,19582100,0.0,0.0
2024-04-30 00:00:00-04:00,397.71781312224874,398.38153147568886,385.51358797981476,385.67205810546875,28781400,0.0,0.0
2024-05-01 00:00:00-04:00,388.92124454675456,397.9456678723463,386.6428661349504,391.2293701171875,23562500,0.0,0.0
2024-05-02 00:00:00-04:00,393.92381025223517,396.1724717048869,390.94208087323796,394.10211181640625,17709400,0.0,0.0
2024-05-03 00:00:00-04:00,398.500380810565,403.324619934145,398.08431361506535,402.8392333984375,17446700,0.0,0.0
2024-05-06 00:00:00-04:00,404.9195438147948,410.0409526402596,402.55198432258595,409.6546325683594,16996600,0.0,0.0
2024-05-07 00:00:00-04:00,410.76410326855756,410.77401898833904,405.2464284421319,405.49407958984375,20018200,0.0,0.0
2024-05-08 00:00:00-04:00,404.33510268855184,408.356955043612,402.88879817126514,406.6828308105469,11792300,0.0,0.0
2024-05-09 00:00:00-04:00,406.71254786446275,408.8423417605904,405.2563578574711,408.44610595703125,14689700,0.0,0.0
2024-05-10 00:00:00-04:00,409.0602466503411,411.477324178815,407.9309429487919,410.84332275390625,13402300,0.0,0.0
2024-05-13 00:00:00-04:00,414.0826490844057,414.4194510292962,406.9601994102217,409.83294677734375,15440200,0.0,0.0
2024-05-14 00:00:00-04:00,408.14888698952717,413.56749523570926,407.68330162903794,412.646240234375,15109300,0.0,0.0
2024-05-15 00:00:00-04:00,414.7203513205961,420.58538800605515,414.095139906024,419.8609313964844,22239500,0.75,0.0
2024-05-16 00:00:00-04:00,418.59066930665216,422.18315151911617,417.151719986036,417.7868347167969,17530100,0.0,0.0
2024-05-17 00:00:00-04:00,419.32504512881616,419.7021586835379,414.84935049574557,417.01275634765625,15352200,0.0,0.0
2024-05-20 00:00:00-04:00,417.0127568242458,423.52284159685394,416.7944295178616,422.1037292480469,16272100,0.0,0.0
2024-05-21 00:00:00-04:00,423.58239750259565,429.6756950854867,421.6174819616407,425.7756042480469,21453300,0.0,0.0
2024-05-22 00:00:00-04:00,426.8176331949398,429.11998861717575,423.88016299593255,427.2443542480469,18073700,0.0,0.0
2024-05-23 00:00:00-04:00,429.6756760944335,430.30088747906075,422.1831336543051,423.7510986328125,17211700,0.0,0.0
2024-05-24 00:00:00-04:00,423.9396813142882,427.7802311569624,421.180834455013,426.8870849609375,11845800,0.0,0.0
2024-05-28 00:00:00-04:00,426.3611154416687,427.54206361225715,423.3541707575322,427.0458679199219,15718000,0.0,0.0
2024-05-29 00:00:00-04:00,422.4510995765547,427.66115445230247,422.4510995765547,425.9046325683594,15517100,0.0,0.0
2024-05-30 00:00:00-04:00,421.071626093263,421.071626093263,411.08817181006793,411.5149230957031,28424800,0.0,0.0
2024-05-31 00:00:00-04:00,413.5791047255822,413.5791047255822,401.43224401056676,411.971435546875,47995300,0.0,0.0
2024-06-03 00:00:00-04:00,412.3683735171778,413.2615196687407,405.8086812773789,410.3736572265625,17484700,0.0,0.0
2024-06-04 00:00:00-04:00,409.2919776436919,413.27147684716857,406.56290129495756,412.904296875,14348900,0.0,0.0
2024-06-05 00:00:00-04:00,414.6310359031759,420.8533188907335,413.1325152430589,420.78387451171875,16988000,0.0,0.0
2024-06-06 00:00:00-04:00,420.7838485363347,422.07394512362515,417.37992333025653,421.2899475097656,14861300,0.0,0.0
2024-06-07 00:00:00-04:00,422.9572173477245,423.03659533238357,419.78155282449774,420.6250915527344,13621700,0.0,0.0
2024-06-10 00:00:00-04:00,421.4686078947135,424.82286513391676,420.66477334419267,424.6144714355469,14003000,0.0,0.0
2024-06-11 00:00:00-04:00,422.24267892962746,429.5268277427762,422.01441801832095,429.38787841796875,14551100,0.0,0.0
2024-06-12 00:00:00-04:00,432.00781534858527,440.0263242349242,429.9535579589742,437.7041320800781,22366200,0.0,0.0
2024-06-13 00:00:00-04:00,437.49575798146077,440.01644063600304,436.02700779586485,438.2201843261719,15960600,0.0,0.0
2024-06-14 00:00:00-04:00,434.94529966913103,439.7683376003339,433.39717151476515,439.2026672363281,13582000,0.0,0.0
2024-06-17 00:00:00-04:00,439.22250553797545,447.5089797746042,437.3667384679764,444.9585266113281,20790000,0.0,0.0
2024-06-18 00:00:00-04:00,446.28832386783046,446.7150751827561,441.50502038116036,442.9439697265625,17112500,0.0,0.0
2024-06-20 00:00:00-04:00,442.9042790324355,443.1325399619797,437.912551396736,442.3088684082031,19877400,0.0,0.0
2024-06-21 00:00:00-04:00,443.9760548608899,447.1516890658263,443.112679216781,446.3577880859375,34486200,0.0,0.0
2024-06-24 00:00:00-04:00,446.37762314479846,449.30518978099155,443.0134321712583,444.26385498046875,15913700,0.0,0.0
2024-06-25 00:00:00-04:00,444.8394216277891,447.98531552571586,443.3508346061679,447.5188903808594,16747500,0.0,0.0
2024-06-26 00:00:00-04:00,445.5837053034348,450.1487114593878,444.7798707523325,448.71966552734375,16507000,0.0,0.0
2024-06-27 00:00:00-04:00,448.7395034299803,452.6991654227889,448.3326193512516,449.4044189453125,14806300,0.0,0.0
2024-06-28 00:00:00-04:00,449.62274649126965,451.9151680373726,443.01341660893064,443.54931640625,28362300,0.0,0.0
2024-07-01 00:00:00-04:00,445.24627786855143,453.88999748693993,442.269104011504,453.2548828125,17662800,0.0,0.0
2024-07-02 00:00:00-04:00,449.75176594132466,456.0931308349297,449.6624240698802,455.7854919433594,13979800,0.0,0.0
2024-07-03 00:00:00-04:00,454.70380374999445,457.5122579984809,454.39616484845857,457.26416015625,9932800,0.0,0.0
2024-07-05 00:00:00-04:00,456.1129790053472,464.78650009669735,455.4778642825478,464.00250244140625,16000300,0.0,0.0
2024-07-08 00:00:00-04:00,463.0002048353039,464.14147919648303,460.92611040198074,462.69256591796875,12962300,0.0,0.0
2024-07-09 00:00:00-04:00,463.4467798855468,463.7742557192127,454.51525736098597,456.0435485839844,17207200,0.0,0.0
2024-07-10 00:00:00-04:00,457.71075666628917,462.91087784219644,455.36869724486377,462.7024841308594,18196100,0.0,0.0
2024-07-11 00:00:00-04:00,459.457386639418,461.2436790661222,448.1143297880847,451.2403869628906,23111200,0.0,0.0
2024-07-12 00:00:00-04:00,450.8731546278995,452.8877078833818,447.22116168053736,450.0990905761719,16324300,0.0,0.0
2024-07-15 00:00:00-04:00,449.85099950163277,453.7808911637112,447.99523247056425,450.5059814453125,14429400,0.0,0.0
2024-07-16 00:00:00-04:00,450.764044396858,450.84342238707205,443.26156747821994,446.09979248046875,17175700,0.0,0.0
2024-07-17 00:00:00-04:00,439.22249954002416,441.46531376189114,435.8384412822571,440.1454162597656,21778000,0.0,0.0
2024-07-18 00:00:00-04:00,440.95917357547034,441.2668124744543,431.0948010273652,437.0193786621094,20794800,0.0,0.0
2024-07-19 00:00:00-04:00,429.80471086507333,437.7835460054657,428.7130742947466,433.7841796875,20940400,0.0,0.0
2024-07-22 00:00:00-04:00,438.4286106688719,441.2172281155517,435.5705185548157,439.5698547363281,15808800,0.0,0.0
2024-07-23 00:00:00-04:00,440.52254806214466,444.9784061601368,439.7286470352855,441.46533203125,13107100,0.0,0.0
2024-07-24 00:00:00-04:00,437.0987963490377,438.12095826115956,424.3366274271562,425.63665771484375,26805800,0.0,0.0
2024-07-25 00:00:00-04:00,425.5374171635106,426.52980855641556,414.3333401430881,415.216552734375,29943800,0.0,0.0
2024-07-26 00:00:00-04:00,415.0180872010169,425.6565240052853,414.0951402007918,422.0342712402344,23583800,0.0,0.0
2024-07-29 00:00:00-04:00,428.29625878283395,428.86192913835873,421.4686315229256,423.4831848144531,15125800,0.0,0.0
2024-07-30 00:00:00-04:00,424.4656455012434,425.7855127211385,414.18445497765873,419.7021789550781,32687600,0.0,0.0
2024-07-31 00:00:00-04:00,417.3005665174137,418.5708262456948,409.07363367025533,415.16693115234375,42891400,0.0,0.0
2024-08-01 00:00:00-04:00,417.58836350695543,424.20759683358074,409.94693801865395,413.93634033203125,30296400,0.0,0.0
2024-08-02 00:00:00-04:00,409.35149283755305,411.84240478431724,401.2635094994672,405.3819274902344,29437900,0.0,0.0
2024-08-05 00:00:00-04:00,386.2089818321841,397.98866312927163,382.64626998707365,392.1434631347656,40709200,0.0,0.0
2024-08-06 00:00:00-04:00,396.9565662320286,402.5834388839359,395.4679791086585,396.56951904296875,24946500,0.0,0.0
2024-08-07 00:00:00-04:00,405.53083654236127,406.95985229689995,394.44581127033643,395.39849853515625,20650900,0.0,0.0
2024-08-08 00:00:00-04:00,399.3779702821044,402.77193167950935,396.8969919508049,399.6260681152344,20203000,0.0,0.0
2024-08-09 00:00:00-04:00,400.9558760021183,404.945278327108,399.1993542150353,402.93072509765625,19276700,0.0,0.0
2024-08-12 00:00:00-04:00,403.9628500529108,405.64992758545134,401.1642989727411,403.7147521972656,16762900,0.0,0.0
2024-08-13 00:00:00-04:00,406.47357171655057,411.79280513110314,406.4537347921751,410.8599548339844,19414300,0.0,0.0
2024-08-14 00:00:00-04:00,411.64393908583247,414.54173528870035,409.3118435327495,413.6882629394531,18267000,0.0,0.0
2024-08-15 00:00:00-04:00,417.35676799168647,418.6591414148161,415.22923848625584,418.5796203613281,20752100,0.75,0.0
2024-08-16 00:00:00-04:00,418.15215435686315,418.8878379189571,414.87134183677813,416.0345458984375,22775600,0.0,0.0
2024-08-19 00:00:00-04:00,416.52167114516885,419.2954420190991,414.03622098500824,419.07672119140625,15234000,0.0,0.0
2024-08-20 00:00:00-04:00,419.24576369099765,423.3815262412174,419.18611531171354,422.32769775390625,16387600,0.0,0.0
2024-08-21 00:00:00-04:00,421.6118605911061,423.91836557959886,419.26561024554667,421.6715393066406,16067300,0.0,0.0
2024-08-22 00:00:00-04:00,421.8902239006129,424.30610443723026,412.1969685866766,413.1315002441406,19361900,0.0,0.0
2024-08-23 00:00:00-04:00,414.5532154876874,416.8199448280934,409.69166039420327,414.36431884765625,18493800,0.0,0.0
2024-08-26 00:00:00-04:00,413.94677020088477,414.8514777475828,408.94604542911463,411.0835266113281,13152800,0.0,0.0
2024-08-27 00:00:00-04:00,410.4571806188663,411.9484507655821,407.86238512676584,411.4314880371094,13492900,0.0,0.0
2024-08-28 00:00:00-04:00,412.46541647118636,412.5847132206145,404.9394663484376,408.2103271484375,14882700,0.0,0.0
2024-08-29 00:00:00-04:00,412.52511339470357,419.5937196899045,408.21037518945246,410.7156982421875,17045200,0.0,0.0
2024-08-30 00:00:00-04:00,413.18123450252676,415.0602190186727,409.7314285183125,414.7122802734375,24308300,0.0,0.0
2024-09-03 00:00:00-04:00,415.47780496274754,417.43634095322227,404.66112073149435,407.0570983886719,20313600,0.0,0.0
2024-09-04 00:00:00-04:00,403.5476443909062,408.8466109265116,402.01659855552833,406.5202331542969,15135800,0.0,0.0
2024-09-05 00:00:00-04:00,405.24767603841406,410.69579375461194,403.7663574401279,406.0132141113281,14195500,0.0,0.0
2024-09-06 00:00:00-04:00,406.6793340354345,408.2600768498661,398.46739620074226,399.3621826171875,19609500,0.0,0.0
2024-09-09 00:00:00-04:00,404.8698768958274,406.27167441765806,399.8095040440946,403.3587341308594,15295100,0.0,0.0
2024-09-10 00:00:00-04:00,405.8243177579556,413.9069762623546,405.327227721672,411.7893981933594,19594300,0.0,0.0
2024-09-11 00:00:00-04:00,413.08181573237965,421.52239474938517,407.19625641616165,420.57794189453125,19266900,0.0,0.0
2024-09-12 00:00:00-04:00,420.84636566939764,424.8827343519594,417.30708702498356,424.514892578125,17418800,0.0,0.0
2024-09-13 00:00:00-04:00,423.35167762504557,429.3167579290349,422.98383586069434,428.083984375,15874600,0.0,0.0
2024-09-16 00:00:00-04:00,428.09393683099876,431.0068771042965,425.72778345078893,428.8296203613281,13834700,0.0,0.0
2024-09-17 00:00:00-04:00,437.6679140298658,439.27848092894993,429.75421863095636,432.6174621582031,18874200,0.0,0.0
2024-09-18 00:00:00-04:00,432.46835149823806,433.4923558065776,427.9050683956392,428.302734375,18898000,0.0,0.0
2024-09-19 00:00:00-04:00,438.66206659768085,438.93048428402824,434.3572500672092,436.1368408203125,21706600,0.0,0.0
2024-09-20 00:00:00-04:00,434.6754186759471,436.6836515284863,431.6928784161533,432.73675537109375,55167100,0.0,0.0
2024-09-23 00:00:00-04:00,431.75253779309,433.9198431554934,427.88519293448667,430.9870300292969,15128900,0.0,0.0
2024-09-24 00:00:00-04:00,430.47996802683457,430.82793711748263,423.62013164821116,426.6722717285156,17015800,0.0,0.0
2024-09-25 00:00:00-04:00,427.3284243659067,430.599285430914,426.0757780554542,429.59515380859375,13396400,0.0,0.0
2024-09-26 00:00:00-04:00,432.5578041483432,432.766573468399,426.6324994108163,428.7998046875,14492000,0.0,0.0
2024-09-27 00:00:00-04:00,429.0085608111411,429.3366572153901,424.982143776937,425.5289306640625,14896100,0.0,0.0
2024-09-30 00:00:00-04:00,425.71782167728367,427.91498138591425,422.89435403602215,427.795654296875,16807300,0.0,0.0
2024-10-01 00:00:00-04:00,425.95645456288486,425.9862787507864,416.3725443176016,418.2416076660156,19092900,0.0,0.0
2024-10-02 00:00:00-04:00,420.12062555956777,420.3592494217051,414.2847930567838,414.7023620605469,16582300,0.0,0.0
2024-10-03 00:00:00-04:00,415.19943635003835,417.1082451347957,411.8788784861643,414.11578369140625,13686400,0.0,0.0
2024-10-04 00:00:00-04:00,415.8058857128688,417.30710741019845,412.554927626964,413.6385803222656,19169700,0.0,0.0
2024-10-07 00:00:00-04:00,413.5789505765619,414.68247600169315,406.61968938897553,407.15655517578125,20919800,0.0,0.0
2024-10-08 00:00:00-04:00,408.50859351504334,413.24090045920747,405.79450128292336,412.2964172363281,19229300,0.0,0.0
2024-10-09 00:00:00-04:00,413.4397013585542,417.93341460570645,411.88878290651843,415.0303955078125,14974300,0.0,0.0
2024-10-10 00:00:00-04:00,412.81339505205864,414.9210519137125,410.74548354781774,413.4198303222656,13848400,0.0,0.0
2024-10-11 00:00:00-04:00,413.7181190735733,414.702347658303,410.84492403738636,413.8970642089844,14144900,0.0,0.0
2024-10-14 00:00:00-04:00,415.3385704638852,421.5720985232806,415.0900254622179,416.70062255859375,16653100,0.0,0.0
2024-10-15 00:00:00-04:00,419.7229298265709,420.02120204810905,412.84322081195853,416.3029479980469,18900200,0.0,0.0
2024-10-16 00:00:00-04:00,412.7537587941709,413.93680518127485,408.09105177334885,413.6982116699219,15508900,0.0,0.0
2024-10-17 00:00:00-04:00,419.9018988417956,420.04109862109203,413.1713103850963,414.29473876953125,14820000,0.0,0.0
2024-10-18 00:00:00-04:00,414.7122656673259,417.20763687167505,413.8373824004759,415.726318359375,17145300,0.0,0.0
2024-10-21 00:00:00-04:00,413.6982202013397,416.5216880571269,411.3420182082338,416.3427429199219,14206100,0.0,0.0
2024-10-22 00:00:00-04:00,416.0544182638452,428.07405197206367,415.6070554250592,425.0219421386719,25482200,0.0,0.0
2024-10-23 00:00:00-04:00,428.35242251551375,428.5711433507003,420.0709156477079,422.1288757324219,19654400,0.0,0.0
2024-10-24 00:00:00-04:00,422.8545708930616,423.50081217243513,419.9416307412936,422.2580871582031,13581600,0.0,0.0
2024-10-25 00:00:00-04:00,424.2763085648032,430.0027653012564,424.0874119188817,425.658203125,16899100,0.0,0.0
2024-10-28 00:00:00-04:00,429.1478003666399,429.4261695906152,423.81897907057987,424.1072998046875,14882400,0.0,0.0
2024-10-29 00:00:00-04:00,425.5090727531412,430.64899709836675,423.32186444879665,429.43609619140625,17644100,0.0,0.0
2024-10-30 00:00:00-04:00,434.8941538571239,435.9479823564893,429.5852356603292,430.0127258300781,29749100,0.0,0.0
2024-10-31 00:00:00-04:00,412.9426186903331,413.7379809491165,403.93534969689097,403.9850769042969,53971000,0.0,0.0
2024-11-01 00:00:00-04:00,406.62958864176215,413.0818074048316,405.12836706972047,407.9816589355469,24230400,0.0,0.0
2024-11-04 00:00:00-05:00,407.41496126180874,408.03137836159885,403.20959918238225,406.082763671875,19672300,0.0,0.0
2024-11-05 00:00:00-05:00,405.99332524640585,412.4853201284023,405.7050045203228,409.0653381347656,17626000,0.0,0.0
2024-11-06 00:00:00-05:00,410.01974169679755,418.00300613139274,408.1307753660983,417.73455810546875,26681800,0.0,0.0
2024-11-07 00:00:00-05:00,418.8281991036067,424.36578964518526,417.4363530057155,422.95404052734375,19901800,0.0,0.0
2024-11-08 00:00:00-05:00,422.8446603519728,424.0177855133015,419.32525452801985,420.0808410644531,16891400,0.0,0.0
2024-11-11 00:00:00-05:00,420.0609408352946,422.3376216288976,413.5788978774876,415.57720947265625,24503300,0.0,0.0
2024-11-12 00:00:00-05:00,415.81581365023004,421.969790701444,414.77193671429194,420.5679931640625,19401200,0.0,0.0
2024-11-13 00:00:00-05:00,419.18612400128455,426.8313412777235,415.7760631016859,422.72540283203125,21502200,0.0,0.0
2024-11-14 00:00:00-05:00,422.526533184943,425.6780973820496,417.5556327945319,424.4055480957031,30246900,0.0,0.0
2024-11-15 00:00:00-05:00,417.3767027455775,420.3393400677491,411.23267692258383,412.5847473144531,28247600,0.0,0.0
2024-11-18 00:00:00-05:00,412.4554971706168,415.9649517435253,409.7016291897124,413.34033203125,24742000,0.0,0.0
2024-11-19 00:00:00-05:00,410.7057344914447,415.5076414577029,409.15481593264525,415.3585205078125,18133500,0.0,0.0
2024-11-20 00:00:00-05:00,414.4438422518667,414.86141123218795,408.19044109637775,413.0718688964844,19191700,0.0,0.0
2024-11-21 00:00:00-05:00,417.8933391524707,418.1722655525636,408.7186214344056,411.2887268066406,20780200,0.83,0.0
2024-11-22 00:00:00-05:00,409.7944811664486,415.80138553605957,409.4856708735379,415.4029235839844,24814600,0.0,0.0
2024-11-25 00:00:00-05:00,416.7776323033626,419.46727321033643,413.2611532266888,417.1860656738281,27691100,0.0,0.0
2024-11-26 00:00:00-05:00,417.98300734363517,427.396826920373,417.24585120009374,426.350830078125,23458900,0.0,0.0
2024-11-27 00:00:00-05:00,423.48187093647766,425.5937771564677,420.4037088714897,421.3699951171875,18332400,0.0,0.0
2024-11-29 00:00:00-05:00,418.48107704362025,423.2527401453399,416.1998390930093,421.8381652832031,16271900,0.0,0.0
2024-12-02 00:00:00-05:00,419.9554423160969,431.3416594246016,419.69642835819553,429.32940673828125,20207200,0.0,0.0
2024-12-03 00:00:00-05:00,428.19374634076934,430.8136785324232,426.10178307894205,429.5485534667969,18302000,0.0,0.0
2024-12-04 00:00:00-05:00,431.3715193088951,437.98610309109085,430.973057365549,435.7447204589844,26009400,0.0,0.0
2024-12-05 00:00:00-05:00,436.24279326556575,442.95696954495514,434.4994957116604,440.9247741699219,21697800,0.0,0.0
2024-12-06 00:00:00-05:00,440.605999369761,444.3914637865622,440.0780304611881,441.87115478515625,18821000,0.0,0.0
2024-12-09 00:00:00-05:00,440.90485264962797,446.61288735234007,438.8128895478079,444.3117370605469,19144400,0.0,0.0
2024-12-10 00:00:00-05:00,442.68804835999237,447.89799856218906,439.9087252497819,441.632080078125,18469500,0.0,0.0
2024-12-11 00:00:00-05:00,442.34933339299914,448.6252234428676,442.34933339299914,447.2704162597656,19200200,0.0,0.0
2024-12-12 00:00:00-05:00,447.389907127457,454.4129240722559,447.389907127457,447.83819580078125,20834800,0.0,0.0
2024-12-13 00:00:00-05:00,446.722508676707,449.7010474581427,443.8734464678006,445.5569763183594,20177800,0.0,0.0
2024-12-16 00:00:00-05:00,445.5569810702514,450.4481798147897,443.57461233779367,449.8604431152344,23598800,0.0,0.0
2024-12-17 00:00:00-05:00,449.2826833242326,453.5462901057899,447.84819595840975,452.7194519042969,22733500,0.0,0.0
2024-12-18 00:00:00-05:00,449.59148560028365,450.9163784238889,435.34623528561843,435.71484375,24444500,0.0,0.0
2024-12-19 00:00:00-05:00,439.92861811038824,441.4826409757379,434.64892893973837,435.356201171875,22963700,0.0,0.0
2024-12-20 00:00:00-05:00,431.45120224609855,442.04049490082355,426.988379811487,434.9278564453125,64263700,0.0,0.0
2024-12-23 00:00:00-05:00,435.06732205874545,435.97384050264867,431.1722932989543,433.5830383300781,19152500,0.0,0.0
2024-12-24 00:00:00-05:00,432.9853009034494,437.9163547514511,432.52707119819956,437.6473693847656,7164500,0.0,0.0
2024-12-26 00:00:00-05:00,437.3983540840164,439.2512462781778,434.9577555797017,436.43206787109375,8194200,0.0,0.0
2024-12-27 00:00:00-05:00,432.9355230391817,433.5531436249425,424.71711987555517,428.881103515625,18117700,0.0,0.0
2024-12-30 00:00:00-05:00,424.42821148968693,425.91249514442245,420.2841404099869,423.2029113769531,13158700,0.0,0.0
2024-12-31 00:00:00-05:00,424.4680695178944,425.09566152109494,419.0489019483089,419.88568115234375,13246500,0.0,0.0
2025-01-02 00:00:00-05:00,423.90026204092493,424.43820240788705,413.2611726539346,416.97686767578125,16896500,0.0,0.0
2025-01-03 00:00:00-05:00,419.4672816518615,422.40599553232005,417.93320162542307,421.7286071777344,16662900,0.0,0.0
2025-01-06 00:00:00-05:00,426.3607841744266,432.6565862275622,423.85044657634234,426.21136474609375,20573600,0.0,0.0
2025-01-07 00:00:00-05:00,427.356962317073,429.00063686122985,419.18835553907815,420.7523498535156,18139100,0.0,0.0
2025-01-08 00:00:00-05:00,421.8381972488523,425.33476415419165,419.9255676122581,422.9339904785156,15054600,0.0,0.0
2025-01-10 00:00:00-05:00,423.0036976315441,423.0833778600729,413.4304875422897,417.345458984375,20201100,0.0,0.0
2025-01-13 00:00:00-05:00,413.6496498082875,416.8971739621178,410.71096634455273,415.5921936035156,17604800,0.0,0.0
2025-01-14 00:00:00-05:00,416.2098216251219,418.13242259689986,409.1469793562449,414.0780334472656,16935900,0.0,0.0
2025-01-15 00:00:00-05:00,417.52478252697114,426.51022596326726,416.6680604251186,424.6772766113281,19637800,0.0,0.0
2025-01-16 00:00:00-05:00,427.0581034768278,427.8450559110229,422.76461308505725,422.953857421875,15300000,0.0,0.0
2025-01-17 00:00:00-05:00,432.4274897834489,432.816010728012,426.53017961505896,427.3868713378906,26197500,0.0,0.0
2025-01-21 00:00:00-05:00,428.55235740588927,429.2496581837696,423.96996920550396,426.8588562011719,26085700,0.0,0.0
2025-01-22 00:00:00-05:00,435.8841949618168,445.55699830786784,434.3301720077898,444.4911193847656,27803800,0.0,0.0
2025-01-23 00:00:00-05:00,440.30716256200645,445.03897030447143,439.8090775364838,444.9991149902344,18389300,0.0,0.0
2025-01-24 00:00:00-05:00,443.4550766157881,444.9393603072831,439.70946738545626,442.3592834472656,15549500,0.0,0.0
2025-01-27 00:00:00-05:00,422.3860783898249,433.5332238334213,421.8780219291722,432.8956604003906,35647800,0.0,0.0
2025-01-28 00:00:00-05:00,432.93552501884864,446.66274757404807,429.72785612913765,445.4872741699219,23491700,0.0,0.0
2025-01-29 00:00:00-05:00,444.97921209968376,445.16848684550723,438.7132938317083,440.6358947753906,23581400,0.0,0.0
2025-01-30 00:00:00-05:00,417.1661258658952,421.24045777086803,411.57762641112805,413.4006042480469,54586300,0.0,0.0
2025-01-31 00:00:00-05:00,417.37536767699305,419.078810069406,413.32094799383236,413.4703674316406,34223400,0.0,0.0
2025-02-03 00:00:00-05:00,410.02361028085903,413.819015846871,407.09486781879804,409.3462219238281,25679100,0.0,0.0
2025-02-04 00:00:00-05:00,411.1094311345796,412.3347312724244,408.1707172498281,410.7906494140625,20532100,0.0,0.0
2025-02-05 00:00:00-05:00,410.7707509847515,412.2450632912695,408.82820710975375,411.7071533203125,16316700,0.0,0.0
2025-02-06 00:00:00-05:00,412.41441067873023,416.59833715024297,412.41441067873023,414.2274475097656,16309800,0.0,0.0
2025-02-07 00:00:00-05:00,414.8849302333569,417.0466023053385,406.5370200109021,408.1806945800781,22886800,0.0,0.0
2025-02-10 00:00:00-05:00,412.1255190561223,413.8688167120759,409.34622639599064,410.6412353515625,20817900,0.0,0.0
2025-02-11 00:00:00-05:00,408.0711332799312,410.9101937368833,407.7324086942097,409.8642272949219,18140600,0.0,0.0
2025-02-12 00:00:00-05:00,405.65041091349894,409.17686151888216,402.82129152637,407.4734191894531,19121700,0.0,0.0
2025-02-13 00:00:00-05:00,405.4412312140984,409.425911619151,404.80366775695455,408.9676818847656,23891700,0.0,0.0
2025-02-14 00:00:00-05:00,406.22818963820515,407.3438952203064,404.3255012113121,406.86572265625,22758500,0.0,0.0
2025-02-18 00:00:00-05:00,406.4374029097933,409.0274512633779,404.94314775203674,408.0711364746094,21423100,0.0,0.0
2025-02-19 00:00:00-05:00,406.31786140389937,413.8987012007662,406.0887313388178,413.18145751953125,24114200,0.0,0.0
2025-02-20 00:00:00-05:00,414.52900508229465,418.5416276159257,411.78404435480104,415.3674621582031,23508700,0.83,0.0
2025-02-21 00:00:00-05:00,416.57521868274245,417.28390907488637,407.14255413255484,407.4619445800781,27524800,0.0,0.0
2025-02-24 00:00:00-05:00,407.7614192904554,408.6198287275297,398.58825743588903,403.2596740722656,26443700,0.0,0.0
2025-02-25 00:00:00-05:00,400.3649855487621,401.18349019975926,395.9730546936776,397.17083740234375,29387400,0.0,0.0
2025-02-26 00:00:00-05:00,397.28064827533655,402.860400830509,393.5275288045757,398.99749755859375,19619000,0.0,0.0
2025-02-27 00:00:00-05:00,400.53467393026557,404.9964840093174,391.45137377356565,391.8106994628906,21127400,0.0,0.0
2025-02-28 00:00:00-05:00,391.94046026830176,396.9013540385077,385.86162375466716,396.26251220703125,32845700,0.0,0.0
2025-03-03 00:00:00-05:00,398.0891633417286,398.0891633417286,385.4523593369203,387.778076171875,23007700,0.0,0.0
2025-03-04 00:00:00-05:00,382.6974135187692,391.86058386063223,380.30181761040467,387.8978576660156,29342900,0.0,0.0
2025-03-05 00:00:00-05:00,388.62653647287385,400.9339589862258,388.09750890861034,400.2851257324219,23433100,0.0,0.0
2025-03-06 00:00:00-05:00,393.557486671848,401.4130601425524,391.9604125552081,396.1627197265625,23304600,0.0,0.0
2025-03-07 00:00:00-05:00,391.601087821307,394.07652376953155,384.83351327034705,392.5892639160156,22034100,0.0,0.0
2025-03-10 00:00:00-04:00,385.1329632711281,385.69193466137494,376.5287638766263,379.46337890625,32840100,0.0,0.0
2025-03-11 00:00:00-04:00,378.30548307291184,385.29265558349334,376.2193166501511,379.7528381347656,30380200,0.0,0.0
2025-03-12 00:00:00-04:00,382.2482670126177,384.5140963348653,378.2555969008229,382.5676574707031,24253600,0.0,0.0
2025-03-13 00:00:00-04:00,382.4578672121625,384.6139126915579,376.75833925298997,378.0758972167969,20473000,0.0,0.0
2025-03-14 00:00:00-04:00,379.0840519928303,389.51491455417886,378.81455773398244,387.84796142578125,19952800,0.0,0.0
2025-03-17 00:00:00-04:00,385.9913968692823,391.99036302361236,384.8634626840814,387.98773193359375,22474300,0.0,0.0
2025-03-18 00:00:00-04:00,386.36071271152235,386.6601507855219,380.4016513456866,382.81719970703125,19486900,0.0,0.0
2025-03-19 00:00:00-04:00,384.8235322758774,388.9659214939022,383.29633715100766,387.1093444824219,19185500,0.0,0.0
2025-03-20 00:00:00-04:00,385.0331131975468,391.07204471614995,382.5776297310475,386.131103515625,18470500,0.0,0.0
2025-03-21 00:00:00-04:00,382.5177544739553,391.0221306945889,382.09851071654674,390.54302978515625,39675900,0.0,0.0
2025-03-24 00:00:00-04:00,394.67543616141086,394.67543616141086,389.09568331150246,392.35968017578125,21004500,0.0,0.0
2025-03-25 00:00:00-04:00,393.19816458592396,395.63366532055824,391.9205113732519,394.4358825683594,15775000,0.0,0.0
2025-03-26 00:00:00-04:00,394.27618318122023,394.5856126855185,387.85797313035886,389.2554016113281,16108400,0.0,0.0
2025-03-27 00:00:00-04:00,389.4151007040484,391.5212195564284,386.6900923994873,389.8642578125,13766800,0.0,0.0
2025-03-28 00:00:00-04:00,387.36882809704144,388.4169222438939,376.2392666189567,378.1058349609375,21632000,0.0,0.0
2025-03-31 00:00:00-04:00,371.8573344110368,376.3790320336197,366.5670283067677,374.7021179199219,35184700,0.0,0.0
2025-04-01 00:00:00-04:00,373.96346276032,382.1484487727996,372.54608191207893,381.4896545410156,19689500,0.0,0.0
2025-04-02 00:00:00-04:00,377.2773862564683,384.3743428432238,375.92985398533636,381.43975830078125,16092600,0.0,0.0
2025-04-03 00:00:00-04:00,374.10321411915555,376.788287190408,368.67318036225987,372.42626953125,30198000,0.0,0.0
2025-04-04 00:00:00-04:00,363.4627502923482,373.9035742050073,358.8212773354498,359.18060302734375,49209900,0.0,0.0
2025-04-07 00:00:00-04:00,350.2370336524557,370.32015981776436,344.1581969485817,357.2042236328125,50425000,0.0,0.0
2025-04-08 00:00:00-04:00,367.585185716996,372.9652928837084,349.6081786868937,353.9102783203125,35868900,0.0,0.0
2025-04-09 00:00:00-04:00,352.8921435234206,392.50941370351666,352.45294739016697,389.7744140625,50199700,0.0,0.0
2025-04-10 00:00:00-04:00,381.3598744812396,383.19649903483815,367.12599611378243,380.65118408203125,38024400,0.0,0.0
2025-04-11 00:00:00-04:00,379.9425037151649,389.3352333779351,378.19571053548395,387.7381896972656,23839200,0.0,0.0
2025-04-14 00:00:00-04:00,392.4994245329486,393.92679674338564,383.5059256339463,387.0993347167969,19251200,0.0,0.0
2025-04-15 00:00:00-04:00,387.79806728846995,391.17187833074144,383.4560325474498,385.0231628417969,17199900,0.0,0.0
2025-04-16 00:00:00-04:00,379.97244183574617,380.9106912763521,367.32564600100716,370.92901611328125,21967800,0.0,0.0
2025-04-17 00:00:00-04:00,373.0651098854367,373.6340726815441,366.2176953329466,367.1060485839844,20943700,0.0,0.0
2025-04-21 00:00:00-04:00,362.1551460624454,363.8121077971333,355.01825440362086,358.4619140625,20807300,0.0,0.0
2025-04-22 00:00:00-04:00,362.7141283475077,367.09606804173376,359.20055908423666,366.1478271484375,19485000,0.0,0.0
2025-04-23 00:00:00-04:00,375.3708716590499,379.6929540391626,372.33643389707953,373.7039489746094,20545500,0.0,0.0
2025-04-24 00:00:00-04:00,375.01155205300716,387.7381880213899,374.5024768665421,386.59027099609375,22232300,0.0,0.0
2025-04-25 00:00:00-04:00,386.29083932956814,391.44138750936105,383.8952433175299,391.1319580078125,18973200,0.0,0.0
2025-04-28 00:00:00-04:00,391.241728610284,392.0202980494585,385.9315006090283,390.4432067871094,16579400,0.0,0.0
2025-04-29 00:00:00-04:00,390.5829324517716,394.3759872470841,389.66463540586307,393.31793212890625,14974000,0.0,0.0
2025-04-30 00:00:00-04:00,389.58477271143016,395.93313400867555,383.73552563819743,394.53570556640625,36461100,0.0,0.0
2025-05-01 00:00:00-04:00,430.3199808366381,436.1892106723326,424.12136912560175,424.6204528808594,58938100,0.0,0.0
2025-05-02 00:00:00-04:00,430.948839257634,438.63474141621873,429.20204608174254,434.48236083984375,30757400,0.0,0.0
2025-05-05 00:00:00-04:00,432.07675654489867,438.6946118778074,431.3181395047298,435.3707275390625,20136100,0.0,0.0
2025-05-06 00:00:00-04:00,431.408009380462,436.92787448428356,430.3798980651205,432.5159606933594,15104200,0.0,0.0
2025-05-07 00:00:00-04:00,433.04500054847074,437.3171563878889,430.319992206568,432.555908203125,23295300,0.0,0.0
2025-05-08 00:00:00-04:00,437.12748451655574,442.85698666150637,434.86165526525525,437.3670654296875,23491300,0.0,0.0
2025-05-09 00:00:00-04:00,439.19371771814804,439.93235195021686,435.08127232610667,437.9260559082031,15324200,0.0,0.0
2025-05-12 00:00:00-04:00,445.12281367736733,448.5465208630377,438.9740982732109,448.4367370605469,22821900,0.0,0.0
2025-05-13 00:00:00-04:00,446.9594623818115,449.8441812103938,444.54388351816056,448.3169860839844,23618800,0.0,0.0
2025-05-14 00:00:00-04:00,447.3187935842875,453.0682176126866,447.3187935842875,452.1099853515625,19902800,0.0,0.0
2025-05-15 00:00:00-04:00,450.7699890136719,456.19000244140625,450.42999267578125,453.1300048828125,21992300,0.83,0.0
2025-05-16 00:00:00-04:00,452.04998779296875,454.3599853515625,448.7300109863281,454.2699890136719,23849800,0.0,0.0
2025-05-19 00:00:00-04:00,450.8800048828125,459.5899963378906,450.79998779296875,458.8699951171875,21336500,0.0,0.0
2025-05-20 00:00:00-04:00,455.5899963378906,458.3399963378906,454.32000732421875,458.1700134277344,15441800,0.0,0.0
2025-05-21 00:00:00-04:00,454.57000732421875,457.7799987792969,451.80999755859375,452.57000732421875,19216900,0.0,0.0
2025-05-22 00:00:00-04:00,454.95001220703125,460.25,453.8999938964844,454.8599853515625,18025600,0.0,0.0
2025-05-23 00:00:00-04:00,449.9800109863281,453.69000244140625,448.9100036621094,450.17999267578125,16883500,0.0,0.0
2025-05-27 00:00:00-04:00,456.4800109863281,460.95001220703125,456.1199951171875,460.69000244140625,20974300,0.0,0.0
2025-05-28 00:00:00-04:00,461.2200012207031,462.5199890136719,456.92999267578125,457.3599853515625,17086300,0.0,0.0
2025-05-29 00:00:00-04:00,461.54998779296875,461.7200012207031,455.30999755859375,458.67999267578125,13974800,0.0,0.0
2025-05-30 00:00:00-04:00,459.7200012207031,461.67999267578125,455.5400085449219,460.3599853515625,34770500,0.0,0.0
2025-06-02 00:00:00-04:00,457.1400146484375,462.1099853515625,456.8900146484375,461.9700012207031,16626500,0.0,0.0
2025-06-03 00:00:00-04:00,461.4700012207031,464.1400146484375,460.8599853515625,462.9700012207031,15743800,0.0,0.0
2025-06-04 00:00:00-04:00,464.0,465.69000244140625,463.0199890136719,463.8699951171875,14162700,0.0,0.0
2025-06-05 00:00:00-04:00,464.9599914550781,469.6499938964844,464.0299987792969,467.67999267578125,20131700,0.0,0.0
2025-06-06 00:00:00-04:00,470.0899963378906,473.3399963378906,468.7799987792969,470.3800048828125,15285600,0.0,0.0
2025-06-09 00:00:00-04:00,469.70001220703125,473.42999267578125,468.6199951171875,472.75,16469900,0.0,0.0
2025-06-10 00:00:00-04:00,471.19000244140625,472.79998779296875,466.9599914550781,470.9200134277344,15375900,0.0,0.0
2025-06-11 00:00:00-04:00,470.0199890136719,475.4700012207031,469.6600036621094,472.6199951171875,16399200,0.0,0.0
2025-06-12 00:00:00-04:00,475.0199890136719,480.4200134277344,473.5199890136719,478.8699951171875,18950600,0.0,0.0
2025-06-13 00:00:00-04:00,476.4100036621094,479.17999267578125,472.760009765625,474.9599914550781,16814500,0.0,0.0
2025-06-16 00:00:00-04:00,475.2099914550781,480.69000244140625,475.0,479.1400146484375,15580000,0.0,0.0
