Date,Open,High,Low,Close,Volume,Dividends,Stock Splits
2020-06-17 00:00:00-04:00,9.083810911090033,9.268451677844398,9.040452915462106,9.205658912658691,408304000,0.0,0.0
2020-06-18 00:00:00-04:00,9.196685786834397,9.25200347717217,9.084555204995517,9.187715530395508,254408000,0.0,0.0
2020-06-19 00:00:00-04:00,9.212135876739245,9.413969994218638,9.196935772316948,9.230823516845703,524160000,0.0,0.0
2020-06-22 00:00:00-04:00,9.26944557192382,9.499935623164514,9.24278289479882,9.495450019836426,398468000,0.0,0.0
2020-06-23 00:00:00-04:00,9.51962191479776,9.61082159286055,9.37659397631104,9.418953895568848,375108000,0.0,0.0
2020-06-24 00:00:00-04:00,9.445117618857322,9.525104713245367,9.11445759212739,9.205159187316895,449372000,0.0,0.0
2020-06-25 00:00:00-04:00,9.325012673832148,9.473772357840575,9.152082630430966,9.458821296691895,376072000,0.0,0.0
2020-06-26 00:00:00-04:00,9.468790577384969,9.468790577384969,9.095022528277667,9.124923706054688,592084000,0.0,0.0
2020-06-29 00:00:00-04:00,9.139624792643687,9.17426061310616,8.870760410375395,9.169775009155273,342248000,0.0,0.0
2020-06-30 00:00:00-04:00,9.283401475357346,9.494953941456858,9.236057866087853,9.466547966003418,367892000,0.0,0.0
2020-07-01 00:00:00-04:00,9.489472258928007,9.544291875837255,9.382076302538872,9.49869155883789,326648000,0.0,0.0
2020-07-02 00:00:00-04:00,9.607333997458817,9.705510657234788,9.546783565117343,9.580672264099121,364056000,0.0,0.0
2020-07-06 00:00:00-04:00,9.70974434360956,9.876195501444966,9.68059029670261,9.806923866271973,315892000,0.0,0.0
2020-07-07 00:00:00-04:00,9.913573604682442,10.036916783375405,9.81838735788152,9.83931827545166,357800000,0.0,0.0
2020-07-08 00:00:00-04:00,9.960916184059673,10.191407196448925,9.932759255070566,10.182435989379883,365480000,0.0,0.0
2020-07-09 00:00:00-04:00,10.346148979703914,10.535275335296316,10.199880631323513,10.474475860595703,494548000,0.0,0.0
2020-07-10 00:00:00-04:00,10.553962500909725,10.620243738461156,10.344652379153484,10.444822311401367,497676000,0.0,0.0
2020-07-13 00:00:00-04:00,10.560191369118831,10.75679273687105,9.99206340527175,10.019224166870117,457076000,0.0,0.0
2020-07-14 00:00:00-04:00,10.041900957875958,10.368574423863027,9.753351800817514,10.34290885925293,542676000,0.0,0.0
2020-07-15 00:00:00-04:00,10.380038105631712,10.398725748827697,10.02271534917091,10.193652153015137,403984000,0.0,0.0
2020-07-16 00:00:00-04:00,9.982099068314314,10.173218705450681,9.862991489974222,10.101455688476562,344964000,0.0,0.0
2020-07-17 00:00:00-04:00,10.191906282585094,10.214830484976233,10.05460915949439,10.167984962463379,266284000,0.0,0.0
2020-07-20 00:00:00-04:00,10.240496356265767,10.496652011737252,10.1233820711901,10.476219177246094,284852000,0.0,0.0
2020-07-21 00:00:00-04:00,10.478461674152124,10.525308149375949,10.252955266756203,10.294568061828613,277036000,0.0,0.0
2020-07-22 00:00:00-04:00,10.3334411993896,10.567668839869027,10.257690660156653,10.404457092285156,367292000,0.0,0.0
2020-07-23 00:00:00-04:00,10.415668269692363,10.512349715821028,9.998294185394716,10.096470832824707,411660000,0.0,0.0
2020-07-24 00:00:00-04:00,9.842558491775453,10.330699465976354,9.74488086878818,10.161008834838867,473292000,0.0,0.0
2020-07-27 00:00:00-04:00,10.198633160576877,10.40744423014073,10.184180182952018,10.387261390686035,292132000,0.0,0.0
2020-07-28 00:00:00-04:00,10.34016715105138,10.347891248375424,10.175709275279845,10.181938171386719,271636000,0.0,0.0
2020-07-29 00:00:00-04:00,10.356613637735114,10.481701064109142,10.313007557877759,10.43111801147461,284508000,0.0,0.0
2020-07-30 00:00:00-04:00,10.340915039427342,10.588100430153268,10.26142698106072,10.579130172729492,308880000,0.0,0.0
2020-07-31 00:00:00-04:00,10.528547673181306,10.731130847479301,10.39872558746549,10.579878807067871,386080000,0.0,0.0
2020-08-03 00:00:00-04:00,10.697240653721208,11.062287452662915,10.680047264215249,10.974078178405762,412720000,0.0,0.0
2020-08-04 00:00:00-04:00,11.013698870045127,11.190864562988281,10.870171883791201,11.190864562988281,310336000,0.0,0.0
2020-08-05 00:00:00-04:00,11.207062016385274,11.334391781192682,11.12956723279785,11.24967098236084,249924000,0.0,0.0
2020-08-06 00:00:00-04:00,11.312461767611383,11.320684899282398,11.142024032389706,11.298258781433105,244316000,0.0,0.0
2020-08-07 00:00:00-04:00,11.275334089366849,11.466952725165466,11.001237950283775,11.162705421447754,342516000,0.0,0.0
2020-08-10 00:00:00-04:00,11.29701322413298,11.370769513487343,10.820832034835066,11.128318786621094,427796000,0.0,0.0
2020-08-11 00:00:00-04:00,11.037367027951936,11.100160719886077,10.76028051134501,10.814352989196777,354512000,0.0,0.0
2020-08-12 00:00:00-04:00,10.954641820673153,11.42932686723688,10.92224832848709,11.402665138244629,464412000,0.0,0.0
2020-08-13 00:00:00-04:00,11.508065374647796,11.683238681525856,11.318440992363485,11.405404090881348,374460000,0.0,0.0
2020-08-14 00:00:00-04:00,11.49212086252578,11.666297093001686,11.402915416624678,11.526009559631348,366436000,0.0,0.0
2020-08-17 00:00:00-04:00,11.812314387752988,12.368979817984526,11.778426644206407,12.296468734741211,621300000,0.0,0.0
2020-08-18 00:00:00-04:00,12.409096754213667,12.454946105530478,12.046542307651915,12.220468521118164,503448000,0.0,0.0
2020-08-19 00:00:00-04:00,12.256102280404066,12.274540878447802,12.05825378506346,12.098621368408203,622624000,0.0,0.0
2020-08-20 00:00:00-04:00,11.935658319282323,12.334343799243422,11.839724001874044,12.101112365722656,921388000,0.0,0.0
2020-08-21 00:00:00-04:00,12.161662679119805,12.766668816304959,12.155183790611567,12.641830444335938,999868000,0.0,0.0
2020-08-24 00:00:00-04:00,12.841423771046609,12.870079738679214,12.466409575863372,12.678461074829102,490564000,0.0,0.0
2020-08-25 00:00:00-04:00,12.589254189402922,12.719325301047373,12.532441290508038,12.708112716674805,289076000,0.0,0.0
2020-08-26 00:00:00-04:00,12.75720078775593,12.826223389970261,12.636099931621986,12.731037139892578,321244000,0.0,0.0
2020-08-27 00:00:00-04:00,12.739508696253512,12.807784169735637,12.525214885431776,12.586762428283691,317604000,0.0,0.0
2020-08-28 00:00:00-04:00,12.633359480757775,13.104805125485493,12.600965985655844,13.1045560836792,537160000,0.0,0.0
2020-08-31 00:00:00-04:00,13.139441060723815,13.530402480493523,12.994917916903075,13.330561637878418,500840000,0.0,0.0
2020-09-01 00:00:00-04:00,13.439730789751346,13.951946142353602,13.396360790385742,13.779712677001953,511316000,0.004,0.0
2020-09-02 00:00:00-04:00,14.659828211375105,14.682760223291952,13.858479048117962,14.303646087646484,874012000,0.0,0.0
2020-09-03 00:00:00-04:00,13.787441967935662,13.843025331300952,12.840279891466327,12.976621627807617,945128000,0.0,0.0
2020-09-04 00:00:00-04:00,12.745563447837947,13.135645359790704,11.669786990581494,12.584795951843262,1463684000,0.0,0.0
2020-09-08 00:00:00-04:00,11.69944772697826,12.51251200002009,11.669288490108539,11.87741470336914,795728000,0.0,0.0
2020-09-09 00:00:00-04:00,12.362957664600744,12.770985389345263,12.195210186487811,12.677017211914062,736200000,0.0,0.0
2020-09-10 00:00:00-04:00,12.950447862349336,13.026221043262645,12.130653775138478,12.274971961975098,698684000,0.0,0.0
2020-09-11 00:00:00-04:00,12.448207505565643,12.61470851218943,11.860218735554806,12.128166198730469,636928000,0.0,0.0
2020-09-14 00:00:00-04:00,13.041926535075225,13.275226816511958,12.593520020624492,12.833799362182617,1201744000,0.0,0.0
2020-09-15 00:00:00-04:00,13.240329513770421,13.259023693647494,12.789430953527024,12.952193260192871,727556000,0.0,0.0
2020-09-16 00:00:00-04:00,12.918544974846363,13.053640176464782,12.476370189537633,12.477117538452148,556384000,0.0,0.0
2020-09-17 00:00:00-04:00,12.096009766771703,12.55214363163374,11.998801159722575,12.426270484924316,792512000,0.0,0.0
2020-09-18 00:00:00-04:00,12.556130406850448,12.59476434999197,11.952938097299745,12.152838706970215,698460000,0.0,0.0
2020-09-21 00:00:00-04:00,11.889379520355824,12.485094600910426,11.868940572491733,12.479860305786133,721044000,0.0,0.0
2020-09-22 00:00:00-04:00,12.537435107470877,12.610216992386121,12.11918886088892,12.599997520446777,646452000,0.0,0.0
2020-09-23 00:00:00-04:00,12.537934295980353,12.688982438524803,12.043167481088513,12.087533950805664,647012000,0.0,0.0
2020-09-24 00:00:00-04:00,12.036188807457405,12.531953054209632,11.978112382666597,12.311114311218262,731240000,0.0,0.0
2020-09-25 00:00:00-04:00,12.41031846374043,12.84501596453029,12.209171306298606,12.835294723510742,588016000,0.0,0.0
2020-09-28 00:00:00-04:00,13.001297527420926,13.012763533486964,12.711914702958431,12.996063232421875,573808000,0.0,0.0
2020-09-29 00:00:00-04:00,12.898853192345598,13.402593890332172,12.89461631388509,13.18624210357666,621460000,0.0,0.0
2020-09-30 00:00:00-04:00,13.118197731609422,13.581808890498191,13.110969555300997,13.490083694458008,689184000,0.0,0.0
2020-10-01 00:00:00-04:00,13.716904193711244,13.721639305296938,13.420541356332823,13.573832511901855,525004000,0.0,0.0
2020-10-02 00:00:00-04:00,13.185494628897853,13.47911429687619,13.01201366427082,13.02323055267334,552496000,0.0,0.0
2020-10-05 00:00:00-04:00,13.196461932684318,13.603492277670412,13.183251162729013,13.601747512817383,479820000,0.0,0.0
2020-10-06 00:00:00-04:00,13.788685914623622,14.099754158750223,13.624178852984636,13.695465087890625,784420000,0.0,0.0
2020-10-07 00:00:00-04:00,13.95793249635113,14.077075706283749,13.822088984441283,13.92228889465332,418084000,0.0,0.0
2020-10-08 00:00:00-04:00,14.03295516619571,14.042427289964117,13.716902667061937,13.79741096496582,378900000,0.0,0.0
2020-10-09 00:00:00-04:00,13.72587841703546,13.78295743513768,13.619945974034568,13.721640586853027,346892000,0.0,0.0
2020-10-12 00:00:00-04:00,13.947710787420736,14.304142943989065,13.870941135541592,14.183504104614258,434744000,0.0,0.0
2020-10-13 00:00:00-04:00,14.253794544783366,14.305639259093581,13.976874207969084,14.2056884765625,344604000,0.0,0.0
2020-10-14 00:00:00-04:00,14.247812691983547,14.299906525301147,13.918300274820167,14.053146362304688,276100000,0.0,0.0
2020-10-15 00:00:00-04:00,13.769495778603805,13.963912987895684,13.726624003740932,13.92827033996582,267224000,0.0,0.0
2020-10-16 00:00:00-04:00,13.99482008081248,14.079317095516227,13.75129939348366,13.770242691040039,242392000,0.0,0.0
2020-10-19 00:00:00-04:00,13.861470887026698,13.941730079394526,13.366703059710574,13.45743179321289,298068000,0.0,0.0
2020-10-20 00:00:00-04:00,13.542925067215672,13.75852953207098,13.466653638789248,13.604740142822266,229212000,0.0,0.0
2020-10-21 00:00:00-04:00,13.5843029142852,13.750305679709681,13.437243450207614,13.484352111816406,219596000,0.0,0.0
2020-10-22 00:00:00-04:00,13.482107309048406,13.571090324619641,13.192225299225626,13.321089744567871,290480000,0.0,0.0
2020-10-23 00:00:00-04:00,13.409823692095104,13.55264625804104,13.251548308130586,13.549654960632324,233484000,0.0,0.0
2020-10-26 00:00:00-04:00,13.386893267496088,13.651849397272162,12.999553513534655,13.101996421813965,336896000,0.0,0.0
2020-10-27 00:00:00-04:00,13.266253707199537,13.40184809604685,13.152095681900734,13.356733322143555,250520000,0.0,0.0
2020-10-28 00:00:00-04:00,13.158577510620317,13.220392590374779,12.57133710543,12.589282989501953,376520000,0.0,0.0
2020-10-29 00:00:00-04:00,12.80015088323555,13.15334267794349,12.711915213638713,12.98509693145752,320080000,0.0,0.0
2020-10-30 00:00:00-04:00,12.811615180527307,12.897856006402487,12.263257936657267,12.496559143066406,416820000,0.0,0.0
2020-11-02 00:00:00-05:00,12.619938671132672,12.798403860231327,12.357973889736593,12.543169021606445,299652000,0.0,0.0
2020-11-03 00:00:00-05:00,12.670539926271358,13.065855225234136,12.565105715293663,12.980610847473145,272900000,0.0,0.0
2020-11-04 00:00:00-05:00,13.349256039213904,13.786197524134844,13.297162201529076,13.753046035766602,410228000,0.0,0.0
2020-11-05 00:00:00-05:00,14.120195548838295,14.296167693994366,13.949207631445907,14.11770248413086,319028000,0.0,0.0
2020-11-06 00:00:00-05:00,14.067601744643962,14.545170987329914,13.853493898559273,14.518501281738281,383348000,0.0,0.0
2020-11-09 00:00:00-05:00,14.509029238367626,14.647613963349022,13.570092814989366,13.590032577514648,582976000,0.0,0.0
2020-11-10 00:00:00-05:00,13.5658559131272,13.5658559131272,12.590528476936429,12.731855392456055,644068000,0.0,0.0
2020-11-11 00:00:00-05:00,13.01475614105458,13.394867659125051,12.909571067921163,13.377918243408203,404744000,0.0,0.0
2020-11-12 00:00:00-05:00,13.438736254435216,13.724878644833494,13.276223053900585,13.416552543640137,365812000,0.0,0.0
2020-11-13 00:00:00-05:00,13.586542666802123,13.627918790101935,13.020239544909959,13.257279396057129,346312000,0.0,0.0
2020-11-16 00:00:00-05:00,13.133151604457215,13.608726976234765,13.116701371422666,13.474878311157227,413776000,0.0,0.0
2020-11-17 00:00:00-05:00,13.51201631829753,13.555635439987,13.264009639984074,13.382155418395996,312028000,0.0,0.0
2020-11-18 00:00:00-05:00,13.425028492178553,13.565108878568495,13.145616019171882,13.38863754272461,510924000,0.0,0.0
2020-11-19 00:00:00-05:00,13.173283163101184,13.44721222509081,13.060869900814144,13.400103569030762,565936000,0.0,0.0
2020-11-20 00:00:00-05:00,13.413811508457874,13.454190217472505,13.025972615412902,13.04865550994873,341088000,0.0,0.0
2020-11-23 00:00:00-05:00,13.13190662289563,13.342524953407496,12.976621588446433,13.100749969482422,361356000,0.0,0.0
2020-11-24 00:00:00-05:00,13.103241268940936,13.12268279887082,12.846510765037769,12.91904354095459,346500000,0.0,0.0
2020-11-25 00:00:00-05:00,12.993572671116155,13.2298642740657,12.981110198318625,13.195218086242676,259916000,0.0,0.0
2020-11-27 00:00:00-05:00,13.335045521432349,13.36744870201462,13.131156216435764,13.221634864807129,167276000,0.0,0.0
2020-11-30 00:00:00-05:00,13.225378533608687,13.372437997440318,12.933502603877596,13.361470222473145,286952000,0.0,0.0
2020-12-01 00:00:00-05:00,13.451947911695566,13.488338860186964,13.188735612786905,13.350003242492676,296948000,0.0,0.0
2020-12-02 00:00:00-05:00,13.310620924340784,13.632656047733402,13.194718135843367,13.50404167175293,283360000,0.0,0.0
2020-12-03 00:00:00-05:00,13.550914119265673,13.623219135110165,13.293111004710088,13.359930038452148,199520000,0.004,0.0
2020-12-04 00:00:00-05:00,13.412288539230762,13.523489054792934,13.352699816453054,13.521743774414062,202244000,0.0,0.0
2020-12-07 00:00:00-05:00,13.564629103965133,13.694279200495242,13.463652018182874,13.570114135742188,223244000,0.0,0.0
2020-12-08 00:00:00-05:00,13.548421391347365,13.562134444514125,13.245738413198577,13.314054489135742,271920000,0.0,0.0
2020-12-09 00:00:00-05:00,13.264688583186022,13.377882629065406,12.83360238493295,12.895934104919434,401300000,0.0,0.0
2020-12-10 00:00:00-05:00,12.834350116738213,13.03356222830537,12.814901890848274,12.937321662902832,207764000,0.0,0.0
2020-12-11 00:00:00-05:00,12.932334781262501,12.984943334641821,12.788473266636718,12.978211402893066,209264000,0.0,0.0
2020-12-14 00:00:00-05:00,13.052758486717757,13.352698442225064,13.042286805522245,13.272913932800293,270156000,0.0,0.0
2020-12-15 00:00:00-05:00,13.40356086881692,13.427745601936216,13.151242807448142,13.324524879455566,193016000,0.0,0.0
2020-12-16 00:00:00-05:00,13.38635709242274,13.401067854675759,13.176922518240477,13.206842422485352,223116000,0.0,0.0
2020-12-17 00:00:00-05:00,13.330760010124036,13.343476304885147,13.143017281023452,13.305329322814941,231384000,0.0,0.0
2020-12-18 00:00:00-05:00,13.342975520360442,13.368905535790848,13.035306847011773,13.2362642288208,342064000,0.0,0.0
2020-12-21 00:00:00-05:00,13.039546948170877,13.33400194396829,12.932585499466203,13.296353340148926,302332000,0.0,0.0
2020-12-22 00:00:00-05:00,13.283386458378164,13.301337641252605,13.018850469781013,13.242496490478516,185580000,0.0,0.0
2020-12-23 00:00:00-05:00,13.220307685229642,13.23925658084675,12.969984052480672,12.974222183227539,179144000,0.0,0.0
2020-12-24 00:00:00-05:00,13.002144985917322,13.09713864160341,12.903910910665946,12.958762168884277,97884000,0.0,0.0
2020-12-28 00:00:00-05:00,13.027328688853025,13.027328688853025,12.728884781624679,12.865265846252441,212564000,0.0,0.0
2020-12-29 00:00:00-05:00,12.890200159923603,13.037303060291356,12.80767264131946,12.908400535583496,170372000,0.0,0.0
2020-12-30 00:00:00-05:00,12.955271762166563,13.178170211559076,12.862024336756221,13.110353469848633,225396000,0.0,0.0
2020-12-31 00:00:00-05:00,13.10113039211051,13.115591016138055,12.880226384175948,13.01984977722168,192424000,0.0,0.0
2021-01-04 00:00:00-05:00,13.068966021637818,13.615740025400568,12.927597356723487,13.078190803527832,560640000,0.0,0.0
2021-01-05 00:00:00-05:00,13.064478962917415,13.40730342846743,13.051763619012224,13.368658065795898,322760000,0.0,0.0
2021-01-06 00:00:00-05:00,13.186895670442961,13.209335122819525,12.552110165154915,12.580533027648926,580424000,0.0,0.0
2021-01-07 00:00:00-05:00,12.932583806792925,13.341729841116257,12.851802529047573,13.308070182800293,461480000,0.0,0.0
2021-01-08 00:00:00-05:00,13.326520820165339,13.384862643272994,13.006883413700384,13.24100112915039,292528000,0.0,0.0
2021-01-11 00:00:00-05:00,13.38261837556638,13.923408940388317,13.326520215211525,13.584822654724121,518344000,0.0,0.0
2021-01-12 00:00:00-05:00,13.715471336210934,13.7174667578018,13.30906920406243,13.448442459106445,291476000,0.0,0.0
2021-01-13 00:00:00-05:00,13.453677058361022,13.588313790236258,13.348960234306826,13.495314598083496,210028000,0.0,0.0
2021-01-14 00:00:00-05:00,13.538448283260374,13.563131398872411,13.145010719549601,13.16470718383789,283120000,0.0,0.0
2021-01-15 00:00:00-05:00,13.192384385848822,13.289372533003522,12.813906721445555,12.82487678527832,277780000,0.0,0.0
2021-01-19 00:00:00-05:00,12.981202518899085,13.058743377173263,12.809416519182339,12.990179061889648,226188000,0.0,0.0
2021-01-20 00:00:00-05:00,13.076447573789428,13.39433975171985,13.021596302544058,13.329764366149902,258572000,0.0,0.0
2021-01-21 00:00:00-05:00,13.382369700824514,13.961556455137426,13.217315633065317,13.830161094665527,337780000,0.0,0.0
2021-01-22 00:00:00-05:00,13.703003269015621,13.804479668475865,13.590556807870222,13.675577163696289,246820000,0.0,0.0
2021-01-25 00:00:00-05:00,13.744640530815339,13.791264718700832,13.200858749845947,13.616486549377441,251112000,0.0,0.0
2021-01-26 00:00:00-05:00,13.543932823051286,13.608009816021868,13.351452654248364,13.39907455444336,163980000,0.0,0.0
2021-01-27 00:00:00-05:00,13.194376368602276,13.197119359596579,12.759301284196704,12.882967948913574,371272000,0.0,0.0
2021-01-28 00:00:00-05:00,12.961258478650672,13.303833761143826,12.925604345467203,13.015860557556152,228316000,0.0,0.0
2021-01-29 00:00:00-05:00,13.03979330117493,13.298844248379915,12.876733718218354,12.95477294921875,271552000,0.0,0.0
2021-02-01 00:00:00-05:00,13.018104344826488,13.235018458241845,12.868009270386347,13.201359748840332,217204000,0.0,0.0
2021-02-02 00:00:00-05:00,13.36267195447174,13.53545469692328,13.249726168373122,13.520246505737305,220440000,0.0,0.0
2021-02-03 00:00:00-05:00,13.599284306794123,13.894238606614207,13.480106855752563,13.49406909942627,245408000,0.0,0.0
2021-02-04 00:00:00-05:00,13.494566175636725,13.636682399933367,13.301836822912238,13.627457618713379,201340000,0.0,0.0
2021-02-05 00:00:00-05:00,13.688044224271543,13.70026118646218,13.50927616047802,13.554404258728027,169152000,0.0,0.0
2021-02-08 00:00:00-05:00,13.69028838297306,14.434778387376456,13.69028838297306,14.399872779846191,434624000,0.0,0.0
2021-02-09 00:00:00-05:00,14.302134687456828,14.543982016857903,14.184203203416569,14.224843978881836,287560000,0.0,0.0
2021-02-10 00:00:00-05:00,14.424305777519837,14.864865875969754,14.302883728659475,14.724494934082031,485352000,0.0,0.0
2021-02-11 00:00:00-05:00,14.93991538084391,15.231128975490353,14.884813976484939,15.209686279296875,450828000,0.0,0.0
2021-02-12 00:00:00-05:00,15.009476109662426,15.25007655073427,14.735216012231374,14.920965194702148,374756000,0.0,0.0
2021-02-16 00:00:00-05:00,15.023690206243995,15.33111068368118,14.909747636394682,15.288973808288574,321960000,0.0,0.0
2021-02-17 00:00:00-05:00,15.130149644495065,15.18250900428162,14.74020266811009,14.865863800048828,274756000,0.0,0.0
2021-02-18 00:00:00-05:00,14.689341862664408,14.833203381962377,14.535756230278762,14.78907299041748,233868000,0.0,0.0
2021-02-19 00:00:00-05:00,14.984046285371576,15.136135829858787,14.806775244149723,14.886310577392578,271724000,0.0,0.0
2021-02-22 00:00:00-05:00,14.734969191955075,15.092504420977228,14.286430183399524,14.317097663879395,325884000,0.0,0.0
2021-02-23 00:00:00-05:00,14.037350145040577,14.200410682732349,13.35344661271098,14.103920936584473,391780000,0.0,0.0
2021-02-24 00:00:00-05:00,14.084722820208732,14.467688671995514,13.718959630171067,14.459959030151367,448320000,0.0,0.0
2021-02-25 00:00:00-05:00,14.007681229546021,14.33604503377152,13.180664664299409,13.271668434143066,824436000,0.0,0.0
2021-02-26 00:00:00-05:00,13.715470041878904,13.817195635830556,13.325024661557736,13.677573204040527,500932000,0.0,0.0
2021-03-01 00:00:00-05:00,13.837641836811818,13.887507403021642,13.516758454288704,13.804481506347656,353184000,0.0,0.0
2021-03-02 00:00:00-05:00,13.862571638196355,13.883016621267926,13.359929028239604,13.37015151977539,264116000,0.0,0.0
2021-03-03 00:00:00-05:00,13.39009881360608,13.415280307824407,12.76428789319654,12.770272254943848,377592000,0.0,0.0
2021-03-04 00:00:00-05:00,12.766282588855058,12.940064005887582,12.051213169343002,12.336941719055176,573344000,0.0,0.0
2021-03-05 00:00:00-05:00,12.516209737601972,12.516209737601972,11.647803776575412,12.427947998046875,542840000,0.0,0.0
2021-03-08 00:00:00-05:00,12.41647932954455,12.437671887607875,11.53535797314246,11.562036514282227,543112000,0.0,0.0
2021-03-09 00:00:00-05:00,12.101763126582322,12.587120409983385,12.030929765036829,12.49084758758545,521824000,0.004,0.0
2021-03-10 00:00:00-05:00,12.810345999896265,12.949518071359698,12.428245993141903,12.438970565795898,384376000,0.0,0.0
2021-03-11 00:00:00-05:00,12.919592002464501,13.01561653129531,12.704598138337916,12.962989807128906,299916000,0.0,0.0
2021-03-12 00:00:00-05:00,12.618547030088788,12.858482699487679,12.560434347032377,12.825809478759766,243964000,0.0,0.0
2021-03-15 00:00:00-04:00,12.834540315047349,13.175737222636185,12.73726942123075,13.160273551940918,221988000,0.0,0.0
2021-03-16 00:00:00-04:00,13.325136510304105,13.480770334778654,13.08594957234421,13.260040283203125,272128000,0.0,0.0
2021-03-17 00:00:00-04:00,13.009128955079774,13.421657768781794,12.958996903484996,13.309921264648438,243864000,0.0,0.0
2021-03-18 00:00:00-04:00,13.105652421851302,13.153040536918233,12.687137167380808,12.69262409210205,293896000,0.0,0.0
2021-03-19 00:00:00-04:00,12.720058230501023,12.891155689856488,12.582881322223741,12.815583229064941,299208000,0.0,0.0
2021-03-22 00:00:00-04:00,12.882427642922988,13.363045900400845,12.876441214951845,13.155284881591797,297804000,0.0,0.0
2021-03-23 00:00:00-04:00,13.22312562094201,13.313163708915853,12.990672955117955,13.040057182312012,222048000,0.0,0.0
2021-03-24 00:00:00-04:00,13.120366563354045,13.128348149769211,12.60707510808042,12.613309860229492,245840000,0.0,0.0
2021-03-25 00:00:00-04:00,12.470148112422406,12.684892663204192,12.24318238118998,12.505813598632812,295144000,0.0,0.0
2021-03-26 00:00:00-04:00,12.52501882364029,12.826060429118357,12.344444096114774,12.809100151062012,363968000,0.0,0.0
2021-03-29 00:00:00-04:00,12.79014413854927,13.0318257113899,12.670176769303595,12.91784381866455,273520000,0.0,0.0
2021-03-30 00:00:00-04:00,12.811843161738674,12.944780486955326,12.675164794869955,12.841523170471191,200204000,0.0,0.0
2021-03-31 00:00:00-04:00,12.984936090610017,13.438867549208346,12.952013591308237,13.31690502166748,314776000,0.0,0.0
2021-04-01 00:00:00-04:00,13.540376452115293,13.837426718034887,13.479518886257111,13.779314041137695,308276000,0.0,0.0
2021-04-05 00:00:00-04:00,13.834934701212315,13.98109030406936,13.70075005056824,13.954652786254883,255672000,0.0,0.0
2021-04-06 00:00:00-04:00,13.966876600112236,14.021248252881572,13.741158173895682,13.828950881958008,191744000,0.0,0.0
2021-04-07 00:00:00-04:00,13.848151240470498,14.210049387885677,13.67929918255883,14.110284805297852,251284000,0.0,0.0
2021-04-08 00:00:00-04:00,14.219278542843709,14.437514819679162,14.215536550321415,14.283377647399902,244416000,0.0,0.0
2021-04-09 00:00:00-04:00,14.180621146068031,14.374165821256694,14.141713170867636,14.36618423461914,195172000,0.0,0.0
2021-04-12 00:00:00-04:00,14.256194554222407,15.316448841354877,14.106047665200713,15.173285484313965,869324000,0.0,0.0
2021-04-13 00:00:00-04:00,15.19573037905559,15.66313030176449,15.090228636123317,15.642678260803223,676212000,0.0,0.0
2021-04-14 00:00:00-04:00,15.588306489017857,15.683582210667257,15.191739933879854,15.241124153137207,385500000,0.0,0.0
2021-04-15 00:00:00-04:00,15.625721889546117,16.176176459616695,15.594794546360518,16.09935760498047,598480000,0.0,0.0
2021-04-16 00:00:00-04:00,16.0152998130787,16.127786029938807,15.82799087176827,15.875130653381348,335208000,0.0,0.0
2021-04-19 00:00:00-04:00,15.50001592977335,15.770379454639816,15.197228457595033,15.325675964355469,404420000,0.0,0.0
2021-04-20 00:00:00-04:00,15.287266467454646,15.46060837691473,14.927862916454936,15.135623931884766,334132000,0.0,0.0
2021-04-21 00:00:00-04:00,15.083244616974339,15.326422763240027,15.06678384523925,15.324427604675293,216776000,0.0,0.0
2021-04-22 00:00:00-04:00,15.338893728178245,15.402245009748478,14.748782510604462,14.815376281738281,277788000,0.0,0.0
2021-04-23 00:00:00-04:00,14.899179508123058,15.298988579471885,14.865259906577531,15.229402542114258,227500000,0.0,0.0
2021-04-26 00:00:00-04:00,15.149340152574744,15.442649399320015,15.089480637200854,15.441651344299316,197796000,0.0,0.0
2021-04-27 00:00:00-04:00,15.541917359004877,15.633701326300239,15.318443393043774,15.345629692077637,164572000,0.0,0.0
2021-04-28 00:00:00-04:00,15.328418655657499,15.495775075867305,15.179768393969029,15.240874290466309,209416000,0.0,0.0
2021-04-29 00:00:00-04:00,15.363836968784277,15.400251235771371,15.036108565900433,15.288763999938965,173196000,0.0,0.0
2021-04-30 00:00:00-04:00,15.138865180071269,15.32891712364902,14.961781291996889,14.974251747131348,201912000,0.0,0.0
2021-05-03 00:00:00-04:00,15.089482529603162,15.210946506859448,14.752775448772729,14.801909446716309,203912000,0.0,0.0
2021-05-04 00:00:00-04:00,14.602876418456539,14.603125694360006,13.977348984616984,14.317547798156738,405324000,0.0,0.0
2021-05-05 00:00:00-04:00,14.67445867543016,14.778714048157239,14.353713824890036,14.42454719543457,292024000,0.0,0.0
2021-05-06 00:00:00-04:00,14.461211518188819,14.537033265569518,14.184613228106072,14.488896369934082,193380000,0.0,0.0
2021-05-07 00:00:00-04:00,14.773476456357201,14.935594289419367,14.637296639322344,14.777466773986816,229328000,0.0,0.0
2021-05-10 00:00:00-04:00,14.75252522966659,14.771231390042047,14.216537267252024,14.232250213623047,268904000,0.0,0.0
2021-05-11 00:00:00-04:00,13.79253299041406,14.321038788865332,13.717709311727937,14.272652626037598,285584000,0.0,0.0
2021-05-12 00:00:00-04:00,13.97660155861911,14.226763272054539,13.677057522778034,13.726191520690918,303408000,0.0,0.0
2021-05-13 00:00:00-04:00,14.000795022543313,14.047685538376637,13.427394724540857,13.633160591125488,285404000,0.0,0.0
2021-05-14 00:00:00-04:00,13.85738389756372,14.29435511362323,13.716215695411607,14.209554672241211,258616000,0.0,0.0
2021-05-17 00:00:00-04:00,14.123755388229661,14.135976568864743,13.82096885902218,14.132235527038574,216980000,0.0,0.0
2021-05-18 00:00:00-04:00,14.233496008181893,14.370423641167854,13.971113142263782,13.98283576965332,186256000,0.0,0.0
2021-05-19 00:00:00-04:00,13.53464250646911,14.046438353806973,13.511447475679681,14.032720565795898,344000000,0.0,0.0
2021-05-20 00:00:00-04:00,14.268912648050264,14.649267724245597,14.2369882059294,14.578185081481934,321592000,0.0,0.0
2021-05-21 00:00:00-04:00,15.128139938116746,15.186253573106038,14.834581403727405,14.956543922424316,672992000,0.0,0.0
2021-05-24 00:00:00-04:00,15.176776605180022,15.708026419316466,15.140362339765977,15.575339317321777,554816000,0.0,0.0
2021-05-25 00:00:00-04:00,15.728975118686956,15.78135160000394,15.446141168140517,15.611002922058105,435408000,0.0,0.0
2021-05-26 00:00:00-04:00,15.69730154384964,15.756661562020973,15.549649326186696,15.663131713867188,370440000,0.0,0.0
2021-05-27 00:00:00-04:00,15.662881452515867,15.71301350125259,15.423694560556758,15.451628684997559,581476000,0.0,0.0
2021-05-28 00:00:00-04:00,15.46459939063313,16.239275683779226,15.46459939063313,16.20635223388672,644536000,0.0,0.0
2021-06-01 00:00:00-04:00,16.23179288363082,16.349765085274548,15.865903423678555,16.22630500793457,472804000,0.0,0.0
2021-06-02 00:00:00-04:00,16.214089461149225,16.879024572525903,16.197378456198106,16.738853454589844,594168000,0.0,0.0
2021-06-03 00:00:00-04:00,16.661533686398684,17.218473231242367,16.544060019232305,16.929901123046875,580008000,0.0,0.0
2021-06-04 00:00:00-04:00,17.072315974919277,17.619528058001492,17.05535759898411,17.53697395324707,617120000,0.0,0.0
2021-06-07 00:00:00-04:00,17.529988835613384,17.770671401569484,17.152377671861235,17.577625274658203,575756000,0.0,0.0
2021-06-08 00:00:00-04:00,17.48609067722979,17.580119073947483,17.210488563686916,17.416006088256836,323848000,0.0,0.0
2021-06-09 00:00:00-04:00,17.478626213052866,17.537750510737887,17.219177055219557,17.32145881652832,381656000,0.004,0.0
2021-06-10 00:00:00-04:00,17.31322544956106,17.45492466535984,17.1395944718386,17.388065338134766,287772000,0.0,0.0
2021-06-11 00:00:00-04:00,17.44244626573176,17.90122280109145,17.40677261299802,17.787464141845703,416308000,0.0,0.0
2021-06-14 00:00:00-04:00,17.86804258177238,18.001258732686562,17.625308335365094,17.980552673339844,321376000,0.0,0.0
2021-06-15 00:00:00-04:00,17.87703023722949,17.978065334264514,17.690426307919196,17.750797271728516,243032000,0.0,0.0
2021-06-16 00:00:00-04:00,17.75303968345409,17.91669161324201,17.54722572688574,17.772497177124023,307124000,0.0,0.0
2021-06-17 00:00:00-04:00,17.736820418571284,18.79507149865123,17.71860959328634,18.617698669433594,809656000,0.0,0.0
2021-06-18 00:00:00-04:00,18.744183688009922,19.33393054114516,18.544606869488764,18.599241256713867,968856000,0.0,0.0
2021-06-21 00:00:00-04:00,18.396173687615235,18.497210675318467,17.78497271345704,18.38819122314453,672384000,0.0,0.0
2021-06-22 00:00:00-04:00,18.43234723947505,18.923554282225197,18.347027754098903,18.846715927124023,580144000,0.0,0.0
2021-06-23 00:00:00-04:00,18.967462549927667,19.11215567859267,18.867674119699874,19.016857147216797,332356000,0.0,0.0
2021-06-24 00:00:00-04:00,19.186993162621945,19.37883494435877,19.047787296454818,19.1647891998291,320924000,0.0,0.0
2021-06-25 00:00:00-04:00,19.23963111726195,19.304493868278314,18.854449649585785,18.990659713745117,278364000,0.0,0.0
2021-06-28 00:00:00-04:00,19.320211722949377,20.0361915916034,19.278051596012975,19.94264030456543,495436000,0.0,0.0
2021-06-29 00:00:00-04:00,19.840355506804368,20.056146596873912,19.615333384101778,19.98430061340332,367632000,0.0,0.0
2021-06-30 00:00:00-04:00,19.95685503429711,20.11975893860351,19.82164231942585,19.960098266601562,326568000,0.0,0.0
2021-07-01 00:00:00-04:00,20.082341546483036,20.412639309870123,19.9765653336419,20.169157028198242,480136000,0.0,0.0
2021-07-02 00:00:00-04:00,20.396922977659543,20.461785729384548,20.244746081288724,20.443572998046875,342764000,0.0,0.0
2021-07-06 00:00:00-04:00,20.693541828851433,20.797820136823574,20.307113690069503,20.654624938964844,446708000,0.0,0.0
2021-07-07 00:00:00-04:00,20.80929486533652,20.830748923943304,20.288900712743065,20.32856559753418,418428000,0.0,0.0
2021-07-08 00:00:00-04:00,19.81441382368983,20.090326565837913,19.658993669181303,19.860565185546875,503300000,0.0,0.0
2021-07-09 00:00:00-04:00,19.920182276618323,20.037682832732596,19.712373688002067,20.00774574279785,296624000,0.0,0.0
2021-07-12 00:00:00-04:00,20.197099348355565,20.489228245684924,20.144960188089478,20.469022750854492,321984000,0.0,0.0
2021-07-13 00:00:00-04:00,20.357257363850678,20.41787955419586,20.071365618933118,20.207077026367188,290708000,0.0,0.0
2021-07-14 00:00:00-04:00,20.31459667394377,20.37446895624048,19.710879577245972,19.799440383911133,380100000,0.0,0.0
2021-07-15 00:00:00-04:00,19.769755094193687,19.80493008484271,18.818524831946704,18.92604637145996,550564000,0.0,0.0
2021-07-16 00:00:00-04:00,18.99016530330547,19.116396364572832,18.03469426590336,18.122507095336914,688224000,0.0,0.0
2021-07-19 00:00:00-04:00,17.8772732045442,19.001633708737877,17.827627387864155,18.739940643310547,749060000,0.0,0.0
2021-07-20 00:00:00-04:00,18.69030165895757,18.798072557036225,18.125501300584705,18.572551727294922,434687000,0.0,4.0
2021-07-21 00:00:00-04:00,18.84197575457192,19.4856090035134,18.702273121923145,19.36885643005371,371017000,0.0,0.0
2021-07-22 00:00:00-04:00,19.600365937741294,19.844845556456352,19.23514060465268,19.552467346191406,323826000,0.0,0.0
2021-07-23 00:00:00-04:00,19.614330438748762,19.658237785319955,19.209191000607078,19.516538619995117,195672000,0.0,0.0
2021-07-26 00:00:00-04:00,19.270071237436845,19.400792197870786,18.873911413502984,19.25310707092285,203943000,0.0,0.0
2021-07-27 00:00:00-04:00,19.224166220294784,19.58040989041373,18.701276698089053,19.167287826538086,248863000,0.0,0.0
2021-07-28 00:00:00-04:00,19.278050388710913,19.604356922482342,18.95473775478679,19.461660385131836,202191000,0.0,0.0
2021-07-29 00:00:00-04:00,19.477628531614737,19.810922155638544,19.287033371825803,19.62032699584961,190781000,0.0,0.0
2021-07-30 00:00:00-04:00,19.37684062143377,19.58839115686576,19.22217037958414,19.457670211791992,183497000,0.0,0.0
2021-08-02 00:00:00-04:00,19.658244254511096,19.91869071403097,19.319962105150864,19.70813751220703,217444000,0.0,0.0
2021-08-03 00:00:00-04:00,19.698153225232655,20.179131790468656,19.17925510907327,19.772994995117188,301811000,0.0,0.0
2021-08-04 00:00:00-04:00,19.94762729014503,20.274933053992783,19.785970024202093,20.23102569580078,231309000,0.0,0.0
2021-08-05 00:00:00-04:00,20.456545361432738,20.689051264426222,20.29887933607092,20.59325408935547,211435000,0.0,0.0
2021-08-06 00:00:00-04:00,20.480496237740073,20.526398261297704,20.16716073032945,20.322830200195312,178497000,0.0,0.0
2021-08-09 00:00:00-04:00,20.402660738937794,20.464529594578934,20.100303496019695,20.251981735229492,146443000,0.0,0.0
2021-08-10 00:00:00-04:00,20.278925011040567,20.38669589108739,19.792955863671565,19.89374351501465,179238000,0.0,0.0
2021-08-11 00:00:00-04:00,20.000510538599663,20.006498337025977,19.38881105969427,19.65723991394043,185925000,0.0,0.0
2021-08-12 00:00:00-04:00,19.827880665008244,19.98654211141926,19.578410611818086,19.86280632019043,151652000,0.0,0.0
2021-08-13 00:00:00-04:00,19.862805415977704,20.171150402910424,19.80891903426085,20.145204544067383,183063000,0.0,0.0
2021-08-16 00:00:00-04:00,20.092318335702654,20.243996554559118,19.411762918277915,19.907711029052734,210876000,0.0,0.0
2021-08-17 00:00:00-04:00,19.6432757255147,19.728096551757375,19.226162436773894,19.416757583618164,204585000,0.0,0.0
2021-08-18 00:00:00-04:00,19.458663479604795,19.592380200064525,18.95972339038416,18.9996395111084,285913000,0.0,0.0
2021-08-19 00:00:00-04:00,19.452678382023343,20.451557934500364,18.72222963976643,19.75603485107422,766555000,0.0,0.0
2021-08-20 00:00:00-04:00,19.948625241185688,20.82077321265322,19.890749520984425,20.77187728881836,675741000,0.0,0.0
2021-08-23 00:00:00-04:00,20.92654781503845,21.950372043387453,20.90559242072421,21.911455154418945,575807000,0.0,0.0
2021-08-24 00:00:00-04:00,21.706890967760486,21.912453690418516,21.48935264580462,21.74680519104004,297299000,0.0,0.0
2021-08-25 00:00:00-04:00,21.690923678362765,22.422369743168733,21.67595608286225,22.16591453552246,347701000,0.0,0.0
2021-08-26 00:00:00-04:00,22.15294323628419,22.292645868059488,21.74381246896601,22.021223068237305,237940000,0.0,0.0
2021-08-27 00:00:00-04:00,22.136974982160034,22.673834651141924,22.120010820348703,22.588016510009766,304722000,0.0,0.0
2021-08-30 00:00:00-04:00,22.781603198037555,22.99415101011605,22.503195312876475,22.639904022216797,262580000,0.0,0.0
2021-08-31 00:00:00-04:00,22.65088476822685,22.65088476822685,22.077003605196023,22.341487884521484,259850000,0.004,0.0
2021-09-01 00:00:00-04:00,22.441295929306293,22.65288375278332,22.31354446734334,22.397380828857422,201767000,0.0,0.0
2021-09-02 00:00:00-04:00,22.474233016339994,22.549088005636335,22.251666871978788,22.35247039794922,187834000,0.0,0.0
2021-09-03 00:00:00-04:00,22.281612050191583,22.941326693967397,22.1568549881046,22.79860496520996,280532000,0.0,0.0
2021-09-07 00:00:00-04:00,22.78862142239149,22.854493127996957,22.478225066994746,22.61795425415039,198107000,0.0,0.0
2021-09-08 00:00:00-04:00,22.469243411768282,22.566055000916677,21.93428399752232,22.295581817626953,254434000,0.0,0.0
2021-09-09 00:00:00-04:00,22.268631791690794,22.49419234140638,22.08798385031387,22.133893966674805,196856000,0.0,0.0
2021-09-10 00:00:00-04:00,22.304558731004384,22.582018222817442,22.22671123348666,22.434307098388672,248376000,0.0,0.0
2021-09-13 00:00:00-04:00,22.63991144130801,22.91936791921735,21.81551663993488,22.108945846557617,297500000,0.0,0.0
2021-09-14 00:00:00-04:00,22.231703513909125,22.36644134170752,22.043071697176153,22.198768615722656,199755000,0.0,0.0
2021-09-15 00:00:00-04:00,22.26563379788205,22.32352161580389,21.92330014058641,22.297571182250977,166538000,0.0,0.0
2021-09-16 00:00:00-04:00,22.13988327929112,22.23370043363617,21.884380350859733,22.198768615722656,156033000,0.0,0.0
2021-09-17 00:00:00-04:00,22.25665352950755,22.277612619303632,21.78756777908955,21.857431411743164,294503000,0.0,0.0
2021-09-20 00:00:00-04:00,21.104899163527943,21.391341986457622,20.621840643729975,21.071964263916016,349440000,0.0,0.0
2021-09-21 00:00:00-04:00,21.37537528402159,21.383359157092748,20.90928385567417,21.204708099365234,204688000,0.0,0.0
2021-09-22 00:00:00-04:00,21.324472291848853,21.917317657113234,21.15480262749525,21.89835548400879,268726000,0.0,0.0
2021-09-23 00:00:00-04:00,22.096964887609527,22.491197565406008,21.847450823734473,22.43830108642578,248555000,0.0,0.0
2021-09-24 00:00:00-04:00,22.027101916125478,22.105948834782026,21.818508517957728,22.0380802154541,217655000,0.0,0.0
2021-09-27 00:00:00-04:00,21.667802905493215,21.756630623072077,21.283552877777023,21.617900848388672,245215000,0.0,0.0
2021-09-28 00:00:00-04:00,21.1727660577654,21.377367513543536,20.610858757648057,20.65876579284668,343069000,0.0,0.0
2021-09-29 00:00:00-04:00,20.8992975574088,20.976147550490115,20.42721549314716,20.47711944580078,218394000,0.0,0.0
2021-09-30 00:00:00-04:00,20.72763253869664,21.02505364612349,20.647788112188337,20.67573356628418,221009000,0.0,0.0
2021-10-01 00:00:00-04:00,20.70966691562185,20.81845429921632,20.163729270749435,20.701683044433594,240978000,0.0,0.0
2021-10-04 00:00:00-04:00,20.464146213423493,20.502072459663843,19.51699137275486,19.693647384643555,345635000,0.0,0.0
2021-10-05 00:00:00-04:00,19.911225374209135,20.60786867587519,19.815411292456954,20.411251068115234,279282000,0.0,0.0
2021-10-06 00:00:00-04:00,20.08089269167579,20.679724921866388,20.04096952772109,20.659765243530273,297202000,0.0,0.0
2021-10-07 00:00:00-04:00,21.050999978380556,21.28055434626455,20.931234302967336,21.034034729003906,256919000,0.0,0.0
2021-10-08 00:00:00-04:00,21.059985835702765,21.164781290413057,20.73461926843348,20.790510177612305,151258000,0.0,0.0
2021-10-11 00:00:00-04:00,20.535008028643823,21.02205844124708,20.471131347613763,20.654773712158203,163388000,0.0,0.0
2021-10-12 00:00:00-04:00,20.78751373351945,21.01606869560909,20.48809763377739,20.63081932067871,162134000,0.0,0.0
2021-10-13 00:00:00-04:00,20.877342985281015,20.949203548439566,20.672741500004108,20.89830207824707,180652000,0.0,0.0
2021-10-14 00:00:00-04:00,21.24661972370099,21.71271100803619,21.080942034994557,21.7037296295166,243589000,0.0,0.0
2021-10-15 00:00:00-04:00,21.767602914167345,21.8883679911003,21.61989179987589,21.819501876831055,226994000,0.0,0.0
2021-10-18 00:00:00-04:00,21.706727987684268,22.24767434372609,21.601930624730276,22.178808212280273,189494000,0.0,0.0
2021-10-19 00:00:00-04:00,22.2327046729287,22.335505127465026,21.994170763902737,22.246679306030273,161473000,0.0,0.0
2021-10-20 00:00:00-04:00,22.261652336565195,22.38940383778704,21.939280106694188,22.06004524230957,146276000,0.0,0.0
2021-10-21 00:00:00-04:00,22.054047353929004,22.666854163332363,22.04007462843789,22.647890090942383,187590000,0.0,0.0
2021-10-22 00:00:00-04:00,22.778639129118687,23.085041624530948,22.5171492438251,22.681827545166016,249384000,0.0,0.0
2021-10-25 00:00:00-04:00,22.928347921092275,23.309605413323606,22.725743366931656,23.120973587036133,230235000,0.0,0.0
2021-10-26 00:00:00-04:00,23.94237117910098,25.209903045841777,23.87749699124574,24.668954849243164,485898000,0.0,0.0
2021-10-27 00:00:00-04:00,24.426432727554282,25.041234679802272,24.234804562787975,24.40347671508789,245990000,0.0,0.0
2021-10-28 00:00:00-04:00,24.829641732413585,24.90150227943553,24.475332247849263,24.892518997192383,234204000,0.0,0.0
2021-10-29 00:00:00-04:00,24.952403647038114,25.659027651645317,24.95140613904122,25.517303466796875,292503000,0.0,0.0
2021-11-01 00:00:00-04:00,25.5991466338334,25.843669365378815,25.177965984908347,25.77680015563965,265740000,0.0,0.0
2021-11-02 00:00:00-04:00,25.77181058854264,26.626145786409708,25.7498520856629,26.34968376159668,294112000,0.0,0.0
2021-11-03 00:00:00-04:00,26.618159531297064,26.731938260478383,26.184005607511537,26.54629898071289,239910000,0.0,0.0
2021-11-04 00:00:00-04:00,27.176075023978193,31.30403555183797,27.065290714006657,29.74307632446289,1153631000,0.0,0.0
2021-11-05 00:00:00-04:00,30.128327799122257,31.338969516410668,29.352837576207307,29.69417381286621,851260000,0.0,0.0
2021-11-08 00:00:00-05:00,30.090397841649885,31.03954954207443,29.848867652105472,30.744125366210938,503101000,0.0,0.0
2021-11-09 00:00:00-05:00,32.219257537136286,32.24720299393067,29.905762057421065,30.597414016723633,646746000,0.0,0.0
2021-11-10 00:00:00-05:00,29.298938688612495,30.790034132751536,28.72206118499766,29.401737213134766,636206000,0.0,0.0
2021-11-11 00:00:00-05:00,30.408778210275596,30.53054081377664,29.719121357342374,30.330928802490234,332172000,0.0,0.0
2021-11-12 00:00:00-05:00,29.951668265415538,30.620366028491397,29.572405824699615,30.330928802490234,413054000,0.0,0.0
2021-11-15 00:00:00-05:00,30.492612695096632,30.584432920167473,29.190149065446004,29.966636657714844,384909000,0.0,0.0
2021-11-16 00:00:00-05:00,29.70115750469505,30.33092962922338,29.648259120968326,30.1442928314209,264484000,0.0,0.0
2021-11-17 00:00:00-05:00,30.358877136697892,30.44970177167363,28.744021941865494,29.204126358032227,428508000,0.0,0.0
2021-11-18 00:00:00-05:00,32.304086267949565,32.6963201086988,31.260118029758093,31.61343002319336,781711000,0.0,0.0
2021-11-19 00:00:00-05:00,32.18032865520123,33.02368742983558,31.842986287532256,32.9208869934082,533867000,0.0,0.0
2021-11-22 00:00:00-05:00,33.45185337302316,34.5796581279043,31.837997560915653,31.893888473510742,754335000,0.0,0.0
2021-11-23 00:00:00-05:00,31.473705332919113,32.297102543568556,30.819977769764165,31.684295654296875,532163000,0.0,0.0
2021-11-24 00:00:00-05:00,31.399851018268393,32.79114066054026,30.86788604375997,32.61049270629883,435162000,0.0,0.0
2021-11-26 00:00:00-05:00,32.536630704758025,32.646417496286496,31.289062354270676,31.44176483154297,283069000,0.0,0.0
2021-11-29 00:00:00-05:00,32.30309151548652,33.347056035447615,31.973731107127744,33.311126708984375,454964000,0.0,0.0
2021-11-30 00:00:00-05:00,33.10452572885988,33.288169993579984,31.8020639511034,32.612483978271484,622066000,0.0,0.0
2021-12-01 00:00:00-05:00,33.158489586612895,33.22836176904523,31.32283692941291,31.377737045288086,484368000,0.004,0.0
2021-12-02 00:00:00-05:00,31.157140743690952,32.41883815872118,30.968483947927016,32.06747817993164,472890000,0.0,0.0
2021-12-03 00:00:00-05:00,31.941711059402788,32.07047769659645,30.075116481664228,30.63709259033203,544325000,0.0,0.0
2021-12-06 00:00:00-05:00,29.825574740308443,30.185917263871747,27.986930764459515,29.982290267944336,658938000,0.0,0.0
2021-12-07 00:00:00-05:00,30.900611605357778,32.389894460338404,30.59516733357207,32.3679313659668,593053000,0.0,0.0
2021-12-08 00:00:00-05:00,31.940715387711048,32.231185706011715,31.363767175848032,31.768030166625977,475551000,0.0,0.0
2021-12-09 00:00:00-05:00,31.676195103543325,32.14633974115003,30.372574253777344,30.43446159362793,488507000,0.0,0.0
2021-12-10 00:00:00-05:00,31.093259512246096,31.247977863240173,29.806607883251402,30.142993927001953,488825000,0.0,0.0
2021-12-13 00:00:00-05:00,30.193902997465067,30.23882110761164,28.064786861166905,28.109704971313477,598344000,0.0,0.0
2021-12-14 00:00:00-05:00,27.64854673703916,28.62576361737405,27.200365167372755,28.285385131835938,667035000,0.0,0.0
2021-12-15 00:00:00-05:00,28.348269122536728,30.444444360950847,27.787292529334405,30.403518676757812,698297000,0.0,0.0
2021-12-16 00:00:00-05:00,31.095255629077702,31.103240477932836,28.04182772270702,28.335290908813477,707366000,0.0,0.0
2021-12-17 00:00:00-05:00,27.934029184204658,28.869322821762353,27.70943861477985,27.750364303588867,713758000,0.0,0.0
2021-12-20 00:00:00-05:00,27.255264968768905,28.092735549194344,27.09555655685019,27.66851043701172,461847000,0.0,0.0
2021-12-21 00:00:00-05:00,28.32231982423322,29.066961340796126,27.351090580016532,29.022043228149414,524385000,0.0,0.0
2021-12-22 00:00:00-05:00,28.83837714503304,29.501167258480958,28.397180886972137,29.34644889831543,395184000,0.0,0.0
2021-12-23 00:00:00-05:00,29.700798362946347,30.004245458765496,29.37738914546088,29.586008071899414,343022000,0.0,0.0
2021-12-27 00:00:00-05:00,29.60597449329733,31.030375274637034,29.58601046614117,30.888633728027344,403686000,0.0,0.0
2021-12-28 00:00:00-05:00,31.254963940116887,31.272930801926755,29.95733081114991,30.266767501831055,420591000,0.0,0.0
2021-12-29 00:00:00-05:00,30.21785589086792,30.492354574379007,29.31250657529473,29.94635009765625,343139000,0.0,0.0
2021-12-30 00:00:00-05:00,29.772668538537417,30.40152203339179,29.486192569967027,29.532108306884766,308864000,0.0,0.0
2021-12-31 00:00:00-05:00,29.619949033820216,29.975301483704296,29.2775733920199,29.3574275970459,266530000,0.0,0.0
2022-01-03 00:00:00-05:00,29.760694911893392,30.655062828671504,29.730748869082344,30.066137313842773,391547000,0.0,0.0
2022-01-04 00:00:00-05:00,30.22185023080997,30.41250230504059,28.29736262619722,29.236648559570312,527154000,0.0,0.0
2022-01-05 00:00:00-05:00,28.89626992342823,29.362420260563717,27.482850650929727,27.553720474243164,498064000,0.0,0.0
2022-01-06 00:00:00-05:00,27.589648873306167,28.386195528470193,27.01569746669923,28.12666893005371,454186000,0.0,0.0
2022-01-07 00:00:00-05:00,28.089743152747793,28.37023146068801,27.007716072731807,27.197370529174805,409939000,0.0,0.0
2022-01-10 00:00:00-05:00,26.53258160637673,27.41896458581148,25.59728809455643,27.35009002685547,594681000,0.0,0.0
2022-01-11 00:00:00-05:00,27.273229185294504,28.01387815880905,26.790111571704056,27.766328811645508,404089000,0.0,0.0
2022-01-12 00:00:00-05:00,28.015876891332525,28.542915045615825,27.557713300921407,27.948001861572266,383413000,0.0,0.0
2022-01-13 00:00:00-05:00,28.327307108956052,28.428122969014137,26.449732849381693,26.526594161987305,540171000,0.0,0.0
2022-01-14 00:00:00-05:00,26.25209445126841,27.147461852547423,26.162258231690252,26.892925262451172,395832000,0.0,0.0
2022-01-18 00:00:00-05:00,26.212167872798418,26.589479608098458,25.72306063189079,25.855817794799805,424270000,0.0,0.0
2022-01-19 00:00:00-05:00,26.031497074855327,26.494650686731937,25.006367348530603,25.021339416503906,488315000,0.0,0.0
2022-01-20 00:00:00-05:00,25.25791166025765,25.53241038918925,24.034142983923402,24.10601234436035,435181000,0.0,0.0
2022-01-21 00:00:00-05:00,23.464179956119494,24.77778273419863,23.220624940867154,23.331422805786133,718958000,0.0,0.0
2022-01-24 00:00:00-05:00,22.289325901497904,23.33741256836442,20.849953063353034,23.32942771911621,913982000,0.0,0.0
2022-01-25 00:00:00-05:00,22.50493239222421,22.90121052799981,21.959927393616226,22.283336639404297,664616000,0.0,0.0
2022-01-26 00:00:00-05:00,23.197668199419752,24.013179473462507,22.259379872780205,22.730520248413086,755959000,0.0,0.0
2022-01-27 00:00:00-05:00,23.525068225789852,23.95129042839998,21.63551504917434,21.90402603149414,573353000,0.0,0.0
2022-01-28 00:00:00-05:00,21.971907923157,22.816367744577487,21.257212394458783,22.79840087890625,543774000,0.0,0.0
2022-01-31 00:00:00-05:00,23.1397730138584,24.46435744178253,23.010010647578866,24.44139862060547,564680000,0.0,0.0
2022-02-01 00:00:00-05:00,25.05826938256264,25.09919506044467,23.84648016538628,24.59311866760254,518925000,0.0,0.0
2022-02-02 00:00:00-05:00,25.74701660609037,25.769973523352174,24.508275972398696,25.196022033691406,543419000,0.0,0.0
2022-02-03 00:00:00-05:00,24.413448211145454,25.031320141143613,23.736683738576613,23.904376983642578,410178000,0.0,0.0
2022-02-04 00:00:00-05:00,23.928335906810663,24.59012838058224,23.58895505339578,24.274703979492188,354829000,0.0,0.0
2022-02-07 00:00:00-05:00,24.327604278168515,25.136128268103885,24.157913870021662,24.68295669555664,376868000,0.0,0.0
2022-02-08 00:00:00-05:00,24.31462730633743,25.184040996681343,23.936317975792957,25.06226348876953,410359000,0.0,0.0
2022-02-09 00:00:00-05:00,25.57532931141932,26.67632083848713,25.306820193092953,26.656356811523438,524282000,0.0,0.0
2022-02-10 00:00:00-05:00,25.94765032405226,26.875954707575385,25.55336936906097,25.776960372924805,513200000,0.0,0.0
2022-02-11 00:00:00-05:00,25.868794514206858,26.10436470242998,23.729698327222916,23.905376434326172,605472000,0.0,0.0
2022-02-14 00:00:00-05:00,23.89040565806533,24.82969166731445,23.71173084298083,24.22279930114746,440424000,0.0,0.0
2022-02-15 00:00:00-05:00,24.903559250483323,26.496653091187515,24.738860758581424,26.446744918823242,699869000,0.0,0.0
2022-02-16 00:00:00-05:00,26.211167656729955,26.53357923761162,25.505454789455644,26.46270751953125,732676000,0.0,0.0
2022-02-17 00:00:00-05:00,25.583314026352607,25.7380323786974,24.12098428061529,24.462360382080078,810595000,0.0,0.0
2022-02-18 00:00:00-05:00,24.623066283551836,24.9404878356842,23.057923521612185,23.598936080932617,761255000,0.0,0.0
2022-02-22 00:00:00-05:00,22.993042026027393,24.02016705160959,22.95810593018272,23.347394943237305,633422000,0.0,0.0
2022-02-23 00:00:00-05:00,23.758643432316834,24.11100106367805,22.260378132245002,22.346220016479492,566511000,0.0,0.0
2022-02-24 00:00:00-05:00,20.97672076372356,23.75664775981727,20.851948450060917,23.704742431640625,735801000,0.0,0.0
2022-02-25 00:00:00-05:00,23.67779419345299,24.17288914266841,23.33841333215444,24.112998962402344,528866000,0.0,0.0
2022-02-28 00:00:00-05:00,23.94829623416064,24.62007061792842,23.663815548616952,24.340579986572266,477319000,0.0,0.0
2022-03-01 00:00:00-05:00,24.2467549276186,24.332598722507477,23.089865620598573,23.434236526489258,412056000,0.0,0.0
2022-03-02 00:00:00-05:00,23.716767798485705,24.3686892557631,23.376331351543982,24.18000030517578,389642000,0.004,0.0
2022-03-03 00:00:00-05:00,24.221934426127486,24.28582982223085,23.43024466651091,23.674840927124023,365095000,0.0,0.0
2022-03-04 00:00:00-05:00,23.345386774000954,23.640897516912606,22.444875820203567,22.89812660217285,431415000,0.0,0.0
2022-03-07 00:00:00-05:00,22.779323024691678,22.99496786432812,21.294778910516413,21.316741943359375,450821000,0.0,0.0
2022-03-08 00:00:00-05:00,21.273810368801453,22.336052458393485,20.615898244209568,21.478471755981445,557467000,0.0,0.0
2022-03-09 00:00:00-05:00,22.350026889020018,23.181651368149517,22.210258709065023,22.97599220275879,492742000,0.0,0.0
2022-03-10 00:00:00-05:00,22.493791506270135,22.75036705531013,21.845863124303154,22.620582580566406,428066000,0.0,0.0
2022-03-11 00:00:00-05:00,22.983985565657107,23.106783565580397,22.009597298836194,22.063508987426758,367209000,0.0,0.0
2022-03-14 00:00:00-04:00,21.832888359908207,22.225239069437492,21.124061659342704,21.29477882385254,385354000,0.0,0.0
2022-03-15 00:00:00-04:00,21.48246524329248,22.999955601888228,21.286789766958282,22.935062408447266,491996000,0.0,0.0
2022-03-16 00:00:00-04:00,23.46119001859307,24.556378457499935,23.133732590392377,24.45554542541504,671422000,0.0,0.0
2022-03-17 00:00:00-04:00,24.080168385088534,24.80097427146113,23.86652109001877,24.725101470947266,471941000,0.0,0.0
2022-03-18 00:00:00-04:00,24.758043589126327,26.52512084480498,24.58333336788632,26.409311294555664,730719000,0.0,0.0
2022-03-21 00:00:00-04:00,26.463227335855564,27.10716266483215,25.92411815693594,26.689851760864258,591727000,0.0,0.0
2022-03-22 00:00:00-04:00,26.682861784708894,27.193019493440183,26.028944683421926,26.48019790649414,547007000,0.0,0.0
2022-03-23 00:00:00-04:00,26.082853330192354,26.568050780126192,25.532764596374257,25.59166717529297,502120000,0.0,0.0
2022-03-24 00:00:00-04:00,26.122785451860622,28.27322730530789,25.864212430915682,28.10350799560547,877379000,0.0,0.0
2022-03-25 00:00:00-04:00,27.839948716581148,28.31116937725865,27.225964556594754,27.646268844604492,579016000,0.0,0.0
2022-03-28 00:00:00-04:00,27.71016288962151,28.20334655569767,27.16107004424797,28.17239761352539,425494000,0.0,0.0
2022-03-29 00:00:00-04:00,28.647615882951193,28.898200860351015,27.933796404107152,28.608680725097656,488984000,0.0,0.0
2022-03-30 00:00:00-04:00,28.257258179479766,28.448940537214433,27.457580397748032,27.644271850585938,463487000,0.0,0.0
2022-03-31 00:00:00-04:00,27.73611936328396,28.20134939752375,27.2249657673919,27.240938186645508,523440000,0.0,0.0
2022-04-01 00:00:00-04:00,27.329793893242602,27.450594367560555,26.22362380328978,26.667888641357422,517235000,0.0,0.0
2022-04-04 00:00:00-04:00,26.68386116410857,27.51249039934316,26.569051307297613,27.314817428588867,397120000,0.0,0.0
2022-04-05 00:00:00-04:00,27.208993052825633,27.273886246427207,25.77736111373476,25.8881778717041,436615000,0.0,0.0
2022-04-06 00:00:00-04:00,24.89282362740827,25.25821843251392,23.96336133874279,24.3666934967041,703833000,0.0,0.0
2022-04-07 00:00:00-04:00,24.40063717251765,24.681173255356967,23.43922816299002,24.16802215576172,557992000,0.0,0.0
2022-04-08 00:00:00-04:00,23.87750455120678,23.883495161066943,23.02391690989206,23.080821990966797,524781000,0.0,0.0
2022-04-11 00:00:00-04:00,22.177314452244133,22.283138388650364,21.624228525861138,21.88080406188965,575207000,0.0,0.0
2022-04-12 00:00:00-04:00,22.499781775609925,22.68747102754749,21.24685328740525,21.468486785888672,662258000,0.0,0.0
2022-04-13 00:00:00-04:00,21.692118201146528,22.46284265142002,21.419568327663896,22.166332244873047,516943000,0.0,0.0
2022-04-14 00:00:00-04:00,22.467831116909583,22.739383160755054,21.128048436273925,21.222890853881836,569097000,0.0,0.0
2022-04-18 00:00:00-04:00,21.16498908187305,22.051521138183773,21.044188623248843,21.747026443481445,525701000,0.0,0.0
2022-04-19 00:00:00-04:00,21.6841313406833,22.336052867668407,21.278801663864815,22.16134262084961,512781000,0.0,0.0
2022-04-20 00:00:00-04:00,22.479816251213727,22.632563469405223,21.16499167198525,21.44652557373047,468974000,0.0,0.0
2022-04-21 00:00:00-04:00,21.673144524749475,22.355017029067174,19.966967516104447,20.14966583251953,656209000,0.0,0.0
2022-04-22 00:00:00-04:00,20.26946966670985,20.452168011025645,19.467796301219373,19.482770919799805,624713000,0.0,0.0
2022-04-25 00:00:00-04:00,19.170288258529265,19.912061251453245,19.0644643191004,19.86913299560547,641566000,0.0,0.0
2022-04-26 00:00:00-04:00,19.68543975436203,19.755323857541587,18.639169998819227,18.756975173950195,653143000,0.0,0.0
2022-04-27 00:00:00-04:00,18.567284673540673,19.135345204510386,18.25979468111311,18.38458824157715,499460000,0.0,0.0
2022-04-28 00:00:00-04:00,18.935677751439272,20.003912398081695,18.459466165105905,19.749332427978516,570327000,0.0,0.0
2022-04-29 00:00:00-04:00,19.369958295805834,20.0947591494242,18.486419632382923,18.51637077331543,500435000,0.0,0.0
2022-05-02 00:00:00-04:00,18.510377869263486,19.541670796677515,18.360625991565414,19.50074005126953,572049000,0.0,0.0
2022-05-03 00:00:00-04:00,19.367959800118072,19.792259039385,19.101400562477515,19.569625854492188,475751000,0.0,0.0
2022-05-04 00:00:00-04:00,19.890098304423287,20.366309842188915,18.720032931591277,20.300418853759766,648855000,0.0,0.0
2022-05-05 00:00:00-04:00,19.83419283544988,19.892095715504983,18.469449677687027,18.812881469726562,626331000,0.0,0.0
2022-05-06 00:00:00-04:00,18.7050574905657,19.479774994567933,17.96028922277007,18.64415740966797,633297000,0.0,0.0
2022-05-09 00:00:00-04:00,18.004217966140544,18.224851759556184,16.79921054716783,16.922008514404297,644455000,0.0,0.0
2022-05-10 00:00:00-04:00,17.659787394686624,18.16794760416269,16.99688437237078,17.565942764282227,761474000,0.0,0.0
2022-05-11 00:00:00-04:00,17.31835409448159,17.723683782104512,16.540641169056297,16.602537155151367,670167000,0.0,0.0
2022-05-12 00:00:00-04:00,16.19221477965003,16.760275340770292,15.54129205927987,16.148286819458008,708728000,0.0,0.0
2022-05-13 00:00:00-04:00,16.760278243017794,17.898395162592152,16.56560054932208,17.676761627197266,670437000,0.0,0.0
2022-05-16 00:00:00-04:00,17.48008511831433,17.75862368678509,17.077750784212707,17.235488891601562,521446000,0.0,0.0
2022-05-17 00:00:00-04:00,18.04414975285288,18.34066013363728,17.604877794636984,18.14698028564453,585830000,0.0,0.0
2022-05-18 00:00:00-04:00,17.67576203844638,18.088080120418184,16.836151254717954,16.9100284576416,545161000,0.0,0.0
2022-05-19 00:00:00-04:00,16.909028847119362,17.65779022337762,16.70636308062832,17.095720291137695,621310000,0.0,0.0
2022-05-20 00:00:00-04:00,17.30337830808669,17.38124861372586,15.72898198152953,16.666431427001953,739105000,0.0,0.0
2022-05-23 00:00:00-04:00,16.247124263630415,16.887066422487216,16.152281838098215,16.870094299316406,639889000,0.0,0.0
2022-05-24 00:00:00-04:00,16.48273226407491,16.5695884679846,15.753937439124629,16.1273193359375,588550000,0.0,0.0
2022-05-25 00:00:00-04:00,15.993545229810767,17.082743170012566,15.97357780055235,16.94696807861328,781132000,0.0,0.0
2022-05-26 00:00:00-04:00,16.0095166948494,18.06212107603977,15.995539876042033,17.82151985168457,996575000,0.0,0.0
2022-05-27 00:00:00-04:00,18.15596797841863,18.849819932258,18.070109559332337,18.779935836791992,738379000,0.0,0.0
2022-05-31 00:00:00-04:00,18.948654788721765,19.168292685705072,18.319696047812112,18.641164779663086,664100000,0.0,0.0
2022-06-01 00:00:00-04:00,18.69307743392003,19.021532644241965,18.092070474721062,18.289743423461914,544514000,0.0,0.0
2022-06-02 00:00:00-04:00,18.261792289244305,19.58660053766134,18.167947658558926,19.55964469909668,648656000,0.0,0.0
2022-06-03 00:00:00-04:00,19.05049055894073,19.300077733080343,18.491413917844703,18.6890869140625,598779000,0.0,0.0
2022-06-06 00:00:00-04:00,19.10739397145828,19.30506695038856,18.53334275946128,18.754976272583008,422406000,0.0,0.0
2022-06-07 00:00:00-04:00,18.441494168181833,18.96862207015749,18.157962789586147,18.894744873046875,388914000,0.0,0.0
2022-06-08 00:00:00-04:00,18.771917245991688,19.152368881229986,18.508297635187382,18.621135711669922,363252000,0.004,0.0
2022-06-09 00:00:00-04:00,18.45438197777364,18.905730608941067,18.015015194029495,18.022005081176758,395574000,0.0,0.0
2022-06-10 00:00:00-04:00,17.57465231004031,17.671512729498716,16.844704220148653,16.949554443359375,465248000,0.0,0.0
2022-06-13 00:00:00-04:00,15.97695432377349,16.288505207349672,15.58352177022173,15.624463081359863,604153000,0.0,0.0
2022-06-14 00:00:00-04:00,15.708340258379813,16.04285774637473,15.389799517519151,15.813189506530762,469680000,0.0,0.0
2022-06-15 00:00:00-04:00,16.0718159527891,16.843703233785185,15.903059709277857,16.50319480895996,563936000,0.0,0.0
2022-06-16 00:00:00-04:00,15.837155169600095,15.919037789492796,15.378816671462324,15.57852840423584,545749000,0.0,0.0
2022-06-17 00:00:00-04:00,15.625461002824116,15.971961319627292,15.305922222918316,15.85712718963623,630334000,0.0,0.0
2022-06-21 00:00:00-04:00,16.451268624993155,16.983499894154047,16.3833657846914,16.542137145996094,483089000,0.0,0.0
2022-06-22 00:00:00-04:00,16.202627557361957,16.638000356489247,16.156694289080086,16.336435317993164,437135000,0.0,0.0
2022-06-23 00:00:00-04:00,16.495206818519033,16.561111743614834,15.830166643598124,16.201631546020508,463680000,0.0,0.0
2022-06-24 00:00:00-04:00,16.476232092016044,17.115309575809757,16.286505249789357,17.101329803466797,472153000,0.0,0.0
2022-06-27 00:00:00-04:00,17.28706447239258,17.305038195164876,16.602051748038424,16.844701766967773,427968000,0.0,0.0
2022-06-28 00:00:00-04:00,16.875656572494353,17.177221612283553,15.922032246873021,15.958979606628418,461149000,0.0,0.0
2022-06-29 00:00:00-04:00,15.791223732823655,15.797214656967059,15.148151212027244,15.519615173339844,482352000,0.0,0.0
2022-06-30 00:00:00-04:00,15.338874735915367,15.544578349949315,14.840593877871374,15.137166023254395,686070000,0.0,0.0
2022-07-01 00:00:00-04:00,14.877541689605605,15.041305044610864,14.371271933405337,14.502082824707031,577610000,0.0,0.0
2022-07-05 00:00:00-04:00,14.154583567847698,14.949436595922805,14.03475652125701,14.9424467086792,651397000,0.0,0.0
2022-07-06 00:00:00-04:00,14.988379712137199,15.296934641459803,14.767697371772694,15.108206748962402,529066000,0.0,0.0
2022-07-07 00:00:00-04:00,15.433737904176146,15.92203292887166,15.36683402070792,15.835158348083496,492903000,0.0,0.0
2022-07-08 00:00:00-04:00,15.407775139572864,16.013901175356242,15.366833829739814,15.815187454223633,467972000,0.0,0.0
2022-07-11 00:00:00-04:00,15.503634525295542,15.504633488551995,15.016337582356337,15.130173683166504,437321000,0.0,0.0
2022-07-12 00:00:00-04:00,15.246007026649878,15.408772341747861,14.85557044400225,15.060275077819824,458483000,0.0,0.0
2022-07-13 00:00:00-04:00,14.568983094904992,15.352852141295745,14.444163158796897,15.142155647277832,521918000,0.0,0.0
2022-07-14 00:00:00-04:00,15.086238604158117,15.450712638434682,14.706785832690487,15.349858283996582,456235000,0.0,0.0
2022-07-15 00:00:00-04:00,15.63644558399528,15.759267610476122,15.422753123079167,15.739296913146973,385935000,0.0,0.0
2022-07-18 00:00:00-04:00,16.27851907838697,16.87266137055177,15.97895195225039,16.077808380126953,670517000,0.0,0.0
2022-07-19 00:00:00-04:00,16.46225195061646,17.085353626107096,16.148705090924686,16.9675235748291,702366000,0.0,0.0
2022-07-20 00:00:00-04:00,16.92259107622547,17.907170962828168,16.776801457153745,17.78135108947754,760538000,0.0,0.0
2022-07-21 00:00:00-04:00,17.859238822871024,18.117864633894918,17.519728403683327,18.02400016784668,557049000,0.0,0.0
2022-07-22 00:00:00-04:00,17.867226650028243,17.94111946651388,17.112315071094837,17.29405403137207,536671000,0.0,0.0
2022-07-25 00:00:00-04:00,16.99448352231255,17.099333719103424,16.62501756756741,16.99947738647461,480748000,0.0,0.0
2022-07-26 00:00:00-04:00,16.86467392943168,16.894631404697474,16.454266612677664,16.509187698364258,397865000,0.0,0.0
2022-07-27 00:00:00-04:00,17.007464379960048,17.910163369624364,16.888636321791992,17.764373779296875,569776000,0.0,0.0
2022-07-28 00:00:00-04:00,17.94910582864707,18.113867141390884,17.414876695088363,17.958091735839844,474646000,0.0,0.0
2022-07-29 00:00:00-04:00,17.787340786197223,18.217719703529824,17.66651479253147,18.136837005615234,435460000,0.0,0.0
2022-08-01 00:00:00-04:00,18.155812405222676,18.818857535494043,17.964089498853447,18.414440155029297,476469000,0.0,0.0
2022-08-02 00:00:00-04:00,18.09589783114426,18.910722495389777,18.065940355800908,18.49931526184082,489527000,0.0,0.0
2022-08-03 00:00:00-04:00,18.157807229563822,18.940678328318345,18.110874046055788,18.865785598754883,418146000,0.0,0.0
2022-08-04 00:00:00-04:00,18.821852455830648,19.246239560652153,18.73297994285984,19.18732452392578,409652000,0.0,0.0
2022-08-05 00:00:00-04:00,18.78290591582799,19.201303021248535,18.639114229543424,18.96164894104004,386068000,0.0,0.0
2022-08-08 00:00:00-04:00,17.476790919438447,18.21272885675259,17.217165194994923,17.767370223999023,981859000,0.0,0.0
2022-08-09 00:00:00-04:00,17.227153109770796,17.421871950579003,16.699913699114166,17.061391830444336,668263000,0.0,0.0
2022-08-10 00:00:00-04:00,17.67250509296943,18.091900137977376,17.292053424627696,18.07093048095703,597422000,0.0,0.0
2022-08-11 00:00:00-04:00,18.10488369799364,18.6800542114384,17.85024994646384,17.916154861450195,509327000,0.0,0.0
2022-08-12 00:00:00-04:00,18.13384171212563,18.691038518199683,17.927139148933303,18.682050704956055,478094000,0.0,0.0
2022-08-15 00:00:00-04:00,18.67406267417395,19.13639509847231,18.58619008746834,19.00458526611328,457666000,0.0,0.0
2022-08-16 00:00:00-04:00,18.892746038942505,19.114426372450737,18.474348978800155,18.851804733276367,451240000,0.0,0.0
2022-08-17 00:00:00-04:00,18.49631884951857,18.66108018121252,18.118863088985453,18.3085880279541,446799000,0.0,0.0
2022-08-18 00:00:00-04:00,18.274639978763396,18.837826774842014,18.156809914555318,18.745960235595703,415447000,0.0,0.0
2022-08-19 00:00:00-04:00,18.37948673370404,18.493322839399585,17.744403196488058,17.82328987121582,441588000,0.0,0.0
2022-08-22 00:00:00-04:00,17.464808765614254,17.532711616910927,16.941563319967976,17.00946617126465,409593000,0.0,0.0
2022-08-23 00:00:00-04:00,16.96453091770443,17.43984516322094,16.94555727793766,17.156253814697266,369986000,0.0,0.0
2022-08-24 00:00:00-04:00,16.987494644326322,17.38092812303671,16.870664499496122,17.197193145751953,522661000,0.0,0.0
2022-08-25 00:00:00-04:00,16.819740668746636,17.921152737621973,16.808756831223587,17.8872013092041,770691000,0.0,0.0
2022-08-26 00:00:00-04:00,17.831279754143317,17.89818268593195,16.21361230728249,16.23657989501953,769127000,0.0,0.0
2022-08-29 00:00:00-04:00,15.996925575894142,16.314466422893805,15.744289732907449,15.778240203857422,496132000,0.0,0.0
2022-08-30 00:00:00-04:00,15.937011634223913,16.01589736454598,15.160132368788158,15.445720672607422,530181000,0.0,0.0
2022-08-31 00:00:00-04:00,15.361839260492642,15.517614680513397,14.937451280109281,15.072257041931152,573710000,0.0,0.0
2022-09-01 00:00:00-04:00,14.188532029476727,14.359286189468056,13.250885451387843,13.916924476623535,1178865000,0.0,0.0
2022-09-02 00:00:00-04:00,14.079689759971137,14.150586633370288,13.571422181905431,13.627342224121094,743157000,0.0,0.0
2022-09-06 00:00:00-04:00,13.711221928123773,13.759153124531602,13.331769162696869,13.445605278015137,535751000,0.0,0.0
2022-09-07 00:00:00-04:00,13.5474882899435,13.822174355497893,13.330736456144963,13.698315620422363,512657000,0.004,0.0
2022-09-08 00:00:00-04:00,13.443606205576218,13.991979038375039,13.353709941222819,13.9739990234375,624873000,0.0,0.0
2022-09-09 00:00:00-04:00,14.140809824331798,14.457447695839932,14.109846090947006,14.3705472946167,486612000,0.0,0.0
2022-09-12 00:00:00-04:00,14.352567755795985,14.530363688437092,14.181762834747161,14.488411903381348,484159000,0.0,0.0
2022-09-13 00:00:00-04:00,13.786215134259724,13.906077779739885,13.084019064569471,13.115982055664062,714956000,0.0,0.0
2022-09-14 00:00:00-04:00,13.238839991763056,13.274799067006125,12.898230418523704,13.112984657287598,588507000,0.0,0.0
2022-09-15 00:00:00-04:00,13.000116225535464,13.217866376931088,12.775373157326715,12.914214134216309,523625000,0.0,0.0
2022-09-16 00:00:00-04:00,12.727427324445726,13.196890078847183,12.602570279850505,13.182906150817871,670751000,0.0,0.0
2022-09-19 00:00:00-04:00,12.997118675530748,13.447603094631756,12.995121107659504,13.366695404052734,569685000,0.0,0.0
2022-09-20 00:00:00-04:00,13.199887497460312,13.467580662495783,13.042068193653254,13.160931587219238,524818000,0.0,0.0
2022-09-21 00:00:00-04:00,13.197890811062637,14.014955241987064,13.095007954705416,13.245835304260254,807679000,0.0,0.0
2022-09-22 00:00:00-04:00,13.055051396378376,13.133961515714864,12.413786413091321,12.54663372039795,759162000,0.0,0.0
2022-09-23 00:00:00-04:00,12.405796166827699,12.596577717875299,12.242982472153528,12.501686096191406,663309000,0.0,0.0
2022-09-26 00:00:00-04:00,12.476714712031665,12.6445227980679,12.200031079231326,12.214015007019043,547343000,0.0,0.0
2022-09-27 00:00:00-04:00,12.492697029529888,12.721435237771948,12.243982188527069,12.398804664611816,553854000,0.0,0.0
2022-09-28 00:00:00-04:00,12.395808137484426,12.808335949550742,12.339872421294748,12.721435546875,542414000,0.0,0.0
2022-09-29 00:00:00-04:00,12.433763092329551,12.485703665301216,11.93233737792376,12.206024169921875,532763000,0.0,0.0
2022-09-30 00:00:00-04:00,12.073175775869878,12.618551786035487,12.06118941665651,12.125116348266602,565638000,0.0,0.0
2022-10-03 00:00:00-04:00,12.332879889301863,12.663501679937102,12.091156065318172,12.49769115447998,547478000,0.0,0.0
2022-10-04 00:00:00-04:00,12.864270565657717,13.204881135293524,12.864270565657717,13.151941299438477,584182000,0.0,0.0
2022-10-05 00:00:00-04:00,12.896234851471691,13.305765810978043,12.606566542119614,13.193893432617188,507131000,0.0,0.0
2022-10-06 00:00:00-04:00,13.204879819401478,13.640381012464916,13.088013059620748,13.114982604980469,644157000,0.0,0.0
2022-10-07 00:00:00-04:00,12.49070033837139,12.655511618698277,12.008252858922118,12.062191009521484,672478000,0.0,0.0
2022-10-10 00:00:00-04:00,12.023234286244145,12.110134687053332,11.394953895179079,11.656654357910156,698699000,0.0,0.0
2022-10-11 00:00:00-04:00,11.547780014531945,11.832453968256738,11.27009802591383,11.572751998901367,667482000,0.0,0.0
2022-10-12 00:00:00-04:00,11.565756080169313,11.721576827483423,11.332023530322935,11.486845970153809,492590000,0.0,0.0
2022-10-13 00:00:00-04:00,10.95845227828,12.064186562309112,10.800632989162114,11.946321487426758,850103000,0.0,0.0
2022-10-14 00:00:00-04:00,12.043213694479125,12.097151849607968,11.191189361916953,11.214162826538086,713432000,0.0,0.0
2022-10-17 00:00:00-04:00,11.504828138320566,11.934336712830873,11.503829830567671,11.874404907226562,580774000,0.0,0.0
2022-10-18 00:00:00-04:00,12.32988153915583,12.477712029429732,11.60471206188069,11.953312873840332,659362000,0.0,0.0
2022-10-19 00:00:00-04:00,11.865414862005727,12.335876896072701,11.820466247889982,12.03721809387207,523131000,0.0,0.0
2022-10-20 00:00:00-04:00,12.099146024643437,12.754395880890586,12.091154800998051,12.1800537109375,652398000,0.0,0.0
2022-10-21 00:00:00-04:00,12.08416302534478,12.483706114735975,11.873404857768438,12.451742172241211,609494000,0.0,0.0
2022-10-24 00:00:00-04:00,12.493694435085107,12.695463063675424,12.050202013147084,12.584589958190918,517457000,0.0,0.0
2022-10-25 00:00:00-04:00,12.679484250740613,13.284791217103562,12.649517870835373,13.245835304260254,505482000,0.0,0.0
2022-10-26 00:00:00-04:00,12.854283691329806,13.372689273585683,12.693467556378188,12.88125228881836,532953000,0.0,0.0
2022-10-27 00:00:00-04:00,13.614412865955106,13.82217518035097,13.106993440610113,13.160931587219238,583113000,0.0,0.0
2022-10-28 00:00:00-04:00,13.089013509344072,13.834160625070403,13.04606246592636,13.818178176879883,521040000,0.0,0.0
2022-10-31 00:00:00-04:00,13.762242332793258,13.822174131468698,13.281792493503145,13.481563568115234,486341000,0.0,0.0
2022-11-01 00:00:00-04:00,13.795204744517916,13.909074687035073,13.50353887693043,13.527511596679688,432817000,0.0,0.0
2022-11-02 00:00:00-04:00,13.834161105061225,14.19374905531883,13.195891945618369,13.203882217407227,672628000,0.0,0.0
2022-11-03 00:00:00-04:00,13.028083145048377,13.76523902211561,12.941182752282689,13.40565013885498,500065000,0.0,0.0
2022-11-04 00:00:00-04:00,13.970003964993754,14.212726071029046,13.681333990068602,14.139809608459473,612576000,0.0,0.0
2022-11-07 00:00:00-05:00,14.211726711159713,14.395516280262711,13.93804087783806,14.284643173217773,410061000,0.0,0.0
2022-11-08 00:00:00-05:00,14.784072261886399,14.873969484484578,14.199741267581862,14.58530044555664,595292000,0.0,0.0
2022-11-09 00:00:00-05:00,14.145803560453576,14.19474826160069,13.743264566818908,13.760245323181152,454414000,0.0,0.0
2022-11-10 00:00:00-05:00,14.783073688470592,15.754960458571857,14.530362781058232,15.731986999511719,700819000,0.0,0.0
2022-11-11 00:00:00-05:00,15.788921932687243,16.370256087071166,15.46429382079919,16.308326721191406,655487000,0.0,0.0
2022-11-14 00:00:00-05:00,16.19945367187668,16.521085938920052,15.903791694360095,16.276365280151367,527852000,0.0,0.0
2022-11-15 00:00:00-05:00,16.70287594284823,16.978559364673853,16.363264632731703,16.646940231323242,545876000,0.0,0.0
2022-11-16 00:00:00-05:00,16.143518276953394,16.343288419851884,15.854848258100025,15.891805648803711,649547000,0.0,0.0
2022-11-17 00:00:00-05:00,15.697028572418933,16.24739904652719,15.517234114515407,15.659071922302246,710894000,0.0,0.0
2022-11-18 00:00:00-05:00,15.947738639225019,15.983698668624347,15.1027065258476,15.391376495361328,492072000,0.0,0.0
2022-11-21 00:00:00-05:00,15.129677641354991,15.459300164906633,15.062753876386287,15.299483299255371,404739000,0.0,0.0
2022-11-22 00:00:00-05:00,15.310470960588445,16.03963662758918,15.104706214596387,16.0196590423584,472866000,0.0,0.0
2022-11-23 00:00:00-05:00,16.079590627928166,16.50810089643016,16.029648567735606,16.50010871887207,427241000,0.0,0.0
2022-11-25 00:00:00-05:00,16.29933780193483,16.4681432353888,16.153504874424023,16.251392364501953,167934000,0.0,0.0
2022-11-28 00:00:00-05:00,16.007671708290847,16.338294456377017,15.70701724317918,15.808899879455566,303741000,0.0,0.0
2022-11-29 00:00:00-05:00,15.808897524030488,15.913777925561506,15.502249448012533,15.621112823486328,298384000,0.0,0.0
2022-11-30 00:00:00-05:00,15.6830602658948,16.914966089169596,15.583149639810605,16.90797233581543,565298000,0.004,0.0
2022-12-01 00:00:00-05:00,16.98390260494698,17.249665193995767,16.62022557743616,17.119781494140625,470977000,0.0,0.0
2022-12-02 00:00:00-05:00,16.644207055618132,16.917963908869055,16.430396388248067,16.861013412475586,371389000,0.0,0.0
2022-12-05 00:00:00-05:00,16.664188140663757,16.97990748405333,16.45737124674866,16.59524917602539,352255000,0.0,0.0
2022-12-06 00:00:00-05:00,16.515320136499295,16.55828121576056,15.804951144521732,15.97280216217041,352694000,0.0,0.0
2022-12-07 00:00:00-05:00,15.75799282156982,16.171625648969496,15.653085579114476,16.105684280395508,372388000,0.0,0.0
2022-12-08 00:00:00-05:00,16.25854908651471,17.16374462857711,15.944826859373718,17.15375328063965,515456000,0.0,0.0
2022-12-09 00:00:00-05:00,17.144758142343576,17.56738276437622,16.959922995009748,16.985898971557617,465338000,0.0,0.0
2022-12-12 00:00:00-05:00,17.02187129977988,17.522425848254887,16.782084655498647,17.519428253173828,457328000,0.0,0.0
2022-12-13 00:00:00-05:00,18.51454214589469,18.773312896973106,17.695270719801442,18.055950164794922,656589000,0.0,0.0
2022-12-14 00:00:00-05:00,17.971025977289464,18.235791937239984,17.404530071372026,17.65830421447754,496888000,0.0,0.0
2022-12-15 00:00:00-05:00,17.130770989108214,17.304616230476075,16.6851679759373,16.93694305419922,478542000,0.0,0.0
2022-12-16 00:00:00-05:00,16.84902299700821,17.02586584479586,16.395425732702005,16.55628204345703,478232000,0.0,0.0
2022-12-19 00:00:00-05:00,16.557279390348295,16.594245272681047,16.130658653998417,16.239561080932617,354039000,0.0,0.0
2022-12-20 00:00:00-05:00,16.049733690887738,16.295515522534085,15.837923015061076,16.070714950561523,403260000,0.0,0.0
2022-12-21 00:00:00-05:00,16.09968984594943,16.61223475025076,16.087699466198302,16.486345291137695,325025000,0.0,0.0
2022-12-22 00:00:00-05:00,16.07970707700127,16.1236686264642,14.868783538656384,15.325377464294434,565045000,0.0,0.0
2022-12-23 00:00:00-05:00,15.1825020926471,15.325374720756235,14.869780392595548,15.192493438720703,349326000,0.0,0.0
2022-12-27 00:00:00-05:00,15.060614202904363,15.086591137007504,14.043517614658999,14.108460426330566,464902000,0.0,0.0
2022-12-28 00:00:00-05:00,13.91463137268626,14.249333894789332,13.871669340252495,14.023534774780273,351066000,0.0,0.0
2022-12-29 00:00:00-05:00,14.38920991894021,14.669959545430306,14.214365146989318,14.590030670166016,354923000,0.0,0.0
2022-12-30 00:00:00-05:00,14.32126881054406,14.616006880843551,14.22035868196572,14.601020812988281,310490000,0.0,0.0
2023-01-03 00:00:00-05:00,14.837810367489242,14.982682047498178,14.08348078348017,14.302286148071289,401277000,0.0,0.0
2023-01-04 00:00:00-05:00,14.554063307465187,14.839808607059629,14.228352617509586,14.73590087890625,431324000,0.0,0.0
2023-01-05 00:00:00-05:00,14.478131826362766,14.55106695490944,14.135436006811734,14.25233268737793,389168000,0.0,0.0
2023-01-06 00:00:00-05:00,14.461143109980794,14.996667247060326,14.021534369458736,14.84580135345459,405044000,0.0,0.0
2023-01-09 00:00:00-05:00,15.270424273724865,16.04173789888646,15.127550692313987,15.614118576049805,504231000,0.0,0.0
2023-01-10 00:00:00-05:00,15.493228298581526,15.947824139665439,15.458259534317742,15.894871711730957,384101000,0.0,0.0
2023-01-11 00:00:00-05:00,15.82593243722272,16.013765197501424,15.54917801774992,15.986788749694824,353285000,0.0,0.0
2023-01-12 00:00:00-05:00,16.085701700564304,16.622223531730338,15.478240920942719,16.496335983276367,551409000,0.0,0.0
2023-01-13 00:00:00-05:00,16.263542495863074,16.906971530423156,16.150643894020064,16.883991241455078,447287000,0.0,0.0
2023-01-17 00:00:00-05:00,16.883994729782152,17.71225909326382,16.883994729782152,17.686281204223633,511102000,0.0,0.0
2023-01-18 00:00:00-05:00,17.651304096062002,17.857120456430845,17.266645909189315,17.361562728881836,439624000,0.0,0.0
2023-01-19 00:00:00-05:00,17.020871801588246,17.181730042412166,16.716144233908317,16.750112533569336,452932000,0.0,0.0
2023-01-20 00:00:00-05:00,16.995890753129473,17.840141455842918,16.81005703807903,17.823156356811523,564967000,0.0,0.0
2023-01-23 00:00:00-05:00,18.047957702236456,19.227910593960342,17.802177774981764,19.17595672607422,655163000,0.0,0.0
2023-01-24 00:00:00-05:00,18.810277863168658,19.47768573151411,18.80328411093273,19.247888565063477,496204000,0.0,0.0
2023-01-25 00:00:00-05:00,18.896205671677528,19.35280059491453,18.5635011872948,19.30584144592285,449537000,0.0,0.0
2023-01-26 00:00:00-05:00,19.68350415512984,20.148091350518563,19.260879477450576,19.784414291381836,489535000,0.0,0.0
2023-01-27 00:00:00-05:00,19.444714514869208,20.609679285685996,19.3877659327664,20.346912384033203,542142000,0.0,0.0
2023-01-30 00:00:00-05:00,19.932285578117042,20.122115490006003,19.132994818048182,19.14498519897461,488611000,0.0,0.0
2023-01-31 00:00:00-05:00,19.15297486538739,19.6695159068721,18.933170937254296,19.519649505615234,498017000,0.0,0.0
2023-02-01 00:00:00-05:00,19.673511481668655,21.173177824154312,19.593582609656906,20.924400329589844,660477000,0.0,0.0
2023-02-02 00:00:00-05:00,20.981350173364984,21.929506784254198,20.681617361721663,21.689720153808594,564276000,0.0,0.0
2023-02-03 00:00:00-05:00,20.981347215456356,21.725686324206944,20.77053418941779,21.08125877380371,429366000,0.0,0.0
2023-02-06 00:00:00-05:00,20.78751905738738,21.550840381881866,20.767536364808443,21.070268630981445,452197000,0.0,0.0
2023-02-07 00:00:00-05:00,21.363010976269244,22.239232935371913,21.13121666091227,22.153308868408203,664150000,0.0,0.0
2023-02-08 00:00:00-05:00,22.36711934372016,22.85768446098811,21.988456187602562,22.18528175354004,559651000,0.0,0.0
2023-02-09 00:00:00-05:00,22.585923657185848,22.999555526039853,22.10035523115799,22.317161560058594,523876000,0.0,0.0
2023-02-10 00:00:00-05:00,21.670734556522017,22.05838850067455,20.79251561122699,21.246110916137695,550737000,0.0,0.0
2023-02-13 00:00:00-05:00,21.518873966874963,22.02842130618038,20.94338525202778,21.768651962280273,474919000,0.0,0.0
2023-02-14 00:00:00-05:00,21.55883884967227,23.028533340490693,21.347027202584798,22.950603485107422,675474000,0.0,0.0
2023-02-15 00:00:00-05:00,22.528974733051307,22.834702740208446,22.086369260238467,22.743783950805664,420575000,0.0,0.0
2023-02-16 00:00:00-05:00,22.113338451324623,22.529967843034065,21.907522068277647,21.98245620727539,412026000,0.0,0.0
2023-02-17 00:00:00-05:00,21.611791347619178,21.72069380435597,20.956373763969037,21.369007110595703,465888000,0.0,0.0
2023-02-21 00:00:00-05:00,20.981348707366188,21.474909439572844,20.599688013751237,20.636655807495117,410015000,0.0,0.0
2023-02-22 00:00:00-05:00,20.688611760297764,21.08525856184471,20.40286453988305,20.73556900024414,513184000,0.0,0.0
2023-02-23 00:00:00-05:00,23.419184292490083,23.86678639368228,23.004551924706405,23.64298439025879,1117995000,0.0,0.0
2023-02-24 00:00:00-05:00,23.204375078577097,23.453154499296485,22.92662208252436,23.26531982421875,589716000,0.0,0.0
2023-02-27 00:00:00-05:00,23.648977864432165,23.858790440868052,23.433170098482496,23.480127334594727,452994000,0.0,0.0
2023-02-28 00:00:00-05:00,23.351242756078413,23.803841462170766,23.18538981700552,23.19538116455078,455963000,0.0,0.0
2023-03-01 00:00:00-05:00,23.1714019321177,23.23534617422928,22.488009397581543,22.677841186523438,460026000,0.0,0.0
2023-03-02 00:00:00-05:00,22.468028298017433,23.359234366551537,22.412076372322428,23.293292999267578,389415000,0.0,0.0
2023-03-03 00:00:00-05:00,23.29928671873714,23.878771482721607,23.109454944395214,23.8687801361084,412393000,0.0,0.0
2023-03-06 00:00:00-05:00,23.86978550620526,24.226466934700564,23.46614302389573,23.533084869384766,437429000,0.0,0.0
2023-03-07 00:00:00-05:00,23.583044962685058,24.10766739527253,23.224301727377593,23.271268844604492,515154000,0.004,0.0
2023-03-08 00:00:00-05:00,23.470122259314252,24.182611163179747,23.40716780421932,24.163623809814453,513573000,0.0,0.0
2023-03-09 00:00:00-05:00,24.157630214818013,24.43643099664028,23.36619942637725,23.41916275024414,501257000,0.0,0.0
2023-03-10 00:00:00-05:00,23.392182851427492,23.610026647081675,22.709672969612804,22.948501586914062,474866000,0.0,0.0
2023-03-13 00:00:00-04:00,22.735655977833733,23.281263263706624,22.280982921943256,22.949501037597656,421890000,0.0,0.0
2023-03-14 00:00:00-04:00,23.479119446090365,24.201599575418847,23.443144105930298,24.045711517333984,474910000,0.0,0.0
2023-03-15 00:00:00-04:00,23.743928730018236,24.26855116568074,23.343217756211608,24.210594177246094,524486000,0.0,0.0
2023-03-16 00:00:00-04:00,24.009735804704793,25.56961306416992,23.8768300454124,25.522647857666016,583253000,0.0,0.0
2023-03-17 00:00:00-04:00,25.963337353062798,26.38003763694996,25.649561818202248,25.70652198791504,848547000,0.0,0.0
2023-03-20 00:00:00-04:00,25.596594552261188,26.005301068767896,25.111942430781735,25.881389617919922,432747000,0.0,0.0
2023-03-21 00:00:00-04:00,26.161194144043428,26.373041749069,25.362768311774655,26.180179595947266,547408000,0.0,0.0
2023-03-22 00:00:00-04:00,26.406013865923246,27.569179039359145,26.218149211334993,26.448984146118164,797295000,0.0,0.0
2023-03-23 00:00:00-04:00,27.09551740589253,27.479242276162655,26.67082353451249,27.171463012695312,564889000,0.0,0.0
2023-03-24 00:00:00-04:00,27.01158158648211,27.147483566492234,26.33606661722122,26.759761810302734,454920000,0.0,0.0
2023-03-27 00:00:00-04:00,26.817721854374156,26.980604872002896,26.346060787962443,26.51194190979004,361026000,0.0,0.0
2023-03-28 00:00:00-04:00,26.427999616163653,26.493952183116342,25.831428409730925,26.39102554321289,356104000,0.0,0.0
2023-03-29 00:00:00-04:00,26.805730597872664,27.058547204541636,26.577893744882736,26.964614868164062,393694000,0.0,0.0
2023-03-30 00:00:00-04:00,27.20944023000744,27.47924673384136,27.08253065189966,27.36332893371582,364516000,0.0,0.0
2023-03-31 00:00:00-04:00,27.120502322557275,27.814004004810442,27.085527618637744,27.75704574584961,433933000,0.0,0.0
2023-04-03 00:00:00-04:00,27.489238265766424,27.979884752901334,27.31636221380523,27.944910049438477,398716000,0.0,0.0
2023-04-04 00:00:00-04:00,27.945911026513762,27.979887000028764,27.287384003890978,27.433279037475586,368592000,0.0,0.0
2023-04-05 00:00:00-04:00,26.809725926097446,26.97860323194469,26.37603770604206,26.8616886138916,515015000,0.0,0.0
2023-04-06 00:00:00-04:00,26.564898773568984,27.060542682492247,26.408011991275014,27.017574310302734,397654000,0.0,0.0
2023-04-10 00:00:00-04:00,26.80372954888045,27.601156578457452,26.64984085776074,27.559186935424805,395279000,0.0,0.0
2023-04-11 00:00:00-04:00,27.70408238005896,27.770034946534413,27.10651053934527,27.14948081970215,314378000,0.0,0.0
2023-04-12 00:00:00-04:00,27.350340796607714,27.448269975656157,26.429002190594822,26.475969314575195,446259000,0.0,0.0
2023-04-13 00:00:00-04:00,26.714792100143995,26.86768205467949,26.310084293892768,26.443986892700195,353615000,0.0,0.0
2023-04-14 00:00:00-04:00,26.484956138943094,26.86368353133745,26.20115980129313,26.738773345947266,395660000,0.0,0.0
2023-04-17 00:00:00-04:00,26.545914854858225,26.986598002254567,26.414009721025014,26.982601165771484,321471000,0.0,0.0
2023-04-18 00:00:00-04:00,27.513220733188845,28.08980587035403,27.33734658015157,27.647123336791992,604812000,0.0,0.0
2023-04-19 00:00:00-04:00,27.34134236619058,27.97988321134387,27.212435336818444,27.910932540893555,358660000,0.0,0.0
2023-04-20 00:00:00-04:00,27.651120059660737,28.00986330483547,26.980602593808353,27.08452796936035,427713000,0.0,0.0
2023-04-21 00:00:00-04:00,26.93263607855508,27.163471016898853,26.70280177882077,27.099515914916992,345103000,0.0,0.0
2023-04-24 00:00:00-04:00,26.99359306959829,27.346338192113276,26.651837817979768,27.022571563720703,339282000,0.0,0.0
2023-04-25 00:00:00-04:00,27.058547526237795,27.227426749574136,26.206161547762456,26.222148895263672,378527000,0.0,0.0
2023-04-26 00:00:00-04:00,26.982602450410447,27.310365929367578,26.685814932166544,26.936634063720703,406337000,0.0,0.0
2023-04-27 00:00:00-04:00,27.343344501390266,27.475249647938753,26.605873778790013,27.20644187927246,377161000,0.0,0.0
2023-04-28 00:00:00-04:00,27.20544122898803,27.73805734723163,27.05155063154271,27.72906494140625,292216000,0.0,0.0
2023-05-01 00:00:00-04:00,27.819999727596734,29.037125120699496,27.76004336563465,28.889230728149414,570329000,0.0,0.0
2023-05-02 00:00:00-04:00,28.659395146014408,28.81528320497445,28.062823938951198,28.18973159790039,402730000,0.0,0.0
2023-05-03 00:00:00-04:00,27.82000100729318,28.346622858459636,27.452265333314337,27.782028198242188,383387000,0.0,0.0
2023-05-04 00:00:00-04:00,27.631133033960886,27.838983778018605,27.220429020911645,27.542198181152344,321850000,0.0,0.0
2023-05-05 00:00:00-04:00,27.80601053150733,28.73434210304905,27.711079463896407,28.65939712524414,361494000,0.0,0.0
2023-05-08 00:00:00-04:00,28.501508557701996,29.199007054146342,28.3296331477071,29.130056381225586,344979000,0.0,0.0
2023-05-09 00:00:00-04:00,28.87823955817829,28.95218580301935,28.429562707730817,28.550474166870117,314869000,0.0,0.0
2023-05-10 00:00:00-04:00,28.98416291165598,29.092087035721274,28.440554984400553,28.86425018310547,369350000,0.0,0.0
2023-05-11 00:00:00-04:00,28.875238824459824,28.929200880631168,28.2257062150905,28.557466506958008,322149000,0.0,0.0
2023-05-12 00:00:00-04:00,28.508502595009517,28.759323620464688,28.025849805834703,28.319639205932617,274222000,0.0,0.0
2023-05-15 00:00:00-04:00,28.48751571200059,28.948184914196773,28.131772513230608,28.93219566345215,293926000,0.0,0.0
2023-05-16 00:00:00-04:00,28.82028217315269,29.848544243985398,28.81128976648534,29.192014694213867,449405000,0.0,0.0
2023-05-17 00:00:00-04:00,29.562745550219454,30.177303485997825,29.408856859607813,30.15631866455078,432535000,0.0,0.0
2023-05-18 00:00:00-04:00,30.388154165864947,31.805134782979767,30.298218666834522,31.655242919921875,748725000,0.0,0.0
2023-05-19 00:00:00-04:00,31.51334294860052,31.55731196292301,30.893789441398656,31.241539001464844,473908000,0.0,0.0
2023-05-22 00:00:00-04:00,30.878798645513424,31.497355320509914,30.6579586551832,31.153602600097656,372000000,0.0,0.0
2023-05-23 00:00:00-04:00,30.977726881446422,31.265520063724964,30.608992521832057,30.665950775146484,356253000,0.0,0.0
2023-05-24 00:00:00-04:00,30.188294507687342,30.585010545939976,29.784585435105665,30.51605987548828,721419000,0.0,0.0
2023-05-25 00:00:00-04:00,38.49532603456111,39.45163931099555,36.60868178060233,37.95271682739258,1543911000,0.0,0.0
2023-05-26 00:00:00-04:00,37.8627772696222,39.14185643210818,37.523021390592284,38.91801834106445,714397000,0.0,0.0
2023-05-30 00:00:00-04:00,40.56583342459761,41.907866975291824,39.92029767166327,40.08218002319336,923401000,0.0,0.0
2023-05-31 00:00:00-04:00,39.459627039739445,40.26604642153366,37.7948236861599,37.80681610107422,1002580000,0.0,0.0
2023-06-01 00:00:00-04:00,38.461346644765726,40.02122599416547,38.312455429541636,39.74142837524414,635873000,0.0,0.0
2023-06-02 00:00:00-04:00,40.06819532279912,40.470905694517505,39.02994025365944,39.29874801635742,482731000,0.0,0.0
2023-06-05 00:00:00-04:00,38.88104760038669,39.536574551620944,38.679193055600464,39.142860412597656,396094000,0.0,0.0
2023-06-06 00:00:00-04:00,38.8021043858252,39.1318653148493,38.12059135018976,38.62622833251953,388729000,0.0,0.0
2023-06-07 00:00:00-04:00,38.89107082536401,39.47471133892789,37.33302758336034,37.45195388793945,511998000,0.004,0.0
2023-06-08 00:00:00-04:00,37.70080073139002,38.84009908086617,37.481937448389274,38.4863166809082,417772000,0.0,0.0
2023-06-09 00:00:00-04:00,39.01298885760703,39.68657409721963,38.5432805257342,38.74615478515625,427717000,0.0,0.0
2023-06-12 00:00:00-04:00,39.17588984967421,39.50568489273074,38.59424709094894,39.45771408081055,388701000,0.0,0.0
2023-06-13 00:00:00-04:00,40.16128833058989,41.07572656375004,39.7155634535016,40.99677276611328,613208000,0.0,0.0
2023-06-14 00:00:00-04:00,40.7988906205553,42.973550859582204,40.52705475486993,42.97055435180664,740465000,0.0,0.0
2023-06-15 00:00:00-04:00,42.57580269390377,43.26238049136282,42.121080670450745,42.62677001953125,568622000,0.0,0.0
2023-06-16 00:00:00-04:00,43.423274132181255,43.694107345246216,42.634757991858756,42.665740966796875,655709000,0.0,0.0
2023-06-20 00:00:00-04:00,42.97155606415184,43.96294653447216,42.647754022226124,43.78105545043945,451153000,0.0,0.0
2023-06-21 00:00:00-04:00,43.47424499683379,43.58817710973732,42.05412133448667,43.018524169921875,551603000,0.0,0.0
2023-06-22 00:00:00-04:00,42.227014364418665,43.39929334950014,42.20802885458694,42.99854278564453,417737000,0.0,0.0
2023-06-23 00:00:00-04:00,42.43788869619759,42.78267395605411,41.989163484276936,42.18304443359375,358140000,0.0,0.0
2023-06-26 00:00:00-04:00,42.434883556150716,42.73769860364241,40.07533559160771,40.60700988769531,594322000,0.0,0.0
2023-06-27 00:00:00-04:00,40.773909101453334,41.91420624707346,40.4231270343507,41.85024642944336,462175000,0.0,0.0
2023-06-28 00:00:00-04:00,40.634989509868575,41.81926197798382,40.49307856329963,41.09170913696289,582639000,0.0,0.0
2023-06-29 00:00:00-04:00,41.5324415126294,41.57441550067201,40.575030476017865,40.79689407348633,380514000,0.0,0.0
2023-06-30 00:00:00-04:00,41.65436660593907,42.52383047806392,41.47547583911563,42.27598190307617,501148000,0.0,0.0
2023-07-03 00:00:00-04:00,42.49084942883537,42.87161562417635,42.17604453301068,42.38691329956055,198209000,0.0,0.0
2023-07-05 00:00:00-04:00,42.109090182242966,43.150449290048336,42.05912168891684,42.29098129272461,323618000,0.0,0.0
2023-07-06 00:00:00-04:00,41.81826689432813,42.1530599478422,41.32057207606587,42.07710647583008,303582000,0.0,0.0
2023-07-07 00:00:00-04:00,42.29596400405086,43.187417390143196,42.15405306400432,42.47685241699219,355881000,0.0,0.0
2023-07-10 00:00:00-04:00,42.630764348967396,42.78466895683642,41.62338110912279,42.154056549072266,353908000,0.0,0.0
2023-07-11 00:00:00-04:00,42.45487498551348,42.73170506927932,42.041131926312005,42.37892150878906,298244000,0.0,0.0
2023-07-12 00:00:00-04:00,43.00653122808704,43.90797683237442,42.750688175915705,43.874996185302734,481277000,0.0,0.0
2023-07-13 00:00:00-04:00,44.490631650452336,46.12662243868686,44.464646659429576,45.948734283447266,478204000,0.0,0.0
2023-07-14 00:00:00-04:00,46.5543533849004,48.05842893379774,45.03229116224006,45.4410400390625,772075000,0.0,0.0
2023-07-17 00:00:00-04:00,46.2605351552228,46.4674047762211,45.23416630159501,46.43242645263672,510488000,0.0,0.0
2023-07-18 00:00:00-04:00,46.6722825276782,47.866547385437194,45.70587810713597,47.46479415893555,569164000,0.0,0.0
2023-07-19 00:00:00-04:00,47.434809134176305,47.788591506668375,46.713253060545895,47.04804611206055,427502000,0.0,0.0
2023-07-20 00:00:00-04:00,46.47839297675557,47.05803804198633,45.03428211792996,45.492000579833984,537865000,0.0,0.0
2023-07-21 00:00:00-04:00,45.759836344927365,45.83779129900454,44.07287482183486,44.28174591064453,963769000,0.0,0.0
2023-07-24 00:00:00-04:00,44.70348668350463,45.081256355723035,44.01291361233455,44.58456039428711,382516000,0.0,0.0
2023-07-25 00:00:00-04:00,44.91336431212949,46.15459728065594,44.89537382623507,45.650909423828125,348081000,0.0,0.0
2023-07-26 00:00:00-04:00,45.99269585769152,46.0246776713434,44.60255251597656,45.42404556274414,364237000,0.0,0.0
2023-07-27 00:00:00-04:00,46.49039155914302,47.36585226522474,45.72186349201864,45.87177276611328,455976000,0.0,0.0
2023-07-28 00:00:00-04:00,46.639298324953806,46.9980786979618,46.35247608116189,46.721248626708984,331194000,0.0,0.0
2023-07-31 00:00:00-04:00,46.72524249470283,47.101010662202654,46.47739394545159,46.70025634765625,251055000,0.0,0.0
2023-08-01 00:00:00-04:00,46.431421579880784,46.87115337617215,45.998689259747614,46.4783935546875,237858000,0.0,0.0
2023-08-02 00:00:00-04:00,45.802811205814955,45.811804541571604,43.36031423567036,44.24177169799805,530142000,0.0,0.0
2023-08-03 00:00:00-04:00,43.77306090168559,45.0902510844573,43.77306090168559,44.48762130737305,324176000,0.0,0.0
2023-08-04 00:00:00-04:00,44.95733961788518,45.61393331482915,44.365704580405584,44.65252685546875,362666000,0.0,0.0
2023-08-07 00:00:00-04:00,45.083260824874436,45.511997882155306,44.53559746044546,45.38907241821289,322154000,0.0,0.0
2023-08-08 00:00:00-04:00,44.82541476597463,45.21417545888019,44.028904059244816,44.636531829833984,353843000,0.0,0.0
2023-08-09 00:00:00-04:00,44.24676377736527,44.28474241515883,42.10808077610666,42.52782440185547,586449000,0.0,0.0
2023-08-10 00:00:00-04:00,42.13406663800541,43.54719833064275,41.80926578761038,42.3619270324707,492705000,0.0,0.0
2023-08-11 00:00:00-04:00,41.72532096506458,41.99215885411626,40.61400537621823,40.829872131347656,533085000,0.0,0.0
2023-08-14 00:00:00-04:00,40.46110044875355,43.77306145616608,40.28620883934567,43.72608947753906,690286000,0.0,0.0
2023-08-15 00:00:00-04:00,44.5325967531205,45.24016151262856,43.68311721989351,43.9129753112793,676512000,0.0,0.0
2023-08-16 00:00:00-04:00,44.49261577693997,44.647519214995704,43.379298782650274,43.459251403808594,527451000,0.0,0.0
2023-08-17 00:00:00-04:00,43.94295524890926,44.03489771419594,42.97454951240832,43.31734085083008,452395000,0.0,0.0
2023-08-18 00:00:00-04:00,42.6087763040824,43.551197119018596,41.634377488176604,43.272369384765625,583768000,0.0,0.0
2023-08-21 00:00:00-04:00,44.46663549789338,47.03605346889401,44.19480341942979,46.938114166259766,692573000,0.0,0.0
2023-08-22 00:00:00-04:00,48.10539340410523,48.15736337398348,45.305118604753304,45.63991165161133,755293000,0.0,0.0
2023-08-23 00:00:00-04:00,45.837789727874366,47.170968841058965,45.18019350707847,47.08702087402344,779046000,0.0,0.0
2023-08-24 00:00:00-04:00,50.18511493844055,50.2350834241531,47.12999589751468,47.13399124145508,1156044000,0.0,0.0
2023-08-25 00:00:00-04:00,46.983092382368596,47.77560401823742,44.99631206944003,45.98970413208008,925341000,0.0,0.0
2023-08-28 00:00:00-04:00,46.453410769401096,46.951105584017796,44.860393165521366,46.80619430541992,685192000,0.0,0.0
2023-08-29 00:00:00-04:00,46.637300361067204,49.05081602955915,46.362467963571824,48.753997802734375,701397000,0.0,0.0
2023-08-30 00:00:00-04:00,49.01383389104828,49.89629021673515,48.39521512946385,49.233699798583984,735206000,0.0,0.0
2023-08-31 00:00:00-04:00,49.34963596255174,49.7134105431144,48.92789457736262,49.324649810791016,528570000,0.0,0.0
2023-09-01 00:00:00-04:00,49.73139956293517,49.76937439515169,48.11239304785446,48.47916793823242,463830000,0.0,0.0
2023-09-05 00:00:00-04:00,48.193338027684014,48.82095391579452,47.83056234276708,48.51813888549805,382653000,0.0,0.0
2023-09-06 00:00:00-04:00,48.41519655177033,48.52313691375408,46.555187876917,47.03593063354492,468670000,0.004,0.0
2023-09-07 00:00:00-04:00,45.500751421884246,46.31931540374203,45.12794901221637,46.21636962890625,433330000,0.0,0.0
2023-09-08 00:00:00-04:00,45.917531350279944,46.58117533674091,45.24688731005027,45.547725677490234,473069000,0.0,0.0
2023-09-11 00:00:00-04:00,46.12341905078663,46.13841045132627,44.28839842155769,45.15393829345703,473966000,0.0,0.0
2023-09-12 00:00:00-04:00,44.714162584141015,45.648665789276876,44.50727214158174,44.846092224121094,349256000,0.0,0.0
2023-09-13 00:00:00-04:00,44.57624271955083,45.905536138090774,44.47929426365029,45.46077346801758,398355000,0.0,0.0
2023-09-14 00:00:00-04:00,45.925523652473494,45.962502692385634,45.10695968165419,45.55672073364258,370097000,0.0,0.0
2023-09-15 00:00:00-04:00,45.3168479365123,45.57470992882991,43.78466356990573,43.876617431640625,506831000,0.0,0.0
2023-09-18 00:00:00-04:00,42.725231437272484,44.21843514179673,41.97762876035005,43.94258117675781,500271000,0.0,0.0
2023-09-19 00:00:00-04:00,43.80965154141969,43.942580116428104,42.97909291136134,43.49681854248047,373064000,0.0,0.0
2023-09-20 00:00:00-04:00,43.57677443743624,43.8796144440897,42.20050901024611,42.21649932861328,367108000,0.0,0.0
2023-09-21 00:00:00-04:00,41.560848076493635,42.07757095204596,40.95816866628185,40.995147705078125,450736000,0.0,0.0
2023-09-22 00:00:00-04:00,41.549847824263814,42.0925615786782,41.209029915514954,41.58782958984375,479236000,0.0,0.0
2023-09-25 00:00:00-04:00,41.56884052142792,42.51333673410986,41.15505963056485,42.19950485229492,419091000,0.0,0.0
2023-09-26 00:00:00-04:00,41.9786279043167,42.797191913553974,41.632811527831635,41.888675689697266,402282000,0.0,0.0
2023-09-27 00:00:00-04:00,42.307454182067374,42.8491652954161,41.60682736570568,42.445377349853516,444935000,0.0,0.0
2023-09-28 00:00:00-04:00,42.437381113220574,43.42285594294353,42.09256748351192,43.06604766845703,424663000,0.0,0.0
2023-09-29 00:00:00-04:00,43.80365063543156,44.12048309433061,43.28392721022308,43.475826263427734,397830000,0.0,0.0
2023-10-02 00:00:00-04:00,44.0065422837391,45.150932755154926,43.83763359767802,44.75814437866211,433298000,0.0,0.0
2023-10-03 00:00:00-04:00,44.784129013876274,45.10595989104471,43.22296083149147,43.49381637573242,470850000,0.0,0.0
2023-10-04 00:00:00-04:00,43.718699467120906,44.11948683276417,43.26893841700572,44.017539978027344,361821000,0.0,0.0
2023-10-05 00:00:00-04:00,44.026535366332816,44.87608488910876,43.86462290853571,44.6641960144043,393483000,0.0,0.0
2023-10-06 00:00:00-04:00,44.169456948941246,45.764607350127264,44.00254610128737,45.73762130737305,434436000,0.0,0.0
2023-10-09 00:00:00-04:00,44.818112127505174,45.580706172342126,44.34436559905115,45.24888229370117,409675000,0.0,0.0
2023-10-10 00:00:00-04:00,45.28586255016455,46.23435447098409,45.06398069826679,45.77360153198242,368582000,0.0,0.0
2023-10-11 00:00:00-04:00,46.171398752414795,46.834047703312514,46.025476592153645,46.78107452392578,378137000,0.0,0.0
2023-10-12 00:00:00-04:00,46.75208457178931,47.58364213748823,46.30532407022369,46.91999435424805,481325000,0.0,0.0
2023-10-13 00:00:00-04:00,46.93498885447906,47.090907814678665,45.25588329365679,45.43678665161133,474115000,0.0,0.0
2023-10-16 00:00:00-04:00,45.03899427517592,46.20037401715969,44.88807373814119,46.0704460144043,375099000,0.0,0.0
2023-10-17 00:00:00-04:00,43.976559988324446,44.73015992833072,42.45736927666252,43.91459274291992,812333000,0.0,0.0
2023-10-18 00:00:00-04:00,42.56831300533291,43.195980659324874,41.802722183311644,42.17352294921875,627294000,0.0,0.0
2023-10-19 00:00:00-04:00,42.788196012329266,43.27393718803966,41.85969002338792,42.078575134277344,501233000,0.0,0.0
2023-10-20 00:00:00-04:00,41.86767860571314,42.447371386976904,41.056110999542646,41.36494827270508,477266000,0.0,0.0
2023-10-23 00:00:00-04:00,41.20704181448495,43.2249675157508,40.92319267438126,42.952110290527344,478530000,0.0,0.0
2023-10-24 00:00:00-04:00,43.054049838638136,43.67371845811692,42.66825771169956,43.63973617553711,401463000,0.0,0.0
2023-10-25 00:00:00-04:00,43.374881453196686,43.62674993181205,41.532864681698854,41.756744384765625,398379000,0.0,0.0
2023-10-26 00:00:00-04:00,41.830706689092274,42.23349189998,39.858758079391365,40.30451965332031,541001000,0.0,0.0
2023-10-27 00:00:00-04:00,41.1080895142693,41.184049239617856,39.99368184063308,40.478424072265625,416784000,0.0,0.0
2023-10-30 00:00:00-04:00,41.06511814770768,41.74375354185216,40.45943810774144,41.139076232910156,388028000,0.0,0.0
2023-10-31 00:00:00-04:00,40.42845186162983,40.85722417478949,39.20910057134468,40.75827407836914,517969000,0.0,0.0
2023-11-01 00:00:00-04:00,40.86222525978218,42.35842964883917,40.847233858365946,42.302459716796875,437593000,0.0,0.0
2023-11-02 00:00:00-04:00,43.30491964488263,43.86062323706015,42.87115271419189,43.482826232910156,409172000,0.0,0.0
2023-11-03 00:00:00-04:00,43.99654982171858,45.284860788211226,43.69970715705382,44.98102569580078,424610000,0.0,0.0
2023-11-06 00:00:00-05:00,45.26087599010576,45.91053125245122,44.875080030821906,45.726627349853516,400733000,0.0,0.0
2023-11-07 00:00:00-05:00,45.694648568134504,46.19337950149492,45.13394657321991,45.93052291870117,343165000,0.0,0.0
2023-11-08 00:00:00-05:00,46.07544019276808,46.84203370294661,45.943510541994904,46.549190521240234,346719000,0.0,0.0
2023-11-09 00:00:00-05:00,47.441714505916444,48.20430856187874,46.725097380403966,46.924991607666016,540496000,0.0,0.0
2023-11-10 00:00:00-05:00,47.474699366177006,48.44618175731755,47.257815895666226,48.30925369262695,421245000,0.0,0.0
2023-11-13 00:00:00-05:00,48.29426151299683,49.089838948362306,48.073378560060036,48.59410095214844,384136000,0.0,0.0
2023-11-14 00:00:00-05:00,49.65353259219839,49.80744987552175,49.01387417114993,49.62954330444336,416954000,0.0,0.0
2023-11-15 00:00:00-05:00,49.908404587648306,49.933388984346166,48.17432808740097,48.861961364746094,475497000,0.0,0.0
2023-11-16 00:00:00-05:00,48.653068013679516,49.4986179937958,48.30425491304157,49.45363998413086,339756000,0.0,0.0
2023-11-17 00:00:00-05:00,49.497621330678015,49.690519330165195,48.98089839763263,49.27174377441406,325205000,0.0,0.0
2023-11-20 00:00:00-05:00,49.285729234329025,50.52107081452241,49.15479850624835,50.382144927978516,414120000,0.0,0.0
2023-11-21 00:00:00-05:00,50.0992988063333,50.49008937309291,49.19578101155138,49.917396545410156,565747000,0.0,0.0
2023-11-22 00:00:00-05:00,49.825448551607316,50.30818918704393,47.66459753413297,48.6900520324707,899420000,0.0,0.0
2023-11-24 00:00:00-05:00,48.44417984650633,48.89493979924666,47.719563787416085,47.75054931640625,294645000,0.0,0.0
2023-11-27 00:00:00-05:00,47.77453886553829,48.50414957807058,47.626618886367,48.216304779052734,395662000,0.0,0.0
2023-11-28 00:00:00-05:00,48.21030443908597,48.297259893214324,47.44771040598486,47.79552459716797,401491000,0.0,0.0
2023-11-29 00:00:00-05:00,48.353231914775776,48.73602732533338,47.834507360313225,48.114356994628906,382005000,0.0,0.0
2023-11-30 00:00:00-05:00,47.99841648388341,48.084373021372656,46.39727247213995,46.745086669921875,526247000,0.0,0.0
2023-12-01 00:00:00-05:00,46.500223185776555,47.17486293094852,46.16240194766027,46.74009323120117,369317000,0.0,0.0
2023-12-04 00:00:00-05:00,46.05245523122368,46.05245523122368,44.986022261895734,45.485755920410156,437543000,0.0,0.0
2023-12-05 00:00:00-05:00,45.44577510763007,46.57926954537756,45.25086215389837,46.5452880859375,371718000,0.004,0.0
2023-12-06 00:00:00-05:00,47.194001789210745,47.36592617867729,45.391802250879735,45.48276138305664,380590000,0.0,0.0
2023-12-07 00:00:00-05:00,45.67967404093923,46.60826168882766,45.583716069310206,46.57527542114258,350823000,0.0,0.0
2023-12-08 00:00:00-05:00,46.574276804692715,47.719766997972506,46.529294836927505,47.48487091064453,359224000,0.0,0.0
2023-12-11 00:00:00-05:00,47.46987629673305,47.509855606149344,45.809615840333315,46.606258392333984,509728000,0.0,0.0
2023-12-12 00:00:00-05:00,46.02551974926929,47.64479809072532,46.02551974926929,47.63580322265625,372387000,0.0,0.0
2023-12-13 00:00:00-05:00,47.60781676779011,48.57238769905397,47.58682619986832,48.066612243652344,447792000,0.0,0.0
2023-12-14 00:00:00-05:00,48.36847815093142,48.648352402006644,47.400910159356584,48.328495025634766,391232000,0.0,0.0
2023-12-15 00:00:00-05:00,48.172566014594665,49.382026953281624,48.09859761434249,48.868255615234375,479948000,0.0,0.0
2023-12-18 00:00:00-05:00,49.37802487105305,50.41056245137458,49.128136088938405,50.05472183227539,412587000,0.0,0.0
2023-12-19 00:00:00-05:00,49.40201184194275,49.67789003009956,48.87324785664231,49.581932067871094,464444000,0.0,0.0
2023-12-20 00:00:00-05:00,49.63290759810128,49.97675632400401,48.07660109022791,48.089595794677734,397894000,0.0,0.0
2023-12-21 00:00:00-05:00,48.789290888381665,49.07316496870164,48.39746313558766,48.96821212768555,300425000,0.0,0.0
2023-12-22 00:00:00-05:00,49.173116447816035,49.361032545869435,48.4454396410346,48.80828094482422,252507000,0.0,0.0
2023-12-26 00:00:00-05:00,48.946213796388726,49.577932603982376,48.93821793497618,49.257076263427734,244200000,0.0,0.0
2023-12-27 00:00:00-05:00,49.48897566808163,49.6578992040216,49.063162681025496,49.395015716552734,233648000,0.0,0.0
2023-12-28 00:00:00-05:00,49.62092167584078,49.861811801128255,49.39002161209968,49.49997329711914,246587000,0.0,0.0
2023-12-29 00:00:00-05:00,49.79084423414316,49.97476431761222,48.72931630882886,49.49997329711914,389293000,0.0,0.0
2024-01-02 00:00:00-05:00,49.22209367645226,49.27306967783242,47.57382895982364,48.14657211303711,411254000,0.0,0.0
2024-01-03 00:00:00-05:00,47.46387785018922,48.16256441258292,47.29895033204464,47.5478401184082,320896000,0.0,0.0
2024-01-04 00:00:00-05:00,47.745750186964564,48.478425836176726,47.486866526095774,47.97665023803711,306535000,0.0,0.0
2024-01-05 00:00:00-05:00,48.4404413508827,49.52495772586613,48.28450871056519,49.075157165527344,415039000,0.0,0.0
2024-01-08 00:00:00-05:00,49.48997732560851,52.2517487880838,49.45699105890023,52.22975540161133,642510000,0.0,0.0
2024-01-09 00:00:00-05:00,52.377693807569635,54.300837828077086,51.66700770075754,53.116363525390625,773100000,0.0,0.0
2024-01-10 00:00:00-05:00,53.59215385916433,54.57571354280526,53.465207631237654,54.32582473754883,533796000,0.0,0.0
2024-01-11 00:00:00-05:00,54.974538278058645,55.32138406257686,53.53617913526717,54.79761505126953,596759000,0.0,0.0
2024-01-12 00:00:00-05:00,54.59570119993984,54.94554779007713,54.30583310445503,54.68566131591797,352994000,0.0,0.0
2024-01-16 00:00:00-05:00,54.99353042144443,56.80971977782299,54.8755828754699,56.3569221496582,449580000,0.0,0.0
2024-01-17 00:00:00-05:00,56.32194415697244,56.44588956664647,54.715660301489464,56.028076171875,474394000,0.0,0.0
2024-01-18 00:00:00-05:00,57.23453202066577,57.574380958680926,56.08204493775271,57.081600189208984,491650000,0.0,0.0
2024-01-19 00:00:00-05:00,57.96320397314021,59.47353344222575,57.19954387364636,59.46453857421875,543501000,0.0,0.0
2024-01-22 00:00:00-05:00,60.02228904980068,60.30416510647555,59.04372443283781,59.627464294433594,452955000,0.0,0.0
2024-01-23 00:00:00-05:00,59.54350406262355,59.883352989442805,58.558941562294194,59.846370697021484,294654000,0.0,0.0
2024-01-24 00:00:00-05:00,60.27718104817296,62.82104734598192,59.91134269560882,61.33470916748047,560271000,0.0,0.0
2024-01-25 00:00:00-05:00,62.32226382064944,62.69110297574928,60.82293105370839,61.58959197998047,482777000,0.0,0.0
2024-01-26 00:00:00-05:00,60.93288527775175,61.75552108430859,60.546060183592516,61.00385284423828,390309000,0.0,0.0
2024-01-29 00:00:00-05:00,61.2047644032602,62.461205299239374,60.87991200329709,62.437217712402344,348733000,0.0,0.0
2024-01-30 00:00:00-05:00,62.872021892210576,63.46475661496494,62.23230337871972,62.74607467651367,410735000,0.0,0.0
2024-01-31 00:00:00-05:00,61.412674495421115,62.241308194633596,60.67300572994642,61.499637603759766,453795000,0.0,0.0
2024-02-01 00:00:00-05:00,62.07237659144927,63.162894734552545,61.622579800424674,62.998966217041016,369146000,0.0,0.0
2024-02-02 00:00:00-05:00,63.945537360193555,66.57036851886501,63.66166331360379,66.13056945800781,476578000,0.0,0.0
2024-02-05 00:00:00-05:00,68.19465284227928,69.4660902448963,67.17510988104948,69.30116271972656,680078000,0.0,0.0
2024-02-06 00:00:00-05:00,69.59902939073692,69.72297479094898,66.27051620023909,68.19265747070312,683111000,0.0,0.0
2024-02-07 00:00:00-05:00,68.28861068517622,70.18876606123138,67.56992874048504,70.06781768798828,495575000,0.0,0.0
2024-02-08 00:00:00-05:00,70.04282956401794,70.76251053825308,69.42410921812488,69.61002349853516,414422000,0.0,0.0
2024-02-09 00:00:00-05:00,70.50164206038677,72.15290809957719,70.18078561335194,72.10093688964844,436637000,0.0,0.0
2024-02-12 00:00:00-05:00,72.5676992337477,74.57780613987647,71.2183013646698,72.21585845947266,613710000,0.0,0.0
2024-02-13 00:00:00-05:00,70.36870340581967,73.41734287476193,69.58905139491642,72.09593200683594,602580000,0.0,0.0
2024-02-14 00:00:00-05:00,73.169446485829,74.20298319220025,71.90600871778067,73.86713409423828,504917000,0.0,0.0
2024-02-15 00:00:00-05:00,73.83614652782032,73.94209455962387,72.367798166515,72.62567901611328,420122000,0.0,0.0
2024-02-16 00:00:00-05:00,74.0670418918372,74.36890952711573,72.46875403633456,72.58070373535156,495327000,0.0,0.0
2024-02-20 00:00:00-05:00,71.91500533729288,71.92400401954212,67.7038813287144,69.4211196899414,704833000,0.0,0.0
2024-02-21 00:00:00-05:00,67.97575281438615,68.85736435043377,66.21853903151819,67.4419937133789,690298000,0.0,0.0
2024-02-22 00:00:00-05:00,74.9916291688298,78.54004549472725,74.18698694105572,78.50306701660156,865100000,0.0,0.0
2024-02-23 00:00:00-05:00,80.75406627582844,82.35734911008414,77.53549728166801,78.78194427490234,829388000,0.0,0.0
2024-02-26 00:00:00-05:00,79.66455506990452,80.6101411640251,78.47008678079447,79.05683135986328,503973000,0.0,0.0
2024-02-27 00:00:00-05:00,79.34568290449742,79.44464551276913,77.12767591593222,78.66598510742188,391705000,0.0,0.0
2024-02-28 00:00:00-05:00,77.5854836001616,78.89789559562338,77.09070099106582,77.62846374511719,393110000,0.0,0.0
2024-02-29 00:00:00-05:00,79.05883063498396,79.95442830155997,78.31515817884329,79.07682037353516,507289000,0.0,0.0
2024-03-01 00:00:00-05:00,79.96441550736878,82.26339550360602,79.3996643825277,82.24240112304688,479135000,0.0,0.0
2024-03-04 00:00:00-05:00,84.09257914820665,87.65599600015865,83.6817664613462,85.19908905029297,615616000,0.0,0.0
2024-03-05 00:00:00-05:00,85.23607018990775,86.0627446282655,83.38381061731276,85.92979431152344,520639000,0.004,0.0
2024-03-06 00:00:00-05:00,87.98697936730527,89.68829799563825,86.99536968964857,88.66470336914062,582520000,0.0,0.0
2024-03-07 00:00:00-05:00,90.12212339156478,92.73008643335444,89.56634486722336,92.63212585449219,608119000,0.0,0.0
2024-03-08 00:00:00-05:00,95.10014421389317,97.36124518073565,86.47157518241058,87.49317169189453,1142269000,0.0,0.0
2024-03-11 00:00:00-04:00,86.39460628547256,88.76166015314031,84.13250636211416,85.7398681640625,678364000,0.0,0.0
2024-03-12 00:00:00-04:00,88.01397320906432,91.92341269864875,86.11572665391354,91.87643432617188,668075000,0.0,0.0
2024-03-13 00:00:00-04:00,91.0187705277177,91.4675893741384,88.39981025124858,90.85183715820312,635713000,0.0,0.0
2024-03-14 00:00:00-04:00,89.54136538752242,90.60994033134025,86.56554478011422,87.90901184082031,602318000,0.0,0.0
2024-03-15 00:00:00-04:00,86.895410942326,89.5103673539837,86.2226822059932,87.80204772949219,642086000,0.0,0.0
2024-03-18 00:00:00-04:00,90.35203699153264,92.36823276107319,87.05034978296683,88.41980743408203,668976000,0.0,0.0
2024-03-19 00:00:00-04:00,86.66549475083619,90.5079668032944,84.976172470966,89.3624267578125,672171000,0.0,0.0
2024-03-20 00:00:00-04:00,89.76126851749964,90.37403120538988,88.18789728423222,90.33604431152344,479063000,0.0,0.0
2024-03-21 00:00:00-04:00,92.26327425898415,92.61113535282396,90.36902406254626,91.39861297607422,480372000,0.0,0.0
2024-03-22 00:00:00-04:00,91.10473019409365,94.74028392361174,90.79785315480537,94.25148010253906,586719000,0.0,0.0
2024-03-25 00:00:00-04:00,93.90362043919335,96.72749325113482,93.47279218881877,94.96419525146484,552136000,0.0,0.0
2024-03-26 00:00:00-04:00,95.81286185029995,96.33665544167545,92.4651952874423,92.524169921875,513648000,0.0,0.0
2024-03-27 00:00:00-04:00,93.07494912764517,93.20289654761277,89.08753798498677,90.2140884399414,586067000,0.0,0.0
2024-03-28 00:00:00-04:00,89.96419193487675,91.26367775781303,89.15751380700202,90.32005310058594,435212000,0.0,0.0
2024-04-01 00:00:00-04:00,90.26307172974768,92.18830020895638,89.16850623304367,90.32704162597656,452441000,0.0,0.0
2024-04-02 00:00:00-04:00,88.41279885088287,90.05814752237067,87.58513306363145,89.4164047241211,433064000,0.0,0.0
2024-04-03 00:00:00-04:00,88.44879935629429,90.33804684293179,88.36483314028192,88.92860412597656,370067000,0.0,0.0
2024-04-04 00:00:00-04:00,90.3700196658157,90.59793338323315,85.8458198862947,85.87081146240234,434965000,0.0,0.0
2024-04-05 00:00:00-04:00,86.83143280467098,88.44579567730581,85.89181202232426,87.97298431396484,399678000,0.0,0.0
2024-04-08 00:00:00-04:00,88.66469774661466,88.79465089246293,86.69748624318682,87.09832763671875,283220000,0.0,0.0
2024-04-09 00:00:00-04:00,87.40719655433202,87.60012052713442,82.98895768982644,85.32002258300781,503547000,0.0,0.0
2024-04-10 00:00:00-04:00,83.89260387924026,87.36522041356919,83.67568736757892,87.00436401367188,431929000,0.0,0.0
2024-04-11 00:00:00-04:00,87.38521335302488,90.7028929518332,86.89141424964939,90.57994079589844,431637000,0.0,0.0
2024-04-12 00:00:00-04:00,89.66330791705667,90.13912407740513,87.49517220347197,88.15090942382812,426805000,0.0,0.0
2024-04-15 00:00:00-04:00,89.06253370435367,90.57693004152914,85.89479642060273,85.96676635742188,443077000,0.0,0.0
2024-04-16 00:00:00-04:00,86.39859944235405,88.08292639372628,86.02975063134997,87.38021087646484,370453000,0.0,0.0
2024-04-17 00:00:00-04:00,88.30484363707065,88.73967572558121,83.91659113831582,84.0015640258789,495400000,0.0,0.0
2024-04-18 00:00:00-04:00,84.93618318170097,86.15569884222671,82.36920445191043,84.63729858398438,447260000,0.0,0.0
2024-04-19 00:00:00-04:00,83.11692530020838,84.2904542682202,75.57592750797775,76.16968536376953,875198000,0.0,0.0
2024-04-22 00:00:00-04:00,78.07291978914027,80.041138120895,76.36960303384217,79.48635864257812,596341000,0.0,0.0
2024-04-23 00:00:00-04:00,80.73686408123375,82.73606840189474,80.23206773575617,82.39020538330078,438559000,0.0,0.0
2024-04-24 00:00:00-04:00,83.91658873008338,84.0485399828589,79.15148748403092,79.64529418945312,512208000,0.0,0.0
2024-04-25 00:00:00-04:00,78.83661866147602,83.28984807445538,78.19187862968657,82.59912872314453,424641000,0.0,0.0
2024-04-26 00:00:00-04:00,83.78466194089245,88.29586737015919,83.35383361643422,87.70010375976562,551011000,0.0,0.0
2024-04-29 00:00:00-04:00,87.56013832970822,87.95697586955025,85.23206289442511,87.72207641601562,388971000,0.0,0.0
2024-04-30 00:00:00-04:00,87.2052940888717,88.7836683474579,86.26567320360412,86.36763000488281,363709000,0.0,0.0
2024-05-01 00:00:00-04:00,85.04314260728708,85.96577177323404,81.22265755025684,83.00794982910156,559863000,0.0,0.0
2024-05-02 00:00:00-04:00,84.41539269757547,86.20268321187375,83.16688916320159,85.78285217285156,377898000,0.0,0.0
2024-05-03 00:00:00-04:00,87.75406766785412,89.24547072408387,87.00536516764065,88.75366973876953,398341000,0.0,0.0
2024-05-06 00:00:00-04:00,89.35441947310096,92.18329487804908,89.01955372837045,92.10332489013672,376203000,0.0,0.0
2024-05-07 00:00:00-04:00,91.06174947211589,91.7444763476329,88.97558195332661,90.5179672241211,437342000,0.0,0.0
2024-05-08 00:00:00-04:00,89.44739118815833,91.15770881690996,89.38441272091335,90.37602233886719,325721000,0.0,0.0
2024-05-09 00:00:00-04:00,90.49297372342349,91.03575690690285,88.19589167973308,88.71168518066406,378013000,0.0,0.0
2024-05-10 00:00:00-04:00,90.26907144547987,91.36463606067683,89.19149741137822,89.84223937988281,335325000,0.0,0.0
2024-05-13 00:00:00-04:00,90.44199279647063,90.96179014293932,88.49377086608031,90.36302947998047,289680000,0.0,0.0
2024-05-14 00:00:00-04:00,89.56335162049751,91.61453717454157,88.89861527885883,91.31965637207031,296507000,0.0,0.0
2024-05-15 00:00:00-04:00,92.4352002212208,94.82424849333687,91.56254653968536,94.59233856201172,417735000,0.0,0.0
2024-05-16 00:00:00-04:00,94.87223250076393,95.78086733108053,94.06554682786754,94.32144927978516,323952000,0.0,0.0
2024-05-17 00:00:00-04:00,94.33144692377931,94.70229384560606,91.76946339148994,92.44219207763672,359691000,0.0,0.0
2024-05-20 00:00:00-04:00,93.71269772995323,95.16211773763297,93.40282351656103,94.7422866821289,318764000,0.0,0.0
2024-05-21 00:00:00-04:00,93.56175387420163,95.36203971719499,93.14292188496431,95.3480453491211,328946000,0.0,0.0
2024-05-22 00:00:00-04:00,95.4210163390551,95.98179012668933,93.21189661689411,94.91221618652344,548648000,0.0,0.0
2024-05-23 00:00:00-04:00,101.98740658439803,106.2776987680094,101.47960546586019,103.75770568847656,835065000,0.0,0.0
2024-05-24 00:00:00-04:00,104.40743526760016,106.43263006008718,102.95901435352869,106.4266357421875,429494000,0.0,0.0
2024-05-28 00:00:00-04:00,110.20012495925096,114.89325599209802,109.83926858024597,113.85566711425781,652728000,0.0,0.0
2024-05-29 00:00:00-04:00,113.00501693328442,115.44603890128045,110.85687001297053,114.77930450439453,557442000,0.0,0.0
2024-05-30 00:00:00-04:00,114.60437411424489,115.7729076045519,109.61935928526937,110.45602416992188,487350000,0.0,0.0
2024-05-31 00:00:00-04:00,112.47522298026993,112.6721508136538,106.89744915530943,109.5893783569336,613263000,0.0,0.0
2024-06-03 00:00:00-04:00,113.57578228546267,114.95423126220703,111.95842238801947,114.95423126220703,438392000,0.0,0.0
2024-06-04 00:00:00-04:00,115.66995700688702,116.5536002983867,113.99961669436625,116.39066314697266,403324000,0.0,0.0
2024-06-05 00:00:00-04:00,118.32390001995762,122.40027260477018,117.42125946364868,122.39128112792969,528402000,0.0,0.0
2024-06-06 00:00:00-04:00,123.99864153970435,125.53703068197429,118.27292371185669,120.94985961914062,664696000,0.0,0.0
2024-06-07 00:00:00-04:00,119.72233818274681,121.64357808503144,117.9750402689876,120.83989715576172,412386000,0.0,0.0
2024-06-10 00:00:00-04:00,120.32210586929361,123.05101529403815,116.9634422493321,121.74153900146484,314162700,0.0,10.0
2024-06-11 00:00:00-04:00,121.7315476089346,122.83120638409855,118.70250555567614,120.871826171875,222551200,0.01,0.0
2024-06-12 00:00:00-04:00,123.02113780287401,126.83993122223963,122.53129467011104,125.16046142578125,299595000,0.0,0.0
2024-06-13 00:00:00-04:00,129.34914478228376,129.75901898663975,127.11985317098477,129.56907653808594,260704500,0.0,0.0
2024-06-14 00:00:00-04:00,129.91895668309868,132.79803661447383,128.27947531454848,131.83834838867188,309320400,0.0,0.0
2024-06-17 00:00:00-04:00,132.94801960039305,133.68777621457593,129.53909250074847,130.9386444091797,288504400,0.0,0.0
2024-06-18 00:00:00-04:00,131.0985853802292,136.28694881895896,130.64873054101508,135.5371856689453,294335100,0.0,0.0
2024-06-20 00:00:00-04:00,139.75584863250057,140.71553688397165,129.47909668701024,130.7386932373047,517768400,0.0,0.0
2024-06-21 00:00:00-04:00,127.07985099689417,130.58874447418714,124.2607420188684,126.53002166748047,655484700,0.0,0.0
2024-06-24 00:00:00-04:00,123.20106969779988,124.42068555327398,118.00271528727072,118.07269287109375,476060900,0.0,0.0
2024-06-25 00:00:00-04:00,121.16171601176531,126.46004506116948,119.28231255419921,126.0501708984375,425787500,0.0,0.0
2024-06-26 00:00:00-04:00,126.09015791520835,128.07952721955778,122.56127411901075,126.36007690429688,362975900,0.0,0.0
2024-06-27 00:00:00-04:00,124.0608096849582,126.37008541035671,122.88118200495357,123.95084381103516,252571700,0.0,0.0
2024-06-28 00:00:00-04:00,124.5406566516343,127.66966538119843,122.71123277650611,123.50098419189453,315516700,0.0,0.0
2024-07-01 00:00:00-04:00,123.43101009570317,124.80057257621507,118.79247599150393,124.26074981689453,284885500,0.0,0.0
2024-07-02 00:00:00-04:00,121.09174155643306,123.37102788557134,120.99177466417784,122.63125610351562,218374000,0.0,0.0
2024-07-03 00:00:00-04:00,121.62158223669927,128.23948669433594,121.32167392885506,128.23948669433594,215749000,0.0,0.0
2024-07-05 00:00:00-04:00,127.33977391790616,128.8093185769184,125.64031378509098,125.79026794433594,214176700,0.0,0.0
2024-07-08 00:00:00-04:00,127.44974049199097,130.72871117678525,126.99988563877386,128.15951538085938,237677300,0.0,0.0
2024-07-09 00:00:00-04:00,130.30884272059,133.77774814549483,128.60936736242857,131.33851623535156,285366600,0.0,0.0
2024-07-10 00:00:00-04:00,133.98767413246904,135.0573435645553,132.37818193596397,134.86740112304688,248978600,0.0,0.0
2024-07-11 00:00:00-04:00,135.70712534837557,136.10699291263924,127.00987616689795,127.3597640991211,374782700,0.0,0.0
2024-07-12 00:00:00-04:00,128.21948675833656,131.87833449876962,127.17982192837307,129.19918823242188,252680500,0.0,0.0
2024-07-15 00:00:00-04:00,130.5187702604364,131.34850999947517,127.13984031827107,128.39944458007812,208326200,0.0,0.0
2024-07-16 00:00:00-04:00,128.399443888776,128.9992452694743,124.54066218246471,126.32009887695312,214769500,0.0,0.0
2024-07-17 00:00:00-04:00,121.31167540248971,121.81151749943197,116.68314033051901,117.9527359008789,390086200,0.0,0.0
2024-07-18 00:00:00-04:00,121.81151227341788,122.36134160725938,116.52318219941294,121.05175018310547,320979500,0.0,0.0
2024-07-19 00:00:00-04:00,120.31199523005621,121.56160051418016,117.33294050381654,117.89276123046875,217223800,0.0,0.0
2024-07-22 00:00:00-04:00,120.31198922533628,124.03081558560177,119.82214611396347,123.50098419189453,258068900,0.0,0.0
2024-07-23 00:00:00-04:00,122.74121959113289,124.65061999218881,122.06143405921047,122.55127716064453,173911000,0.0,0.0
2024-07-24 00:00:00-04:00,119.13235710085017,119.91210950952006,113.404171251323,114.21391296386719,327776900,0.0,0.0
2024-07-25 00:00:00-04:00,113.00430713907932,116.59316989128614,106.2664375128811,112.24454498291016,460067000,0.0,0.0
2024-07-26 00:00:00-04:00,116.15330838570574,116.16329973616865,111.54476366325866,113.0242919921875,293399100,0.0,0.0
2024-07-29 00:00:00-04:00,113.6540913121793,116.24326955093025,111.26484684886643,111.55474853515625,248152100,0.0,0.0
2024-07-30 00:00:00-04:00,111.48477574142504,111.95462852357666,102.50761612898444,103.6972427368164,486833300,0.0,0.0
2024-07-31 00:00:00-04:00,112.86434589914217,118.30262267375933,110.84497957634794,116.98303985595703,473174200,0.0,0.0
2024-08-01 00:00:00-04:00,117.49288673851923,120.12206115379604,106.77627053548454,109.1755142211914,523462300,0.0,0.0
2024-08-02 00:00:00-04:00,103.72723603649806,108.6856688158307,101.33799137850681,107.23612213134766,482027500,0.0,0.0
2024-08-05 00:00:00-04:00,92.03092417423306,103.37734584261189,90.66136171396138,100.41827392578125,552842400,0.0,0.0
2024-08-06 00:00:00-04:00,103.80719737509351,107.67597774031395,100.51824326819028,104.21707153320312,409012100,0.0,0.0
2024-08-07 00:00:00-04:00,107.7759522927054,108.76564515252367,98.65883717427215,98.87876892089844,411440400,0.0,0.0
2024-08-08 00:00:00-04:00,101.96778821260376,105.4666829061735,97.48919964896103,104.93685150146484,391910000,0.0,0.0
2024-08-09 00:00:00-04:00,105.60663726461745,106.5663331721716,103.39733611905241,104.7169189453125,290844200,0.0,0.0
2024-08-12 00:00:00-04:00,106.28642096921708,111.03492079100891,106.22644235947173,108.98556518554688,325559900,0.0,0.0
2024-08-13 00:00:00-04:00,112.4044889345572,116.19329280080893,111.54475995028979,116.10331726074219,312646700,0.0,0.0
2024-08-14 00:00:00-04:00,118.49257183753042,118.56254942930454,114.0339810389578,118.04271697998047,339246400,0.0,0.0
2024-08-15 00:00:00-04:00,118.72249394572432,123.2010747479502,117.4329004535653,122.82119750976562,318086700,0.0,0.0
2024-08-16 00:00:00-04:00,121.90149141696253,124.96052256881184,121.14172930418835,124.54065704345703,302589900,0.0,0.0
2024-08-19 00:00:00-04:00,124.24074407997541,129.9589385986328,123.38101510677953,129.9589385986328,318333600,0.0,0.0
2024-08-20 00:00:00-04:00,128.3594467212338,129.83899033787588,125.85024484050366,127.2098159790039,300087400,0.0,0.0
2024-08-21 00:00:00-04:00,127.27979915287139,129.30916459896468,126.62001151002669,128.4594268798828,257883600,0.0,0.0
2024-08-22 00:00:00-04:00,129.97894325377314,130.70870844472378,123.06112283059149,123.70092010498047,376189100,0.0,0.0
2024-08-23 00:00:00-04:00,125.8202462463596,129.5590704147264,125.18044900805843,129.32913208007812,323230300,0.0,0.0
2024-08-26 00:00:00-04:00,129.52909302650434,131.21854656217536,124.33073045337004,126.4200668334961,331964700,0.0,0.0
2024-08-27 00:00:00-04:00,125.01051718872198,129.15920068067538,123.84088083210607,128.25949096679688,303134600,0.0,0.0
2024-08-28 00:00:00-04:00,128.07953728703234,128.28947768481862,122.60127203673997,125.5703353881836,448101100,0.0,0.0
2024-08-29 00:00:00-04:00,121.32167786502487,124.39070812333074,116.67314470453282,117.55286407470703,453023300,0.0,0.0
2024-08-30 00:00:00-04:00,119.49225141445028,121.71155156264531,117.18298334905096,119.33230590820312,333751600,0.0,0.0
2024-09-03 00:00:00-04:00,115.97336121173781,116.17329499238285,107.25611414068058,107.96588897705078,477155100,0.0,0.0
2024-09-04 00:00:00-04:00,105.37671746498519,113.23422843032066,104.08712390381962,106.17646026611328,372470300,0.0,0.0
2024-09-05 00:00:00-04:00,104.9568397355808,109.61537166703076,104.7269166457022,107.17613983154297,306850700,0.0,0.0
2024-09-06 00:00:00-04:00,108.00587703132368,108.11584289854254,100.91811240569285,102.79752349853516,413638100,0.0,0.0
2024-09-09 00:00:00-04:00,104.84687662773341,106.51635504584455,103.65725761066608,106.4363784790039,273912000,0.0,0.0
2024-09-10 00:00:00-04:00,107.77594760990868,109.36544940156337,104.91685028196345,108.06585693359375,268283700,0.0,0.0
2024-09-11 00:00:00-04:00,109.35545546786656,117.15299538134097,107.38607634761557,116.87308502197266,441422400,0.0,0.0
2024-09-12 00:00:00-04:00,116.81309067491064,120.76218565399151,115.35342779588602,119.11256408691406,367100500,0.01,0.0
2024-09-13 00:00:00-04:00,119.05257113465082,119.9323656761346,117.57290870417117,119.07256317138672,238358300,0.0,0.0
2024-09-16 00:00:00-04:00,116.76309736633479,118.15277655804964,114.33365683196332,116.75309753417969,248772300,0.0,0.0
2024-09-17 00:00:00-04:00,118.14278506866847,118.77264486908852,114.80355789094266,115.5633773803711,231925900,0.0,0.0
2024-09-18 00:00:00-04:00,115.86331127575549,117.67289201304244,113.19392797621738,113.3438949584961,310318900,0.0,0.0
2024-09-19 00:00:00-04:00,117.32296524929194,119.63243829505257,117.22298981122768,117.84284973144531,293506400,0.0,0.0
2024-09-20 00:00:00-04:00,117.03303527099015,118.59268114487098,115.36342175070251,115.97328186035156,382462400,0.0,0.0
2024-09-23 00:00:00-04:00,116.52316472695202,116.96305822001592,114.83355144756428,116.23323059082031,206228500,0.0,0.0
2024-09-24 00:00:00-04:00,116.4931589075561,121.77194918665968,115.35342209088209,120.8421630859375,354966800,0.0,0.0
2024-09-25 00:00:00-04:00,121.99189738474502,124.91123075234002,121.58199576757475,123.48155975341797,284692900,0.0,0.0
2024-09-26 00:00:00-04:00,126.77080301373226,127.64059778478497,121.77195443476235,124.01143646240234,302582900,0.0,0.0
2024-09-27 00:00:00-04:00,123.94145533963831,124.00143908292871,119.23254080039722,121.3720474243164,271009200,0.0,0.0
2024-09-30 00:00:00-04:00,118.28274908289889,121.47201682135709,118.12278989954673,121.41203308105469,226553700,0.0,0.0
2024-10-01 00:00:00-04:00,121.74195101301775,122.41180249801877,115.76333257670387,116.97305297851562,302094500,0.0,0.0
2024-10-02 00:00:00-04:00,116.41318325903728,119.3525009132392,115.11347963203208,118.82262420654297,221845900,0.0,0.0
2024-10-03 00:00:00-04:00,120.89215281287986,124.33136309340041,120.31228454416183,122.82170867919922,277118000,0.0,0.0
2024-10-04 00:00:00-04:00,124.91122738742537,125.01120283080023,121.80194304435166,124.89122772216797,243678100,0.0,0.0
2024-10-07 00:00:00-04:00,124.96122267835906,130.6099234614245,124.92123097183868,127.69059753417969,346250200,0.0,0.0
2024-10-08 00:00:00-04:00,130.22999115642648,133.4492507002601,129.39018829854146,132.85939025878906,285722500,0.0,0.0
2024-10-09 00:00:00-04:00,134.07911628828677,134.48902553025528,131.34974925411063,132.61944580078125,246191600,0.0,0.0
2024-10-10 00:00:00-04:00,131.8796349307713,134.96891988009384,130.9698407725355,134.77896118164062,242311300,0.0,0.0
2024-10-11 00:00:00-04:00,133.97914002159231,135.74873676795113,133.6292297588208,134.7689666748047,170209500,0.0,0.0
2024-10-14 00:00:00-04:00,136.43858548845338,139.5678698363904,136.26862645350758,138.03822326660156,232347700,0.0,0.0
2024-10-15 00:00:00-04:00,137.8382473516489,138.53809836462625,128.7103601195905,131.5697021484375,377831000,0.0,0.0
2024-10-16 00:00:00-04:00,133.94913130666296,136.58852253050404,131.5496902869071,135.68873596191406,264879700,0.0,0.0
2024-10-17 00:00:00-04:00,139.30791683746315,140.8575630403271,136.83848427190068,136.89846801757812,306435900,0.0,0.0
2024-10-18 00:00:00-04:00,138.63805979784692,138.86800255294065,137.24838055182667,137.9682159423828,176090200,0.0,0.0
2024-10-21 00:00:00-04:00,138.09819363983328,143.67691040039062,137.96821869705386,143.67691040039062,264554500,0.0,0.0
2024-10-22 00:00:00-04:00,142.8771096409394,144.3867565878425,141.74736485471627,143.55694580078125,226311600,0.0,0.0
2024-10-23 00:00:00-04:00,141.99729502838238,142.3971968224879,137.42835524686083,139.52786254882812,285930000,0.0,0.0
2024-10-24 00:00:00-04:00,140.78757953525755,141.31745626734755,138.4281223817854,140.37767028808594,172354900,0.0,0.0
2024-10-25 00:00:00-04:00,140.89754036873228,144.096815700832,140.76758067774944,141.5074005126953,205122100,0.0,0.0
2024-10-28 00:00:00-04:00,142.96706492770915,143.10703207337144,140.0177474085771,140.48764038085938,173586700,0.0,0.0
2024-10-29 00:00:00-04:00,140.25768265006158,142.22723015349655,138.86800339560858,141.21746826171875,157593600,0.0,0.0
2024-10-30 00:00:00-04:00,139.50785799453917,140.29768460484607,136.778490969974,139.3079071044922,179418100,0.0,0.0
2024-10-31 00:00:00-04:00,137.5683285053032,137.57832071125284,132.07958689426476,132.72943115234375,270039600,0.0,0.0
2024-11-01 00:00:00-04:00,134.66898440540822,137.27838410441936,134.5390247094388,135.3688201904297,207127800,0.0,0.0
2024-11-04 00:00:00-05:00,137.17841332242185,138.9280103748792,135.53879155204424,136.0186767578125,187528200,0.0,0.0
2024-11-05 00:00:00-05:00,137.41833701827767,140.33766260126754,137.29836954050154,139.87777709960938,160537400,0.0,0.0
2024-11-06 00:00:00-05:00,142.92706329600915,146.4562486294515,141.92729373400795,145.57644653320312,242043900,0.0,0.0
2024-11-07 00:00:00-05:00,146.35630133300918,148.8957099286715,146.1363507552026,148.84573364257812,207323300,0.0,0.0
2024-11-08 00:00:00-05:00,148.73572979209249,149.73549940640058,146.226298296804,147.5959930419922,175665800,0.0,0.0
2024-11-11 00:00:00-05:00,148.64575792845778,148.81573220925225,143.5369491915439,145.22654724121094,182325600,0.0,0.0
2024-11-12 00:00:00-05:00,146.74618223717314,149.61551613817602,145.97635536546252,148.25582885742188,198634700,0.0,0.0
2024-11-13 00:00:00-05:00,149.03567097343083,149.29560559389023,145.8663877173454,146.23631286621094,191903300,0.0,0.0
2024-11-14 00:00:00-05:00,147.60599851040197,148.9656859182561,145.51648348999578,146.7261962890625,194463300,0.0,0.0
2024-11-15 00:00:00-05:00,144.83662993296312,145.20655509140138,140.04773983599173,141.94729614257812,250132900,0.0,0.0
2024-11-18 00:00:00-05:00,139.46786214720512,141.51739292157006,137.11839743544738,140.11770629882812,221866000,0.0,0.0
2024-11-19 00:00:00-05:00,141.28745858569204,147.0961179891657,140.9575327604593,146.97613525390625,227834900,0.0,0.0
2024-11-20 00:00:00-05:00,147.37605373716247,147.52601308862683,142.69712365290204,145.8563995361328,309871700,0.0,0.0
2024-11-21 00:00:00-05:00,149.3156213875326,152.85479966423284,140.6676037159947,146.63623046875,400946600,0.0,0.0
2024-11-22 00:00:00-05:00,145.89639194607773,147.12611971943554,141.0675174897679,141.9173126220703,236406200,0.0,0.0
2024-11-25 00:00:00-05:00,141.95730426900835,142.01728800977313,135.78872709087477,135.98867797851562,344941900,0.0,0.0
2024-11-26 00:00:00-05:00,137.66829270199315,139.2679304177918,135.6387613125482,136.8884735107422,190287700,0.0,0.0
2024-11-27 00:00:00-05:00,134.97889681216265,137.1883944813901,131.7696447344509,135.30882263183594,226370900,0.0,0.0
2024-11-29 00:00:00-05:00,136.74850738939793,139.3179230108574,136.018679731608,138.21817016601562,141863200,0.0,0.0
2024-12-02 00:00:00-05:00,138.79803439240126,140.41765648435037,137.7882724501192,138.59808349609375,171682800,0.0,0.0
2024-12-03 00:00:00-05:00,138.22816730557096,140.50764123326277,137.91824110785586,140.2277069091797,164414000,0.0,0.0
2024-12-04 00:00:00-05:00,141.9673061992379,145.75642688476938,140.25769319395386,145.10658264160156,231224300,0.0,0.0
2024-12-05 00:00:00-05:00,145.08658555940238,146.51634749056768,143.9267690762933,145.03659057617188,172621200,0.01,0.0
2024-12-06 00:00:00-05:00,144.57667789545363,145.67649127950102,141.28720012508654,142.41702270507812,188505600,0.0,0.0
2024-12-09 00:00:00-05:00,138.9475602220375,139.92739769900004,137.10786100838232,138.78758239746094,189308600,0.0,0.0
2024-12-10 00:00:00-05:00,138.9875536517665,141.79711283924593,133.76839511357173,135.04820251464844,210020900,0.0,0.0
2024-12-11 00:00:00-05:00,137.3378239802647,140.14736786765778,135.1881771980721,139.28750610351562,184905200,0.0,0.0
2024-12-12 00:00:00-05:00,137.05787278188586,138.41765384511186,135.77808063488797,137.3178253173828,159211400,0.0,0.0
2024-12-13 00:00:00-05:00,138.91757801094644,139.5774751507731,132.51860179476702,134.22833251953125,231514900,0.0,0.0
2024-12-16 00:00:00-05:00,134.1583241029487,134.3782897959075,130.39893679330513,131.9786834716797,237951100,0.0,0.0
2024-12-17 00:00:00-05:00,129.06916425760008,131.56876081657285,126.83952839876781,130.36895751953125,259410300,0.0,0.0
2024-12-18 00:00:00-05:00,133.83838842708505,136.6779262372523,128.25928750759206,128.88919067382812,277444500,0.0,0.0
2024-12-19 00:00:00-05:00,131.73871719708123,134.00835489709178,129.52908262326224,130.6588897705078,209719200,0.0,0.0
2024-12-20 00:00:00-05:00,129.78904314606552,135.2581613788304,128.19930347129645,134.67825317382812,306528600,0.0,0.0
2024-12-23 00:00:00-05:00,136.25799367167244,139.7674214203078,135.098177315152,139.64744567871094,176053500,0.0,0.0
2024-12-24 00:00:00-05:00,139.97740671974344,141.8770939941236,138.6276184809867,140.19737243652344,105157000,0.0,0.0
2024-12-26 00:00:00-05:00,139.67745105895742,140.8272746166671,137.70776777261636,139.90740966796875,116205600,0.0,0.0
2024-12-27 00:00:00-05:00,138.52762911725588,138.99755443917667,134.6882528863639,136.9878692626953,170582600,0.0,0.0
2024-12-30 00:00:00-05:00,134.80822982362736,140.24735382720857,133.9983630613892,137.46780395507812,167734700,0.0,0.0
2024-12-31 00:00:00-05:00,138.0077278547889,138.0477299443946,133.80840856948805,134.26832580566406,155659200,0.0,0.0
2025-01-02 00:00:00-05:00,135.97804923146714,138.85758927368732,134.608275235204,138.2876739501953,198247200,0.0,0.0
2025-01-03 00:00:00-05:00,139.9873988596089,144.87660907201655,139.70744526818353,144.44668579101562,229322500,0.0,0.0
2025-01-06 00:00:00-05:00,148.5660078023331,152.13543878056797,147.79614309655065,149.40586853027344,265377400,0.0,0.0
2025-01-07 00:00:00-05:00,153.00528861210353,153.1052785673635,139.9873867148958,140.11737060546875,351782200,0.0,0.0
2025-01-08 00:00:00-05:00,142.55698965149892,143.92676365371082,137.53779559953318,140.08738708496094,227349900,0.0,0.0
2025-01-10 00:00:00-05:00,137.42782161536184,139.89742434133598,134.1983469953677,135.88807678222656,207602500,0.0,0.0
2025-01-13 00:00:00-05:00,129.96902870412282,133.46846390099535,129.4890951782822,133.20849609375,204808900,0.0,0.0
2025-01-14 00:00:00-05:00,136.02803973976037,136.357988296776,130.02900835327767,131.7387237548828,195590500,0.0,0.0
2025-01-15 00:00:00-05:00,133.6284239860889,136.42797514246556,131.26880425867054,136.218017578125,185217300,0.0,0.0
2025-01-16 00:00:00-05:00,138.61762033023757,138.72760318445665,133.46845773799356,133.54844665527344,209235600,0.0,0.0
2025-01-17 00:00:00-05:00,136.6679350563591,138.47764040694682,135.43813790068955,137.68777465820312,201188800,0.0,0.0
2025-01-21 00:00:00-05:00,139.1375376709131,141.80710479535009,137.06786452867982,140.80726623535156,197749000,0.0,0.0
2025-01-22 00:00:00-05:00,144.63666506104835,147.76614971080585,143.64681928959496,147.04627990722656,237651400,0.0,0.0
2025-01-23 00:00:00-05:00,145.02659530516527,147.20623618008437,143.6968081059284,147.1962432861328,155915500,0.0,0.0
2025-01-24 00:00:00-05:00,148.34604128656673,148.9459505211395,141.8570988390214,142.5969696044922,234657600,0.0,0.0
2025-01-27 00:00:00-05:00,124.77986175863892,128.37927160601726,116.68116290346629,118.40088653564453,818830900,0.0,0.0
2025-01-28 00:00:00-05:00,121.79034308969104,128.97918539907013,116.23124265613879,128.9691925048828,579666400,0.0,0.0
2025-01-29 00:00:00-05:00,126.47958193260648,126.86951837337095,120.03062606319732,123.6800308227539,467120600,0.0,0.0
2025-01-30 00:00:00-05:00,123.08012239923644,124.97981714548027,118.08092971341723,124.62987518310547,392925500,0.0,0.0
2025-01-31 00:00:00-05:00,123.7600213429819,127.82936416140842,119.17076580619347,120.05062103271484,390372900,0.0,0.0
2025-02-03 00:00:00-05:00,114.73147893578255,118.55086206886682,112.99176191394916,116.64117431640625,371235700,0.0,0.0
2025-02-04 00:00:00-05:00,116.94112206589325,121.18043560579926,116.6811618932845,118.63085174560547,256550000,0.0,0.0
2025-02-05 00:00:00-05:00,121.74034844426231,124.97982332906605,120.74050985762979,124.80985260009766,262230800,0.0,0.0
2025-02-06 00:00:00-05:00,127.39941919373811,128.74920726442895,125.18977703531333,128.65921020507812,251483600,0.0,0.0
2025-02-07 00:00:00-05:00,129.19913575663247,130.34894396083934,124.97981594966575,129.81903076171875,228186300,0.0,0.0
2025-02-10 00:00:00-05:00,130.0689974070653,134.97820850379568,129.93902876577076,133.54844665527344,216989100,0.0,0.0
2025-02-11 00:00:00-05:00,132.5586139818797,134.45830137072844,130.99886808260132,132.77857971191406,178902400,0.0,0.0
2025-02-12 00:00:00-05:00,129.9990210816885,132.21866402899062,129.0591703419428,131.11883544921875,160278600,0.0,0.0
2025-02-13 00:00:00-05:00,131.5387642395835,136.477969382041,131.1488277944593,135.26815795898438,197430000,0.0,0.0
2025-02-14 00:00:00-05:00,136.45796316750187,139.22752026611062,135.4781256449407,138.8275909423828,195479600,0.0,0.0
2025-02-18 00:00:00-05:00,141.2472111010542,143.41685915221993,137.90773839766058,139.37750244140625,219176600,0.0,0.0
2025-02-19 00:00:00-05:00,139.48747310974449,141.33718056281413,137.1978495021305,139.20751953125,167536000,0.0,0.0
2025-02-20 00:00:00-05:00,140.0073981660712,140.637301367124,136.7679156045049,140.08738708496094,143903600,0.0,0.0
2025-02-21 00:00:00-05:00,140.0173897923713,141.4371740194045,134.00836534323213,134.40829467773438,228217600,0.0,0.0
2025-02-24 00:00:00-05:00,136.53795738344377,138.56762852998253,130.0590074983429,130.25897216796875,251381100,0.0,0.0
2025-02-25 00:00:00-05:00,129.9590158616247,130.17898157227808,124.41991677706234,126.60955810546875,271428700,0.0,0.0
2025-02-26 00:00:00-05:00,129.96903440656757,133.70842127410083,128.4692763992483,131.25881958007812,322553800,0.0,0.0
2025-02-27 00:00:00-05:00,134.97820907791893,134.98820197149917,119.99063081322677,120.13060760498047,443175800,0.0,0.0
2025-02-28 00:00:00-05:00,118.00094594624423,125.06980440717122,116.38121232741895,124.89983367919922,389091100,0.0,0.0
2025-03-03 00:00:00-05:00,123.49006713958599,123.68003128569312,112.26187634904674,114.04158782958984,411381400,0.0,0.0
2025-03-04 00:00:00-05:00,110.63214094760745,119.29073912641502,110.09222719636827,115.97127532958984,398163300,0.0,0.0
2025-03-05 00:00:00-05:00,117.56102047262804,118.26090441787001,114.49151637878758,117.28106689453125,284337900,0.0,0.0
2025-03-06 00:00:00-05:00,113.51167590423404,115.33138186500223,110.20221255397621,110.55215454101562,321181900,0.0,0.0
2025-03-07 00:00:00-05:00,111.232043943795,113.46168737204893,107.54263707893918,112.67181396484375,341755500,0.0,0.0
2025-03-10 00:00:00-04:00,109.88225711490554,111.83193921740828,105.44297155454524,106.96273040771484,366487400,0.0,0.0
2025-03-11 00:00:00-04:00,106.97272832797886,112.2218809117277,104.75308544348755,108.74244689941406,354865700,0.0,0.0
2025-03-12 00:00:00-04:00,114.1120814413496,116.75189758318456,112.87216201952944,115.73196411132812,323857500,0.01,0.0
2025-03-13 00:00:00-04:00,117.02187196535417,117.75182462929007,113.7820990939805,115.57197570800781,299033100,0.0,0.0
2025-03-14 00:00:00-04:00,118.6017672807591,121.87153693655638,118.1418001271865,121.66155242919922,277593500,0.0,0.0
2025-03-17 00:00:00-04:00,122.73147416358299,122.88146527258023,118.02180216580395,119.52169799804688,255501500,0.0,0.0
2025-03-18 00:00:00-04:00,117.99180297800854,119.01172876569431,114.53204424682897,115.42198181152344,299686900,0.0,0.0
2025-03-19 00:00:00-04:00,117.26185055700965,120.44162996547794,115.67196466720779,117.51183319091797,273426200,0.0,0.0
2025-03-20 00:00:00-04:00,116.54190844924116,120.19164884723557,116.46191217445423,118.52176666259766,248829700,0.0,0.0
2025-03-21 00:00:00-04:00,116.93188412092742,117.98180664950618,115.41198537165405,117.69182586669922,266498500,0.0,0.0
2025-03-24 00:00:00-04:00,119.87167301321132,122.21151449504808,119.33170959432591,121.40157318115234,228452500,0.0,0.0
2025-03-25 00:00:00-04:00,120.5416356938994,121.28158219452679,118.9117439494844,120.68162536621094,167447200,0.0,0.0
2025-03-26 00:00:00-04:00,118.72176195088541,118.83174729689935,112.70217554499752,113.75210571289062,293463300,0.0,0.0
2025-03-27 00:00:00-04:00,111.34226782232153,114.4420510740887,110.6523209143036,111.4222640991211,236902100,0.0,0.0
2025-03-28 00:00:00-04:00,111.48225736963437,112.86216644188174,109.06242721559616,109.66238403320312,229872500,0.0,0.0
2025-03-31 00:00:00-04:00,105.12270025073305,110.95229742526604,103.642807248706,108.37247467041016,299212700,0.0,0.0
2025-04-01 00:00:00-04:00,108.51245759918966,110.19234119227177,106.46260459302538,110.14234924316406,222614000,0.0,0.0
2025-04-02 00:00:00-04:00,107.28255072037597,111.97222748899677,106.78258544027105,110.4123306274414,220601200,0.0,0.0
2025-04-03 00:00:00-04:00,103.50281088710224,105.62265871984647,101.59293992049946,101.79293060302734,338769400,0.0,0.0
2025-04-04 00:00:00-04:00,98.90313835695446,100.12304726897904,92.10360729078229,94.30345153808594,532273800,0.0,0.0
2025-04-07 00:00:00-04:00,87.45392370324234,101.7429319683666,86.61398571543218,97.63321685791016,611041300,0.0,0.0
2025-04-08 00:00:00-04:00,103.80279300527448,105.84265234199715,94.45344343361101,96.29331970214844,476243400,0.0,0.0
2025-04-09 00:00:00-04:00,98.88312976565122,115.0920027848049,97.52322363090776,114.32205963134766,612918300,0.0,0.0
2025-04-10 00:00:00-04:00,109.36240858521514,110.85230299023063,99.14311699545735,107.56253051757812,437812400,0.0,0.0
2025-04-11 00:00:00-04:00,108.49246311009279,111.54225429514813,107.47253732050476,110.92229461669922,313417300,0.0,0.0
2025-04-14 00:00:00-04:00,114.10207400079875,114.282061802319,109.06242318709587,110.70230865478516,264705000,0.0,0.0
2025-04-15 00:00:00-04:00,110.96229700273265,113.61211454925541,110.49232841239639,112.19220733642578,228966900,0.0,0.0
2025-04-16 00:00:00-04:00,104.54274333093115,106.78258565420647,100.44302192276541,104.48274230957031,397016900,0.0,0.0
2025-04-17 00:00:00-04:00,104.44274178425454,104.46274466720584,100.04305351417702,101.48294830322266,290833400,0.0,0.0
2025-04-21 00:00:00-04:00,98.76313836502491,99.43309764026857,95.03340163666236,96.90327453613281,288501100,0.0,0.0
2025-04-22 00:00:00-04:00,98.77313996214224,99.80306722318255,97.2732441150665,98.88313293457031,241004800,0.0,0.0
2025-04-23 00:00:00-04:00,104.51273745001276,104.79272441151089,102.01291108169299,102.70286560058594,247526000,0.0,0.0
2025-04-24 00:00:00-04:00,103.47281538750215,106.53260039132012,103.10283834219908,106.422607421875,220815000,0.0,0.0
2025-04-25 00:00:00-04:00,106.84258154964476,111.9122293136747,105.72266417620379,111.0022964477539,251064700,0.0,0.0
2025-04-28 00:00:00-04:00,109.68238265297498,110.36233572086073,106.01263179735646,108.72245025634766,207708500,0.0,0.0
2025-04-29 00:00:00-04:00,107.66252352883211,110.19234667117642,107.43254376799985,109.0124282836914,170444300,0.0,0.0
2025-04-30 00:00:00-04:00,104.46274938923446,108.91243743896484,104.07277707156662,108.91243743896484,235044600,0.0,0.0
2025-05-01 00:00:00-04:00,113.07214827264656,114.93201970345093,111.29227311666197,111.60224914550781,236121500,0.0,0.0
2025-05-02 00:00:00-04:00,114.17207269391602,115.39198920893173,113.36213137411846,114.49205017089844,190194800,0.0,0.0
2025-05-05 00:00:00-04:00,112.90216280263321,114.6620350893898,112.65218016349414,113.81209564208984,133163200,0.0,0.0
2025-05-06 00:00:00-04:00,111.47226518321953,114.73203340369881,110.81230733401684,113.53211975097656,158525600,0.0,0.0
2025-05-07 00:00:00-04:00,113.04215608614977,117.67183196470502,112.27220526080853,117.05187225341797,206758800,0.0,0.0
2025-05-08 00:00:00-04:00,118.24179071447391,118.67176116768113,115.84195580422112,117.36185455322266,198428100,0.0,0.0
2025-05-09 00:00:00-04:00,117.34184743589364,118.2217911942619,115.20199668891294,116.64189910888672,132972200,0.0,0.0
2025-05-12 00:00:00-04:00,121.96153541928634,122.99146270751953,120.27165027906005,122.99146270751953,225023300,0.0,0.0
2025-05-13 00:00:00-04:00,124.97132897244262,131.21089374180312,124.46136223351174,129.9209747314453,330430100,0.0,0.0
2025-05-14 00:00:00-04:00,133.19074615794872,135.43059608188196,131.67084745036084,135.33059692382812,281180800,0.0,0.0
2025-05-15 00:00:00-04:00,134.2806619130786,136.29053200968949,132.65078555171073,134.8206329345703,226632600,0.0,0.0
2025-05-16 00:00:00-04:00,136.21054488205627,136.34054073998118,133.45074197294815,135.39059448242188,226542500,0.0,0.0
2025-05-19 00:00:00-04:00,132.38080555276906,135.86055961165334,132.38080555276906,135.5605926513672,193154600,0.0,0.0
2025-05-20 00:00:00-04:00,134.28066116234166,134.5706495538956,132.610779045451,134.37066650390625,161514200,0.0,0.0
2025-05-21 00:00:00-04:00,133.0507547616815,137.39044962876582,130.58092511560693,131.7908477783203,270608700,0.0,0.0
2025-05-22 00:00:00-04:00,132.22082104991222,134.2406851659139,131.54087555490528,132.82078552246094,187344000,0.0,0.0
2025-05-23 00:00:00-04:00,129.99098000853303,132.67078673422913,129.15104195341007,131.2808837890625,198821300,0.0,0.0
2025-05-27 00:00:00-04:00,134.14067302338051,135.65057787204648,133.300735049259,135.49058532714844,192953600,0.0,0.0
2025-05-28 00:00:00-04:00,136.0205604932104,137.24047706552236,134.7806410364111,134.80064392089844,304021100,0.0,0.0
2025-05-29 00:00:00-04:00,142.24012884407688,143.48004828952517,137.90043367160317,139.1803436279297,369241900,0.0,0.0
2025-05-30 00:00:00-04:00,138.7103677567503,139.61029915281162,132.91076748843994,135.12062072753906,333170900,0.0,0.0
2025-06-02 00:00:00-04:00,135.48059995132564,138.11040700485356,135.39059460313518,137.37046813964844,197663100,0.0,0.0
2025-06-03 00:00:00-04:00,138.77035689954903,141.9901344074345,137.94041273370485,141.21018981933594,225578800,0.0,0.0
2025-06-04 00:00:00-04:00,142.18012651028872,142.38010956756776,139.53030141372145,141.91014099121094,167120800,0.0,0.0
2025-06-05 00:00:00-04:00,142.16012695808664,143.99000172763624,138.82036252431462,139.98028564453125,231397900,0.0,0.0
2025-06-06 00:00:00-04:00,142.50009772583994,143.26005471165655,141.50016717206393,141.7101593017578,153986200,0.0,0.0
2025-06-09 00:00:00-04:00,143.18006060607402,144.98993249459744,141.9301473949137,142.62010192871094,185114500,0.0,0.0
2025-06-10 00:00:00-04:00,142.68009610535242,144.279975869788,141.52017297716907,143.95001220703125,155881900,0.0,0.0
2025-06-11 00:00:00-04:00,144.61000061035156,144.99000549316406,141.8699951171875,142.8300018310547,167694000,0.01,0.0
2025-06-12 00:00:00-04:00,141.97000122070312,145.0,141.85000610351562,145.0,162365000,0.0,0.0
2025-06-13 00:00:00-04:00,142.47999572753906,143.5800018310547,140.85000610351562,141.97000122070312,180820600,0.0,0.0
2025-06-16 00:00:00-04:00,143.35000610351562,146.17999267578125,143.1999969482422,144.69000244140625,182052400,0.0,0.0
